Workbook

Sheet 白紙(4m)
B1: 工事名： | C1: ='白紙(5m)'!C1 -> 東白川特2高層配水池揚水管取替工事 | S1: 管 | X1: 口 | AC1: =IF(Y2<=100,4,0) -> 4
U2: NS | Y2: 75 | AC2: =IF(AC1=4,0,IF(Y2<=250,5,0)) -> 0
S3: 種 | W3: 形 | X3: 径 | AA3: ㎜ | AC3: =IF(Y2>250,6,0) -> 0
B5: 管切断工・挿し口加工数量計算書
B7: 管番号 | C7: 形 状 | R7: 残延長 | U7: 切断 | W7: 挿 し 口 加 工
U8: ＧＸ形 | V8: ＫＴ形 | W8: ＧＸ形 | X8: ＮＳ形 | Y8: ＫＦ形 | Z8: ＮＳ(溝) | AA8: ＳⅡ(溝)
B10: =IF(S10="","",1) -> 1 | E10: =IF(F10="","",IF(F10=0,"","L=")) -> L= | F10: 1 | H10: =IF(F10="","",IF(F10=0,"","m")) -> m | K10: =IF(L10="","",IF(L10=0,"","L=")) -> L= | L10: 1 | N10: =IF(L10="","",IF(L10=0,"","m")) -> m | R10: =IF(OR(S10="入力ｴﾗｰ",S10=0,S10="")=TRUE,"",IF(F10="","甲",IF(F10=0,"甲",""))) | S10: =IF((F10+I15+L10+O15)=0,"",IF((F10+I15+L10+O15)>SUM($AC$1:$AC$3),"入力ｴﾗｰ",SUM($AC$1:$AC$3)-(F10+I15+L10+O15))) -> 1 | T10: =IF(S10="","",IF(S10="入力ｴﾗｰ","","m")) -> m | U10: =IF(B10="","",COUNT(F10,I15,L10,O15)-IF(S10=0,1,0)-V10) -> 2 | V10: 1 | W10: 3
R13: =IF(R10="甲","",IF(OR(S10=0,S10="")=TRUE,"",IF(S10="入力ｴﾗｰ","","乙"))) -> 乙
H15: =IF(I15="","",IF(I15=0,"","L=")) -> L= | I15: 1 | K15: =IF(I15="","",IF(I15=0,"","m")) -> m | N15: =IF(O15="","",IF(O15=0,"","L=")) | Q15: =IF(O15="","",IF(O15=0,"","m")) | AC15: =IF(U10="",0,IF(U10>SUM(W10:AA15),U10-SUM(W10:AA15),0)) -> 0
B18: =IF(S18="","",IF(B10="","",1+B10)) | E18: =IF(F18="","",IF(F18=0,"","L=")) | H18: =IF(F18="","",IF(F18=0,"","m")) | K18: =IF(L18="","",IF(L18=0,"","L=")) | N18: =IF(L18="","",IF(L18=0,"","m")) | R18: =IF(OR(S18="入力ｴﾗｰ",S18=0,S18="")=TRUE,"",IF(F18="","甲",IF(F18=0,"甲",""))) | S18: =IF((F18+I23+L18+O23)=0,"",IF((F18+I23+L18+O23)>SUM($AC$1:$AC$3),"入力ｴﾗｰ",SUM($AC$1:$AC$3)-(F18+I23+L18+O23))) | T18: =IF(S18="","",IF(S18="入力ｴﾗｰ","","m")) | U18: =IF(B18="","",COUNT(F18,I23,L18,O23)-IF(S18=0,1,0)-V18)
R21: =IF(R18="甲","",IF(OR(S18=0,S18="")=TRUE,"",IF(S18="入力ｴﾗｰ","","乙")))
H23: =IF(I23="","",IF(I23=0,"","L=")) | K23: =IF(I23="","",IF(I23=0,"","m")) | N23: =IF(O23="","",IF(O23=0,"","L=")) | Q23: =IF(O23="","",IF(O23=0,"","m")) | AC23: =IF(U18="",0,IF(U18>SUM(W18:AA23),U18-SUM(W18:AA23),0)) -> 0
B26: =IF(S26="","",IF(B18="","",1+B18)) | E26: =IF(F26="","",IF(F26=0,"","L=")) | H26: =IF(F26="","",IF(F26=0,"","m")) | K26: =IF(L26="","",IF(L26=0,"","L=")) | N26: =IF(L26="","",IF(L26=0,"","m")) | R26: =IF(OR(S26="入力ｴﾗｰ",S26=0,S26="")=TRUE,"",IF(F26="","甲",IF(F26=0,"甲",""))) | S26: =IF((F26+I31+L26+O31)=0,"",IF((F26+I31+L26+O31)>SUM($AC$1:$AC$3),"入力ｴﾗｰ",SUM($AC$1:$AC$3)-(F26+I31+L26+O31))) | T26: =IF(S26="","",IF(S26="入力ｴﾗｰ","","m")) | U26: =IF(B26="","",COUNT(F26,I31,L26,O31)-IF(S26=0,1,0)-V26)
R29: =IF(R26="甲","",IF(OR(S26=0,S26="")=TRUE,"",IF(S26="入力ｴﾗｰ","","乙")))
H31: =IF(I31="","",IF(I31=0,"","L=")) | K31: =IF(I31="","",IF(I31=0,"","m")) | N31: =IF(O31="","",IF(O31=0,"","L=")) | Q31: =IF(O31="","",IF(O31=0,"","m")) | AC31: =IF(U26="",0,IF(U26>SUM(W26:AA31),U26-SUM(W26:AA31),0)) -> 0
B34: =IF(S34="","",IF(B26="","",1+B26)) | E34: =IF(F34="","",IF(F34=0,"","L=")) | H34: =IF(F34="","",IF(F34=0,"","m")) | K34: =IF(L34="","",IF(L34=0,"","L=")) | N34: =IF(L34="","",IF(L34=0,"","m")) | R34: =IF(OR(S34="入力ｴﾗｰ",S34=0,S34="")=TRUE,"",IF(F34="","甲",IF(F34=0,"甲",""))) | S34: =IF((F34+I39+L34+O39)=0,"",IF((F34+I39+L34+O39)>SUM($AC$1:$AC$3),"入力ｴﾗｰ",SUM($AC$1:$AC$3)-(F34+I39+L34+O39))) | T34: =IF(S34="","",IF(S34="入力ｴﾗｰ","","m")) | U34: =IF(B34="","",COUNT(F34,I39,L34,O39)-IF(S34=0,1,0)-V34)
R37: =IF(R34="甲","",IF(OR(S34=0,S34="")=TRUE,"",IF(S34="入力ｴﾗｰ","","乙")))
H39: =IF(I39="","",IF(I39=0,"","L=")) | K39: =IF(I39="","",IF(I39=0,"","m")) | N39: =IF(O39="","",IF(O39=0,"","L=")) | Q39: =IF(O39="","",IF(O39=0,"","m")) | AC39: =IF(U34="",0,IF(U34>SUM(W34:AA39),U34-SUM(W34:AA39),0)) -> 0
B42: =IF(S42="","",IF(B34="","",1+B34)) | E42: =IF(F42="","",IF(F42=0,"","L=")) | H42: =IF(F42="","",IF(F42=0,"","m")) | K42: =IF(L42="","",IF(L42=0,"","L=")) | N42: =IF(L42="","",IF(L42=0,"","m")) | R42: =IF(OR(S42="入力ｴﾗｰ",S42=0,S42="")=TRUE,"",IF(F42="","甲",IF(F42=0,"甲",""))) | S42: =IF((F42+I47+L42+O47)=0,"",IF((F42+I47+L42+O47)>SUM($AC$1:$AC$3),"入力ｴﾗｰ",SUM($AC$1:$AC$3)-(F42+I47+L42+O47))) | T42: =IF(S42="","",IF(S42="入力ｴﾗｰ","","m")) | U42: =IF(B42="","",COUNT(F42,I47,L42,O47)-IF(S42=0,1,0)-V42)
R45: =IF(R42="甲","",IF(OR(S42=0,S42="")=TRUE,"",IF(S42="入力ｴﾗｰ","","乙")))
H47: =IF(I47="","",IF(I47=0,"","L=")) | K47: =IF(I47="","",IF(I47=0,"","m")) | N47: =IF(O47="","",IF(O47=0,"","L=")) | Q47: =IF(O47="","",IF(O47=0,"","m")) | AC47: =IF(U42="",0,IF(U42>SUM(W42:AA47),U42-SUM(W42:AA47),0)) -> 0
B50: =IF(S50="","",IF(B42="","",1+B42)) | E50: =IF(F50="","",IF(F50=0,"","L=")) | H50: =IF(F50="","",IF(F50=0,"","m")) | K50: =IF(L50="","",IF(L50=0,"","L=")) | N50: =IF(L50="","",IF(L50=0,"","m")) | R50: =IF(OR(S50="入力ｴﾗｰ",S50=0,S50="")=TRUE,"",IF(F50="","甲",IF(F50=0,"甲",""))) | S50: =IF((F50+I55+L50+O55)=0,"",IF((F50+I55+L50+O55)>SUM($AC$1:$AC$3),"入力ｴﾗｰ",SUM($AC$1:$AC$3)-(F50+I55+L50+O55))) | T50: =IF(S50="","",IF(S50="入力ｴﾗｰ","","m")) | U50: =IF(B50="","",COUNT(F50,I55,L50,O55)-IF(S50=0,1,0)-V50)
R53: =IF(R50="甲","",IF(OR(S50=0,S50="")=TRUE,"",IF(S50="入力ｴﾗｰ","","乙")))
H55: =IF(I55="","",IF(I55=0,"","L=")) | K55: =IF(I55="","",IF(I55=0,"","m")) | N55: =IF(O55="","",IF(O55=0,"","L=")) | Q55: =IF(O55="","",IF(O55=0,"","m")) | AC55: =IF(U50="",0,IF(U50>SUM(W50:AA55),U50-SUM(W50:AA55),0)) -> 0
B58: =IF(S58="","",IF(B50="","",1+B50)) | E58: =IF(F58="","",IF(F58=0,"","L=")) | H58: =IF(F58="","",IF(F58=0,"","m")) | K58: =IF(L58="","",IF(L58=0,"","L=")) | N58: =IF(L58="","",IF(L58=0,"","m")) | R58: =IF(OR(S58="入力ｴﾗｰ",S58=0,S58="")=TRUE,"",IF(F58="","甲",IF(F58=0,"甲",""))) | S58: =IF((F58+I63+L58+O63)=0,"",IF((F58+I63+L58+O63)>SUM($AC$1:$AC$3),"入力ｴﾗｰ",SUM($AC$1:$AC$3)-(F58+I63+L58+O63))) | T58: =IF(S58="","",IF(S58="入力ｴﾗｰ","","m")) | U58: =IF(B58="","",COUNT(F58,I63,L58,O63)-IF(S58=0,1,0)-V58)
R61: =IF(R58="甲","",IF(OR(S58=0,S58="")=TRUE,"",IF(S58="入力ｴﾗｰ","","乙")))
H63: =IF(I63="","",IF(I63=0,"","L=")) | K63: =IF(I63="","",IF(I63=0,"","m")) | N63: =IF(O63="","",IF(O63=0,"","L=")) | Q63: =IF(O63="","",IF(O63=0,"","m")) | AC63: =IF(U58="",0,IF(U58>SUM(W58:AA63),U58-SUM(W58:AA63),0)) -> 0
B66: =IF(S66="","",IF(B58="","",1+B58)) | E66: =IF(F66="","",IF(F66=0,"","L=")) | H66: =IF(F66="","",IF(F66=0,"","m")) | K66: =IF(L66="","",IF(L66=0,"","L=")) | N66: =IF(L66="","",IF(L66=0,"","m")) | R66: =IF(OR(S66="入力ｴﾗｰ",S66=0,S66="")=TRUE,"",IF(F66="","甲",IF(F66=0,"甲",""))) | S66: =IF((F66+I71+L66+O71)=0,"",IF((F66+I71+L66+O71)>SUM($AC$1:$AC$3),"入力ｴﾗｰ",SUM($AC$1:$AC$3)-(F66+I71+L66+O71))) | T66: =IF(S66="","",IF(S66="入力ｴﾗｰ","","m")) | U66: =IF(B66="","",COUNT(F66,I71,L66,O71)-IF(S66=0,1,0)-V66)
R69: =IF(R66="甲","",IF(OR(S66=0,S66="")=TRUE,"",IF(S66="入力ｴﾗｰ","","乙")))
H71: =IF(I71="","",IF(I71=0,"","L=")) | K71: =IF(I71="","",IF(I71=0,"","m")) | N71: =IF(O71="","",IF(O71=0,"","L=")) | Q71: =IF(O71="","",IF(O71=0,"","m")) | AC71: =IF(U66="",0,IF(U66>SUM(W66:AA71),U66-SUM(W66:AA71),0)) -> 0
B74: =IF(S74="","",IF(B66="","",1+B66)) | E74: =IF(F74="","",IF(F74=0,"","L=")) | H74: =IF(F74="","",IF(F74=0,"","m")) | K74: =IF(L74="","",IF(L74=0,"","L=")) | N74: =IF(L74="","",IF(L74=0,"","m")) | R74: =IF(OR(S74="入力ｴﾗｰ",S74=0,S74="")=TRUE,"",IF(F74="","甲",IF(F74=0,"甲",""))) | S74: =IF((F74+I79+L74+O79)=0,"",IF((F74+I79+L74+O79)>SUM($AC$1:$AC$3),"入力ｴﾗｰ",SUM($AC$1:$AC$3)-(F74+I79+L74+O79))) | T74: =IF(S74="","",IF(S74="入力ｴﾗｰ","","m")) | U74: =IF(B74="","",COUNT(F74,I79,L74,O79)-IF(S74=0,1,0)-V74)
R77: =IF(R74="甲","",IF(OR(S74=0,S74="")=TRUE,"",IF(S74="入力ｴﾗｰ","","乙")))
H79: =IF(I79="","",IF(I79=0,"","L=")) | K79: =IF(I79="","",IF(I79=0,"","m")) | N79: =IF(O79="","",IF(O79=0,"","L=")) | Q79: =IF(O79="","",IF(O79=0,"","m")) | AC79: =IF(U74="",0,IF(U74>SUM(W74:AA79),U74-SUM(W74:AA79),0)) -> 0
B82: =IF(S82="","",IF(B74="","",1+B74)) | E82: =IF(F82="","",IF(F82=0,"","L=")) | H82: =IF(F82="","",IF(F82=0,"","m")) | K82: =IF(L82="","",IF(L82=0,"","L=")) | N82: =IF(L82="","",IF(L82=0,"","m")) | R82: =IF(OR(S82="入力ｴﾗｰ",S82=0,S82="")=TRUE,"",IF(F82="","甲",IF(F82=0,"甲",""))) | S82: =IF((F82+I87+L82+O87)=0,"",IF((F82+I87+L82+O87)>SUM($AC$1:$AC$3),"入力ｴﾗｰ",SUM($AC$1:$AC$3)-(F82+I87+L82+O87))) | T82: =IF(S82="","",IF(S82="入力ｴﾗｰ","","m")) | U82: =IF(B82="","",COUNT(F82,I87,L82,O87)-IF(S82=0,1,0)-V82)
R85: =IF(R82="甲","",IF(OR(S82=0,S82="")=TRUE,"",IF(S82="入力ｴﾗｰ","","乙")))
H87: =IF(I87="","",IF(I87=0,"","L=")) | K87: =IF(I87="","",IF(I87=0,"","m")) | N87: =IF(O87="","",IF(O87=0,"","L=")) | Q87: =IF(O87="","",IF(O87=0,"","m")) | AC87: =IF(U82="",0,IF(U82>SUM(W82:AA87),U82-SUM(W82:AA87),0)) -> 0
B90: =IF(S90="","",IF(B82="","",1+B82)) | E90: =IF(F90="","",IF(F90=0,"","L=")) | H90: =IF(F90="","",IF(F90=0,"","m")) | K90: =IF(L90="","",IF(L90=0,"","L=")) | N90: =IF(L90="","",IF(L90=0,"","m")) | R90: =IF(OR(S90="入力ｴﾗｰ",S90=0,S90="")=TRUE,"",IF(F90="","甲",IF(F90=0,"甲",""))) | T90: =IF(S90="","",IF(S90="入力ｴﾗｰ","","m")) | U90: =IF(B90="","",COUNT(F90,I95,L90,O95)-IF(S90=0,1,0)-V90)
R93: =IF(R90="甲","",IF(OR(S90=0,S90="")=TRUE,"",IF(S90="入力ｴﾗｰ","","乙")))
H95: =IF(I95="","",IF(I95=0,"","L=")) | K95: =IF(I95="","",IF(I95=0,"","m")) | N95: =IF(O95="","",IF(O95=0,"","L=")) | Q95: =IF(O95="","",IF(O95=0,"","m")) | AC95: =IF(U90="",0,IF(U90>SUM(W90:AA95),U90-SUM(W90:AA95),0)) -> 0
B98: =IF(S98="","",IF(B90="","",1+B90)) | E98: =IF(F98="","",IF(F98=0,"","L=")) | H98: =IF(F98="","",IF(F98=0,"","m")) | K98: =IF(L98="","",IF(L98=0,"","L=")) | N98: =IF(L98="","",IF(L98=0,"","m")) | R98: =IF(OR(S98="入力ｴﾗｰ",S98=0,S98="")=TRUE,"",IF(F98="","甲",IF(F98=0,"甲",""))) | S98: =IF((F98+I103+L98+O103)=0,"",IF((F98+I103+L98+O103)>SUM($AC$1:$AC$3),"入力ｴﾗｰ",SUM($AC$1:$AC$3)-(F98+I103+L98+O103))) | T98: =IF(S98="","",IF(S98="入力ｴﾗｰ","","m")) | U98: =IF(B98="","",COUNT(F98,I103,L98,O103)-IF(S98=0,1,0)-V98)
R101: =IF(R98="甲","",IF(OR(S98=0,S98="")=TRUE,"",IF(S98="入力ｴﾗｰ","","乙")))
H103: =IF(I103="","",IF(I103=0,"","L=")) | K103: =IF(I103="","",IF(I103=0,"","m")) | N103: =IF(O103="","",IF(O103=0,"","L=")) | Q103: =IF(O103="","",IF(O103=0,"","m")) | AC103: =IF(U98="",0,IF(U98>SUM(W98:AA103),U98-SUM(W98:AA103),0)) -> 0
E106: =IF(F106="","",IF(F106=0,"","L=")) | H106: =IF(F106="","",IF(F106=0,"","m")) | K106: =IF(L106="","",IF(L106=0,"","L=")) | N106: =IF(L106="","",IF(L106=0,"","m")) | R106: =IF(OR(S106="入力ｴﾗｰ",S106=0,S106="")=TRUE,"",IF(F106="","甲",IF(F106=0,"甲",""))) | S106: =IF((F106+I111+L106+O111)=0,"",IF((F106+I111+L106+O111)>SUM($AC$1:$AC$3),"入力ｴﾗｰ",SUM($AC$1:$AC$3)-(F106+I111+L106+O111))) | T106: =IF(S106="","",IF(S106="入力ｴﾗｰ","","m")) | U106: =IF(B106="","",COUNT(F106,I111,L106,O111)-IF(S106=0,1,0)-V106)
R109: =IF(R106="甲","",IF(OR(S106=0,S106="")=TRUE,"",IF(S106="入力ｴﾗｰ","","乙")))
H111: =IF(I111="","",IF(I111=0,"","L=")) | K111: =IF(I111="","",IF(I111=0,"","m")) | N111: =IF(O111="","",IF(O111=0,"","L=")) | Q111: =IF(O111="","",IF(O111=0,"","m")) | AC111: =IF(U106="",0,IF(U106>SUM(W106:AA111),U106-SUM(W106:AA111),0)) -> 0
B113: 合 計 | G113: φ | M113: 本 | T113: m
G114: =U2 -> NS | H114: =Y2 -> 75 | K114: =IF(B10="",0,LARGE(B10:B111,1)) -> 1 | R114: =SUM(S10:S111) -> 1 | U114: =SUM(U10:U111) -> 2 | V114: =SUM(V10:V111) -> 1 | W114: =SUM(W10:W111) -> 3 | X114: =SUM(X10:X111) -> 0 | Y114: =SUM(Y10:Y111) -> 0 | Z114: =SUM(Z10:Z111) -> 0 | AA114: =SUM(AA10:AA111) -> 0 | AC114: =SUM(AC9:AC112) -> 0

Sheet 白紙(5m)
B1: 工事名： | C1: 東白川特2高層配水池揚水管取替工事 | S1: 管 | X1: 口 | AC1: =IF(Y2<=100,4,0) -> 0
U2: NS | Y2: 150 | AC2: =IF(AC1=4,0,IF(Y2<=250,5,0)) -> 5
S3: 種 | W3: 形 | X3: 径 | AA3: ㎜ | AC3: =IF(Y2>250,6,0) -> 0
B5: 管切断工・挿し口加工数量計算書
B7: 管番号 | C7: 形 状 | R7: 残延長 | U7: 切断 | W7: 挿 し 口 加 工
U8: ＧＸ形 | V8: ＫＴ形 | W8: ＧＸ形 | X8: ＮＳ形 | Y8: ＫＦ形 | Z8: ＮＳ(溝) | AA8: ＳⅡ(溝)
B10: =IF(S10="","",1) | E10: =IF(F10="","",IF(F10=0,"","L=")) | H10: =IF(F10="","",IF(F10=0,"","m")) | K10: =IF(L10="","",IF(L10=0,"","L=")) | N10: =IF(L10="","",IF(L10=0,"","m")) | R10: =IF(OR(S10="入力ｴﾗｰ",S10=0,S10="")=TRUE,"",IF(F10="","甲",IF(F10=0,"甲",""))) | S10: =IF((F10+I15+L10+O15)=0,"",IF((F10+I15+L10+O15)>SUM($AC$1:$AC$3),"入力ｴﾗｰ",SUM($AC$1:$AC$3)-(F10+I15+L10+O15))) | T10: =IF(S10="","",IF(S10="入力ｴﾗｰ","","m")) | U10: =IF(B10="","",COUNT(F10,I15,L10,O15)-IF(S10=0,1,0)-V10)
R13: =IF(R10="甲","",IF(OR(S10=0,S10="")=TRUE,"",IF(S10="入力ｴﾗｰ","","乙")))
H15: =IF(I15="","",IF(I15=0,"","L=")) | K15: =IF(I15="","",IF(I15=0,"","m")) | N15: =IF(O15="","",IF(O15=0,"","L=")) | Q15: =IF(O15="","",IF(O15=0,"","m")) | AC15: =IF(U10="",0,IF(U10>SUM(W10:AA15),U10-SUM(W10:AA15),0)) -> 0
B18: =IF(S18="","",IF(B10="","",1+B10)) | E18: =IF(F18="","",IF(F18=0,"","L=")) | H18: =IF(F18="","",IF(F18=0,"","m")) | K18: =IF(L18="","",IF(L18=0,"","L=")) | N18: =IF(L18="","",IF(L18=0,"","m")) | R18: =IF(OR(S18="入力ｴﾗｰ",S18=0,S18="")=TRUE,"",IF(F18="","甲",IF(F18=0,"甲",""))) | S18: =IF((F18+I23+L18+O23)=0,"",IF((F18+I23+L18+O23)>SUM($AC$1:$AC$3),"入力ｴﾗｰ",SUM($AC$1:$AC$3)-(F18+I23+L18+O23))) | T18: =IF(S18="","",IF(S18="入力ｴﾗｰ","","m")) | U18: =IF(B18="","",COUNT(F18,I23,L18,O23)-IF(S18=0,1,0)-V18)
R21: =IF(R18="甲","",IF(OR(S18=0,S18="")=TRUE,"",IF(S18="入力ｴﾗｰ","","乙")))
H23: =IF(I23="","",IF(I23=0,"","L=")) | K23: =IF(I23="","",IF(I23=0,"","m")) | N23: =IF(O23="","",IF(O23=0,"","L=")) | Q23: =IF(O23="","",IF(O23=0,"","m")) | AC23: =IF(U18="",0,IF(U18>SUM(W18:AA23),U18-SUM(W18:AA23),0)) -> 0
B26: =IF(S26="","",IF(B18="","",1+B18)) | E26: =IF(F26="","",IF(F26=0,"","L=")) | K26: =IF(L26="","",IF(L26=0,"","L=")) | N26: =IF(L26="","",IF(L26=0,"","m")) | R26: =IF(OR(S26="入力ｴﾗｰ",S26=0,S26="")=TRUE,"",IF(F26="","甲",IF(F26=0,"甲",""))) | S26: =IF((F26+I31+L26+O31)=0,"",IF((F26+I31+L26+O31)>SUM($AC$1:$AC$3),"入力ｴﾗｰ",SUM($AC$1:$AC$3)-(F26+I31+L26+O31))) | T26: =IF(S26="","",IF(S26="入力ｴﾗｰ","","m")) | U26: =IF(B26="","",COUNT(F26,I31,L26,O31)-IF(S26=0,1,0)-V26)
R29: =IF(R26="甲","",IF(OR(S26=0,S26="")=TRUE,"",IF(S26="入力ｴﾗｰ","","乙")))
H31: =IF(I31="","",IF(I31=0,"","L=")) | N31: =IF(O31="","",IF(O31=0,"","L=")) | Q31: =IF(O31="","",IF(O31=0,"","m")) | AC31: =IF(U26="",0,IF(U26>SUM(W26:AA31),U26-SUM(W26:AA31),0)) -> 0
B34: =IF(S34="","",IF(B26="","",1+B26)) | E34: =IF(F34="","",IF(F34=0,"","L=")) | K34: =IF(L34="","",IF(L34=0,"","L=")) | N34: =IF(L34="","",IF(L34=0,"","m")) | R34: =IF(OR(S34="入力ｴﾗｰ",S34=0,S34="")=TRUE,"",IF(F34="","甲",IF(F34=0,"甲",""))) | S34: =IF((F34+I39+L34+O39)=0,"",IF((F34+I39+L34+O39)>SUM($AC$1:$AC$3),"入力ｴﾗｰ",SUM($AC$1:$AC$3)-(F34+I39+L34+O39))) | T34: =IF(S34="","",IF(S34="入力ｴﾗｰ","","m")) | U34: =IF(B34="","",COUNT(F34,I39,L34,O39)-IF(S34=0,1,0)-V34)
R37: =IF(R34="甲","",IF(OR(S34=0,S34="")=TRUE,"",IF(S34="入力ｴﾗｰ","","乙")))
H39: =IF(I39="","",IF(I39=0,"","L=")) | N39: =IF(O39="","",IF(O39=0,"","L=")) | Q39: =IF(O39="","",IF(O39=0,"","m")) | AC39: =IF(U34="",0,IF(U34>SUM(W34:AA39),U34-SUM(W34:AA39),0)) -> 0
B42: =IF(S42="","",IF(B34="","",1+B34)) | E42: =IF(F42="","",IF(F42=0,"","L=")) | K42: =IF(L42="","",IF(L42=0,"","L=")) | N42: =IF(L42="","",IF(L42=0,"","m")) | R42: =IF(OR(S42="入力ｴﾗｰ",S42=0,S42="")=TRUE,"",IF(F42="","甲",IF(F42=0,"甲",""))) | S42: =IF((F42+I47+L42+O47)=0,"",IF((F42+I47+L42+O47)>SUM($AC$1:$AC$3),"入力ｴﾗｰ",SUM($AC$1:$AC$3)-(F42+I47+L42+O47))) | T42: =IF(S42="","",IF(S42="入力ｴﾗｰ","","m")) | U42: =IF(B42="","",COUNT(F42,I47,L42,O47)-IF(S42=0,1,0)-V42)
R45: =IF(R42="甲","",IF(OR(S42=0,S42="")=TRUE,"",IF(S42="入力ｴﾗｰ","","乙")))
H47: =IF(I47="","",IF(I47=0,"","L=")) | N47: =IF(O47="","",IF(O47=0,"","L=")) | Q47: =IF(O47="","",IF(O47=0,"","m")) | AC47: =IF(U42="",0,IF(U42>SUM(W42:AA47),U42-SUM(W42:AA47),0)) -> 0
B50: =IF(S50="","",IF(B42="","",1+B42)) | E50: =IF(F50="","",IF(F50=0,"","L=")) | K50: =IF(L50="","",IF(L50=0,"","L=")) | N50: =IF(L50="","",IF(L50=0,"","m")) | R50: =IF(OR(S50="入力ｴﾗｰ",S50=0,S50="")=TRUE,"",IF(F50="","甲",IF(F50=0,"甲",""))) | S50: =IF((F50+I55+L50+O55)=0,"",IF((F50+I55+L50+O55)>SUM($AC$1:$AC$3),"入力ｴﾗｰ",SUM($AC$1:$AC$3)-(F50+I55+L50+O55))) | T50: =IF(S50="","",IF(S50="入力ｴﾗｰ","","m")) | U50: =IF(B50="","",COUNT(F50,I55,L50,O55)-IF(S50=0,1,0)-V50)
R53: =IF(R50="甲","",IF(OR(S50=0,S50="")=TRUE,"",IF(S50="入力ｴﾗｰ","","乙")))
H55: =IF(I55="","",IF(I55=0,"","L=")) | N55: =IF(O55="","",IF(O55=0,"","L=")) | Q55: =IF(O55="","",IF(O55=0,"","m")) | AC55: =IF(U50="",0,IF(U50>SUM(W50:AA55),U50-SUM(W50:AA55),0)) -> 0
B58: =IF(S58="","",IF(B50="","",1+B50)) | E58: =IF(F58="","",IF(F58=0,"","L=")) | K58: =IF(L58="","",IF(L58=0,"","L=")) | N58: =IF(L58="","",IF(L58=0,"","m")) | R58: =IF(OR(S58="入力ｴﾗｰ",S58=0,S58="")=TRUE,"",IF(F58="","甲",IF(F58=0,"甲",""))) | S58: =IF((F58+I63+L58+O63)=0,"",IF((F58+I63+L58+O63)>SUM($AC$1:$AC$3),"入力ｴﾗｰ",SUM($AC$1:$AC$3)-(F58+I63+L58+O63))) | T58: =IF(S58="","",IF(S58="入力ｴﾗｰ","","m")) | U58: =IF(B58="","",COUNT(F58,I63,L58,O63)-IF(S58=0,1,0)-V58)
R61: =IF(R58="甲","",IF(OR(S58=0,S58="")=TRUE,"",IF(S58="入力ｴﾗｰ","","乙")))
H63: =IF(I63="","",IF(I63=0,"","L=")) | N63: =IF(O63="","",IF(O63=0,"","L=")) | Q63: =IF(O63="","",IF(O63=0,"","m")) | AC63: =IF(U58="",0,IF(U58>SUM(W58:AA63),U58-SUM(W58:AA63),0)) -> 0
B66: =IF(S66="","",IF(B58="","",1+B58)) | E66: =IF(F66="","",IF(F66=0,"","L=")) | K66: =IF(L66="","",IF(L66=0,"","L=")) | N66: =IF(L66="","",IF(L66=0,"","m")) | R66: =IF(OR(S66="入力ｴﾗｰ",S66=0,S66="")=TRUE,"",IF(F66="","甲",IF(F66=0,"甲",""))) | S66: =IF((F66+I71+L66+O71)=0,"",IF((F66+I71+L66+O71)>SUM($AC$1:$AC$3),"入力ｴﾗｰ",SUM($AC$1:$AC$3)-(F66+I71+L66+O71))) | T66: =IF(S66="","",IF(S66="入力ｴﾗｰ","","m")) | U66: =IF(B66="","",COUNT(F66,I71,L66,O71)-IF(S66=0,1,0)-V66)
R69: =IF(R66="甲","",IF(OR(S66=0,S66="")=TRUE,"",IF(S66="入力ｴﾗｰ","","乙")))
H71: =IF(I71="","",IF(I71=0,"","L=")) | N71: =IF(O71="","",IF(O71=0,"","L=")) | Q71: =IF(O71="","",IF(O71=0,"","m")) | AC71: =IF(U66="",0,IF(U66>SUM(W66:AA71),U66-SUM(W66:AA71),0)) -> 0
B74: =IF(S74="","",IF(B66="","",1+B66)) | E74: =IF(F74="","",IF(F74=0,"","L=")) | K74: =IF(L74="","",IF(L74=0,"","L=")) | N74: =IF(L74="","",IF(L74=0,"","m")) | R74: =IF(OR(S74="入力ｴﾗｰ",S74=0,S74="")=TRUE,"",IF(F74="","甲",IF(F74=0,"甲",""))) | S74: =IF((F74+I79+L74+O79)=0,"",IF((F74+I79+L74+O79)>SUM($AC$1:$AC$3),"入力ｴﾗｰ",SUM($AC$1:$AC$3)-(F74+I79+L74+O79))) | T74: =IF(S74="","",IF(S74="入力ｴﾗｰ","","m")) | U74: =IF(B74="","",COUNT(F74,I79,L74,O79)-IF(S74=0,1,0)-V74)
R77: =IF(R74="甲","",IF(OR(S74=0,S74="")=TRUE,"",IF(S74="入力ｴﾗｰ","","乙")))
H79: =IF(I79="","",IF(I79=0,"","L=")) | N79: =IF(O79="","",IF(O79=0,"","L=")) | Q79: =IF(O79="","",IF(O79=0,"","m")) | AC79: =IF(U74="",0,IF(U74>SUM(W74:AA79),U74-SUM(W74:AA79),0)) -> 0
B82: =IF(S82="","",IF(B74="","",1+B74)) | E82: =IF(F82="","",IF(F82=0,"","L=")) | K82: =IF(L82="","",IF(L82=0,"","L=")) | N82: =IF(L82="","",IF(L82=0,"","m")) | R82: =IF(OR(S82="入力ｴﾗｰ",S82=0,S82="")=TRUE,"",IF(F82="","甲",IF(F82=0,"甲",""))) | S82: =IF((F82+I87+L82+O87)=0,"",IF((F82+I87+L82+O87)>SUM($AC$1:$AC$3),"入力ｴﾗｰ",SUM($AC$1:$AC$3)-(F82+I87+L82+O87))) | T82: =IF(S82="","",IF(S82="入力ｴﾗｰ","","m")) | U82: =IF(B82="","",COUNT(F82,I87,L82,O87)-IF(S82=0,1,0)-V82)
R85: =IF(R82="甲","",IF(OR(S82=0,S82="")=TRUE,"",IF(S82="入力ｴﾗｰ","","乙")))
H87: =IF(I87="","",IF(I87=0,"","L=")) | N87: =IF(O87="","",IF(O87=0,"","L=")) | Q87: =IF(O87="","",IF(O87=0,"","m")) | AC87: =IF(U82="",0,IF(U82>SUM(W82:AA87),U82-SUM(W82:AA87),0)) -> 0
B90: =IF(S90="","",IF(B82="","",1+B82)) | E90: =IF(F90="","",IF(F90=0,"","L=")) | K90: =IF(L90="","",IF(L90=0,"","L=")) | N90: =IF(L90="","",IF(L90=0,"","m")) | R90: =IF(OR(S90="入力ｴﾗｰ",S90=0,S90="")=TRUE,"",IF(F90="","甲",IF(F90=0,"甲",""))) | S90: =IF((F90+I95+L90+O95)=0,"",IF((F90+I95+L90+O95)>SUM($AC$1:$AC$3),"入力ｴﾗｰ",SUM($AC$1:$AC$3)-(F90+I95+L90+O95))) | T90: =IF(S90="","",IF(S90="入力ｴﾗｰ","","m")) | U90: =IF(B90="","",COUNT(F90,I95,L90,O95)-IF(S90=0,1,0)-V90)
R93: =IF(R90="甲","",IF(OR(S90=0,S90="")=TRUE,"",IF(S90="入力ｴﾗｰ","","乙")))
H95: =IF(I95="","",IF(I95=0,"","L=")) | N95: =IF(O95="","",IF(O95=0,"","L=")) | Q95: =IF(O95="","",IF(O95=0,"","m")) | AC95: =IF(U90="",0,IF(U90>SUM(W90:AA95),U90-SUM(W90:AA95),0)) -> 0
B98: =IF(S98="","",IF(B90="","",1+B90)) | E98: =IF(F98="","",IF(F98=0,"","L=")) | K98: =IF(L98="","",IF(L98=0,"","L=")) | N98: =IF(L98="","",IF(L98=0,"","m")) | R98: =IF(OR(S98="入力ｴﾗｰ",S98=0,S98="")=TRUE,"",IF(F98="","甲",IF(F98=0,"甲",""))) | S98: =IF((F98+I103+L98+O103)=0,"",IF((F98+I103+L98+O103)>SUM($AC$1:$AC$3),"入力ｴﾗｰ",SUM($AC$1:$AC$3)-(F98+I103+L98+O103))) | T98: =IF(S98="","",IF(S98="入力ｴﾗｰ","","m")) | U98: =IF(B98="","",COUNT(F98,I103,L98,O103)-IF(S98=0,1,0)-V98)
R101: =IF(R98="甲","",IF(OR(S98=0,S98="")=TRUE,"",IF(S98="入力ｴﾗｰ","","乙")))
H103: =IF(I103="","",IF(I103=0,"","L=")) | N103: =IF(O103="","",IF(O103=0,"","L=")) | Q103: =IF(O103="","",IF(O103=0,"","m")) | AC103: =IF(U98="",0,IF(U98>SUM(W98:AA103),U98-SUM(W98:AA103),0)) -> 0
E106: =IF(F106="","",IF(F106=0,"","L=")) | K106: =IF(L106="","",IF(L106=0,"","L=")) | N106: =IF(L106="","",IF(L106=0,"","m")) | R106: =IF(OR(S106="入力ｴﾗｰ",S106=0,S106="")=TRUE,"",IF(F106="","甲",IF(F106=0,"甲",""))) | S106: =IF((F106+I111+L106+O111)=0,"",IF((F106+I111+L106+O111)>SUM($AC$1:$AC$3),"入力ｴﾗｰ",SUM($AC$1:$AC$3)-(F106+I111+L106+O111))) | T106: =IF(S106="","",IF(S106="入力ｴﾗｰ","","m")) | U106: =IF(B106="","",COUNT(F106,I111,L106,O111)-IF(S106=0,1,0)-V106)
R109: =IF(R106="甲","",IF(OR(S106=0,S106="")=TRUE,"",IF(S106="入力ｴﾗｰ","","乙")))
H111: =IF(I111="","",IF(I111=0,"","L=")) | N111: =IF(O111="","",IF(O111=0,"","L=")) | Q111: =IF(O111="","",IF(O111=0,"","m")) | AC111: =IF(U106="",0,IF(U106>SUM(W106:AA111),U106-SUM(W106:AA111),0)) -> 0
B113: 合 計 | G113: φ | M113: 本 | T113: m
G114: =U2 -> NS | H114: =Y2 -> 150 | K114: =IF(B10="",0,LARGE(B10:B111,1)) -> 0 | R114: =SUM(S10:S111) -> 0 | U114: =SUM(U10:U111) -> 0 | V114: =SUM(V10:V111) -> 0 | W114: =SUM(W10:W111) -> 0 | X114: =SUM(X10:X111) -> 0 | Y114: =SUM(Y10:Y111) -> 0 | Z114: =SUM(Z10:Z111) -> 0 | AA114: =SUM(AA10:AA111) -> 0 | AC114: =SUM(AC9:AC112) -> 0

Sheet 白紙(6m)
B1: 工事名： | C1: ='白紙(5m)'!C1 -> 東白川特2高層配水池揚水管取替工事 | S1: 管 | X1: 口 | AC1: =IF(Y2<=100,4,0) -> 0
U2: NS | Y2: 300 | AC2: =IF(AC1=4,0,IF(Y2<=250,5,0)) -> 0
S3: 種 | W3: 形 | X3: 径 | AA3: ㎜ | AC3: =IF(Y2>250,6,0) -> 6
B5: 管切断工・挿し口加工数量計算書
B7: 管番号 | C7: 形 状 | R7: 残延長 | U7: 切断 | W7: 挿 し 口 加 工
U8: ＧＸ形 | V8: ＫＴ形 | W8: ＧＸ形 | X8: ＮＳ形 | Y8: ＫＦ形 | Z8: ＮＳ(溝) | AA8: ＳⅡ(溝)
B10: =IF(S10="","",1) -> 1 | E10: =IF(F10="","",IF(F10=0,"","L=")) -> L= | F10: 1 | H10: =IF(F10="","",IF(F10=0,"","m")) -> m | K10: =IF(L10="","",IF(L10=0,"","L=")) | N10: =IF(L10="","",IF(L10=0,"","m")) | R10: =IF(OR(S10="入力ｴﾗｰ",S10=0,S10="")=TRUE,"",IF(F10="","甲",IF(F10=0,"甲",""))) | S10: =IF((F10+I15+L10+O15)=0,"",IF((F10+I15+L10+O15)>SUM($AC$1:$AC$3),"入力ｴﾗｰ",SUM($AC$1:$AC$3)-(F10+I15+L10+O15))) -> 5 | T10: =IF(S10="","",IF(S10="入力ｴﾗｰ","","m")) -> m | U10: =IF(B10="","",COUNT(F10,I15,L10,O15)-IF(S10=0,1,0)-V10) -> 1 | W10: 1
R13: =IF(R10="甲","",IF(OR(S10=0,S10="")=TRUE,"",IF(S10="入力ｴﾗｰ","","乙"))) -> 乙
H15: =IF(I15="","",IF(I15=0,"","L=")) | K15: =IF(I15="","",IF(I15=0,"","m")) | N15: =IF(O15="","",IF(O15=0,"","L=")) | Q15: =IF(O15="","",IF(O15=0,"","m")) | AC15: =IF(U10="",0,IF(U10>SUM(W10:AA15),U10-SUM(W10:AA15),0)) -> 0
B18: =IF(S18="","",IF(B10="","",1+B10)) | E18: =IF(F18="","",IF(F18=0,"","L=")) | H18: =IF(F18="","",IF(F18=0,"","m")) | K18: =IF(L18="","",IF(L18=0,"","L=")) | N18: =IF(L18="","",IF(L18=0,"","m")) | R18: =IF(OR(S18="入力ｴﾗｰ",S18=0,S18="")=TRUE,"",IF(F18="","甲",IF(F18=0,"甲",""))) | S18: =IF((F18+I23+L18+O23)=0,"",IF((F18+I23+L18+O23)>SUM($AC$1:$AC$3),"入力ｴﾗｰ",SUM($AC$1:$AC$3)-(F18+I23+L18+O23))) | T18: =IF(S18="","",IF(S18="入力ｴﾗｰ","","m")) | U18: =IF(B18="","",COUNT(F18,I23,L18,O23)-IF(S18=0,1,0)-V18)
R21: =IF(R18="甲","",IF(OR(S18=0,S18="")=TRUE,"",IF(S18="入力ｴﾗｰ","","乙")))
H23: =IF(I23="","",IF(I23=0,"","L=")) | K23: =IF(I23="","",IF(I23=0,"","m")) | N23: =IF(O23="","",IF(O23=0,"","L=")) | Q23: =IF(O23="","",IF(O23=0,"","m")) | AC23: =IF(U18="",0,IF(U18>SUM(W18:AA23),U18-SUM(W18:AA23),0)) -> 0
B26: =IF(S26="","",IF(B18="","",1+B18)) | E26: =IF(F26="","",IF(F26=0,"","L=")) | H26: =IF(F26="","",IF(F26=0,"","m")) | K26: =IF(L26="","",IF(L26=0,"","L=")) | N26: =IF(L26="","",IF(L26=0,"","m")) | R26: =IF(OR(S26="入力ｴﾗｰ",S26=0,S26="")=TRUE,"",IF(F26="","甲",IF(F26=0,"甲",""))) | S26: =IF((F26+I31+L26+O31)=0,"",IF((F26+I31+L26+O31)>SUM($AC$1:$AC$3),"入力ｴﾗｰ",SUM($AC$1:$AC$3)-(F26+I31+L26+O31))) | T26: =IF(S26="","",IF(S26="入力ｴﾗｰ","","m")) | U26: =IF(B26="","",COUNT(F26,I31,L26,O31)-IF(S26=0,1,0)-V26)
R29: =IF(R26="甲","",IF(OR(S26=0,S26="")=TRUE,"",IF(S26="入力ｴﾗｰ","","乙")))
H31: =IF(I31="","",IF(I31=0,"","L=")) | K31: =IF(I31="","",IF(I31=0,"","m")) | N31: =IF(O31="","",IF(O31=0,"","L=")) | Q31: =IF(O31="","",IF(O31=0,"","m")) | AC31: =IF(U26="",0,IF(U26>SUM(W26:AA31),U26-SUM(W26:AA31),0)) -> 0
B34: =IF(S34="","",IF(B26="","",1+B26)) | E34: =IF(F34="","",IF(F34=0,"","L=")) | H34: =IF(F34="","",IF(F34=0,"","m")) | K34: =IF(L34="","",IF(L34=0,"","L=")) | N34: =IF(L34="","",IF(L34=0,"","m")) | R34: =IF(OR(S34="入力ｴﾗｰ",S34=0,S34="")=TRUE,"",IF(F34="","甲",IF(F34=0,"甲",""))) | S34: =IF((F34+I39+L34+O39)=0,"",IF((F34+I39+L34+O39)>SUM($AC$1:$AC$3),"入力ｴﾗｰ",SUM($AC$1:$AC$3)-(F34+I39+L34+O39))) | T34: =IF(S34="","",IF(S34="入力ｴﾗｰ","","m")) | U34: =IF(B34="","",COUNT(F34,I39,L34,O39)-IF(S34=0,1,0)-V34)
R37: =IF(R34="甲","",IF(OR(S34=0,S34="")=TRUE,"",IF(S34="入力ｴﾗｰ","","乙")))
H39: =IF(I39="","",IF(I39=0,"","L=")) | K39: =IF(I39="","",IF(I39=0,"","m")) | N39: =IF(O39="","",IF(O39=0,"","L=")) | Q39: =IF(O39="","",IF(O39=0,"","m")) | AC39: =IF(U34="",0,IF(U34>SUM(W34:AA39),U34-SUM(W34:AA39),0)) -> 0
B42: =IF(S42="","",IF(B34="","",1+B34)) | E42: =IF(F42="","",IF(F42=0,"","L=")) | H42: =IF(F42="","",IF(F42=0,"","m")) | K42: =IF(L42="","",IF(L42=0,"","L=")) | N42: =IF(L42="","",IF(L42=0,"","m")) | R42: =IF(OR(S42="入力ｴﾗｰ",S42=0,S42="")=TRUE,"",IF(F42="","甲",IF(F42=0,"甲",""))) | S42: =IF((F42+I47+L42+O47)=0,"",IF((F42+I47+L42+O47)>SUM($AC$1:$AC$3),"入力ｴﾗｰ",SUM($AC$1:$AC$3)-(F42+I47+L42+O47))) | T42: =IF(S42="","",IF(S42="入力ｴﾗｰ","","m")) | U42: =IF(B42="","",COUNT(F42,I47,L42,O47)-IF(S42=0,1,0)-V42)
R45: =IF(R42="甲","",IF(OR(S42=0,S42="")=TRUE,"",IF(S42="入力ｴﾗｰ","","乙")))
H47: =IF(I47="","",IF(I47=0,"","L=")) | K47: =IF(I47="","",IF(I47=0,"","m")) | N47: =IF(O47="","",IF(O47=0,"","L=")) | Q47: =IF(O47="","",IF(O47=0,"","m")) | AC47: =IF(U42="",0,IF(U42>SUM(W42:AA47),U42-SUM(W42:AA47),0)) -> 0
B50: =IF(S50="","",IF(B42="","",1+B42)) | E50: =IF(F50="","",IF(F50=0,"","L=")) | H50: =IF(F50="","",IF(F50=0,"","m")) | K50: =IF(L50="","",IF(L50=0,"","L=")) | N50: =IF(L50="","",IF(L50=0,"","m")) | R50: =IF(OR(S50="入力ｴﾗｰ",S50=0,S50="")=TRUE,"",IF(F50="","甲",IF(F50=0,"甲",""))) | S50: =IF((F50+I55+L50+O55)=0,"",IF((F50+I55+L50+O55)>SUM($AC$1:$AC$3),"入力ｴﾗｰ",SUM($AC$1:$AC$3)-(F50+I55+L50+O55))) | T50: =IF(S50="","",IF(S50="入力ｴﾗｰ","","m")) | U50: =IF(B50="","",COUNT(F50,I55,L50,O55)-IF(S50=0,1,0)-V50)
R53: =IF(R50="甲","",IF(OR(S50=0,S50="")=TRUE,"",IF(S50="入力ｴﾗｰ","","乙")))
H55: =IF(I55="","",IF(I55=0,"","L=")) | K55: =IF(I55="","",IF(I55=0,"","m")) | N55: =IF(O55="","",IF(O55=0,"","L=")) | Q55: =IF(O55="","",IF(O55=0,"","m")) | AC55: =IF(U50="",0,IF(U50>SUM(W50:AA55),U50-SUM(W50:AA55),0)) -> 0
B58: =IF(S58="","",IF(B50="","",1+B50)) | E58: =IF(F58="","",IF(F58=0,"","L=")) | H58: =IF(F58="","",IF(F58=0,"","m")) | K58: =IF(L58="","",IF(L58=0,"","L=")) | N58: =IF(L58="","",IF(L58=0,"","m")) | R58: =IF(OR(S58="入力ｴﾗｰ",S58=0,S58="")=TRUE,"",IF(F58="","甲",IF(F58=0,"甲",""))) | S58: =IF((F58+I63+L58+O63)=0,"",IF((F58+I63+L58+O63)>SUM($AC$1:$AC$3),"入力ｴﾗｰ",SUM($AC$1:$AC$3)-(F58+I63+L58+O63))) | T58: =IF(S58="","",IF(S58="入力ｴﾗｰ","","m")) | U58: =IF(B58="","",COUNT(F58,I63,L58,O63)-IF(S58=0,1,0)-V58)
R61: =IF(R58="甲","",IF(OR(S58=0,S58="")=TRUE,"",IF(S58="入力ｴﾗｰ","","乙")))
H63: =IF(I63="","",IF(I63=0,"","L=")) | K63: =IF(I63="","",IF(I63=0,"","m")) | N63: =IF(O63="","",IF(O63=0,"","L=")) | Q63: =IF(O63="","",IF(O63=0,"","m")) | AC63: =IF(U58="",0,IF(U58>SUM(W58:AA63),U58-SUM(W58:AA63),0)) -> 0
B66: =IF(S66="","",IF(B58="","",1+B58)) | E66: =IF(F66="","",IF(F66=0,"","L=")) | H66: =IF(F66="","",IF(F66=0,"","m")) | K66: =IF(L66="","",IF(L66=0,"","L=")) | N66: =IF(L66="","",IF(L66=0,"","m")) | R66: =IF(OR(S66="入力ｴﾗｰ",S66=0,S66="")=TRUE,"",IF(F66="","甲",IF(F66=0,"甲",""))) | S66: =IF((F66+I71+L66+O71)=0,"",IF((F66+I71+L66+O71)>SUM($AC$1:$AC$3),"入力ｴﾗｰ",SUM($AC$1:$AC$3)-(F66+I71+L66+O71))) | T66: =IF(S66="","",IF(S66="入力ｴﾗｰ","","m")) | U66: =IF(B66="","",COUNT(F66,I71,L66,O71)-IF(S66=0,1,0)-V66)
R69: =IF(R66="甲","",IF(OR(S66=0,S66="")=TRUE,"",IF(S66="入力ｴﾗｰ","","乙")))
H71: =IF(I71="","",IF(I71=0,"","L=")) | K71: =IF(I71="","",IF(I71=0,"","m")) | N71: =IF(O71="","",IF(O71=0,"","L=")) | Q71: =IF(O71="","",IF(O71=0,"","m")) | AC71: =IF(U66="",0,IF(U66>SUM(W66:AA71),U66-SUM(W66:AA71),0)) -> 0
B74: =IF(S74="","",IF(B66="","",1+B66)) | E74: =IF(F74="","",IF(F74=0,"","L=")) | H74: =IF(F74="","",IF(F74=0,"","m")) | K74: =IF(L74="","",IF(L74=0,"","L=")) | N74: =IF(L74="","",IF(L74=0,"","m")) | R74: =IF(OR(S74="入力ｴﾗｰ",S74=0,S74="")=TRUE,"",IF(F74="","甲",IF(F74=0,"甲",""))) | S74: =IF((F74+I79+L74+O79)=0,"",IF((F74+I79+L74+O79)>SUM($AC$1:$AC$3),"入力ｴﾗｰ",SUM($AC$1:$AC$3)-(F74+I79+L74+O79))) | T74: =IF(S74="","",IF(S74="入力ｴﾗｰ","","m")) | U74: =IF(B74="","",COUNT(F74,I79,L74,O79)-IF(S74=0,1,0)-V74)
R77: =IF(R74="甲","",IF(OR(S74=0,S74="")=TRUE,"",IF(S74="入力ｴﾗｰ","","乙")))
H79: =IF(I79="","",IF(I79=0,"","L=")) | K79: =IF(I79="","",IF(I79=0,"","m")) | N79: =IF(O79="","",IF(O79=0,"","L=")) | Q79: =IF(O79="","",IF(O79=0,"","m")) | AC79: =IF(U74="",0,IF(U74>SUM(W74:AA79),U74-SUM(W74:AA79),0)) -> 0
B82: =IF(S82="","",IF(B74="","",1+B74)) | E82: =IF(F82="","",IF(F82=0,"","L=")) | H82: =IF(F82="","",IF(F82=0,"","m")) | K82: =IF(L82="","",IF(L82=0,"","L=")) | N82: =IF(L82="","",IF(L82=0,"","m")) | R82: =IF(OR(S82="入力ｴﾗｰ",S82=0,S82="")=TRUE,"",IF(F82="","甲",IF(F82=0,"甲",""))) | S82: =IF((F82+I87+L82+O87)=0,"",IF((F82+I87+L82+O87)>SUM($AC$1:$AC$3),"入力ｴﾗｰ",SUM($AC$1:$AC$3)-(F82+I87+L82+O87))) | T82: =IF(S82="","",IF(S82="入力ｴﾗｰ","","m")) | U82: =IF(B82="","",COUNT(F82,I87,L82,O87)-IF(S82=0,1,0)-V82)
R85: =IF(R82="甲","",IF(OR(S82=0,S82="")=TRUE,"",IF(S82="入力ｴﾗｰ","","乙")))
H87: =IF(I87="","",IF(I87=0,"","L=")) | K87: =IF(I87="","",IF(I87=0,"","m")) | N87: =IF(O87="","",IF(O87=0,"","L=")) | Q87: =IF(O87="","",IF(O87=0,"","m")) | AC87: =IF(U82="",0,IF(U82>SUM(W82:AA87),U82-SUM(W82:AA87),0)) -> 0
B90: =IF(S90="","",IF(B82="","",1+B82)) | E90: =IF(F90="","",IF(F90=0,"","L=")) | H90: =IF(F90="","",IF(F90=0,"","m")) | K90: =IF(L90="","",IF(L90=0,"","L=")) | N90: =IF(L90="","",IF(L90=0,"","m")) | R90: =IF(OR(S90="入力ｴﾗｰ",S90=0,S90="")=TRUE,"",IF(F90="","甲",IF(F90=0,"甲",""))) | S90: =IF((F90+I95+L90+O95)=0,"",IF((F90+I95+L90+O95)>SUM($AC$1:$AC$3),"入力ｴﾗｰ",SUM($AC$1:$AC$3)-(F90+I95+L90+O95))) | T90: =IF(S90="","",IF(S90="入力ｴﾗｰ","","m")) | U90: =IF(B90="","",COUNT(F90,I95,L90,O95)-IF(S90=0,1,0)-V90)
R93: =IF(R90="甲","",IF(OR(S90=0,S90="")=TRUE,"",IF(S90="入力ｴﾗｰ","","乙")))
H95: =IF(I95="","",IF(I95=0,"","L=")) | K95: =IF(I95="","",IF(I95=0,"","m")) | N95: =IF(O95="","",IF(O95=0,"","L=")) | Q95: =IF(O95="","",IF(O95=0,"","m")) | AC95: =IF(U90="",0,IF(U90>SUM(W90:AA95),U90-SUM(W90:AA95),0)) -> 0
B98: =IF(S98="","",IF(B90="","",1+B90)) | E98: =IF(F98="","",IF(F98=0,"","L=")) | H98: =IF(F98="","",IF(F98=0,"","m")) | K98: =IF(L98="","",IF(L98=0,"","L=")) | N98: =IF(L98="","",IF(L98=0,"","m")) | R98: =IF(OR(S98="入力ｴﾗｰ",S98=0,S98="")=TRUE,"",IF(F98="","甲",IF(F98=0,"甲",""))) | S98: =IF((F98+I103+L98+O103)=0,"",IF((F98+I103+L98+O103)>SUM($AC$1:$AC$3),"入力ｴﾗｰ",SUM($AC$1:$AC$3)-(F98+I103+L98+O103))) | T98: =IF(S98="","",IF(S98="入力ｴﾗｰ","","m")) | U98: =IF(B98="","",COUNT(F98,I103,L98,O103)-IF(S98=0,1,0)-V98)
R101: =IF(R98="甲","",IF(OR(S98=0,S98="")=TRUE,"",IF(S98="入力ｴﾗｰ","","乙")))
H103: =IF(I103="","",IF(I103=0,"","L=")) | K103: =IF(I103="","",IF(I103=0,"","m")) | N103: =IF(O103="","",IF(O103=0,"","L=")) | Q103: =IF(O103="","",IF(O103=0,"","m")) | AC103: =IF(U98="",0,IF(U98>SUM(W98:AA103),U98-SUM(W98:AA103),0)) -> 0
B106: =IF(S106="","",IF(B98="","",1+B98)) | E106: =IF(F106="","",IF(F106=0,"","L=")) | H106: =IF(F106="","",IF(F106=0,"","m")) | K106: =IF(L106="","",IF(L106=0,"","L=")) | N106: =IF(L106="","",IF(L106=0,"","m")) | R106: =IF(OR(S106="入力ｴﾗｰ",S106=0,S106="")=TRUE,"",IF(F106="","甲",IF(F106=0,"甲",""))) | S106: =IF((F106+I111+L106+O111)=0,"",IF((F106+I111+L106+O111)>SUM($AC$1:$AC$3),"入力ｴﾗｰ",SUM($AC$1:$AC$3)-(F106+I111+L106+O111))) | T106: =IF(S106="","",IF(S106="入力ｴﾗｰ","","m")) | U106: =IF(B106="","",COUNT(F106,I111,L106,O111)-IF(S106=0,1,0)-V106)
R109: =IF(R106="甲","",IF(OR(S106=0,S106="")=TRUE,"",IF(S106="入力ｴﾗｰ","","乙")))
H111: =IF(I111="","",IF(I111=0,"","L=")) | K111: =IF(I111="","",IF(I111=0,"","m")) | N111: =IF(O111="","",IF(O111=0,"","L=")) | Q111: =IF(O111="","",IF(O111=0,"","m")) | AC111: =IF(U106="",0,IF(U106>SUM(W106:AA111),U106-SUM(W106:AA111),0)) -> 0
B113: 合 計 | G113: φ | M113: 本 | T113: m
G114: =U2 -> NS | H114: =Y2 -> 300 | K114: =IF(B10="",0,LARGE(B10:B111,1)) -> 1 | R114: =SUM(S10:S111) -> 5 | U114: =SUM(U10:U111) -> 1 | V114: =SUM(V10:V111) -> 0 | W114: =SUM(W10:W111) -> 1 | X114: =SUM(X10:X111) -> 0 | Y114: =SUM(Y10:Y111) -> 0 | Z114: =SUM(Z10:Z111) -> 0 | AA114: =SUM(AA10:AA111) -> 0 | AC114: =SUM(AC9:AC112) -> 0

Sheet GX　200
B1: 工事名： | C1: ='白紙(5m)'!C1 -> 東白川特2高層配水池揚水管取替工事 | S1: 管 | X1: 口 | AC1: =IF(Y2<=100,4,0) -> 0
U2: GX | Y2: 200 | AC2: =IF(AC1=4,0,IF(Y2<=250,5,0)) -> 5
S3: 種 | W3: 形 | X3: 径 | AA3: ㎜ | AC3: =IF(Y2>250,6,0) -> 0
B5: 管切断工・挿し口加工数量計算書 | U5: ※切管延長に挿し口リング延長を含む
B7: 管番号 | C7: 形 状 | R7: 残延長 | U7: 切断 | W7: 挿 し 口 加 工
U8: ＧＸ形 | V8: ＫＴ形 | W8: ＧＸ形 | X8: ＮＳ形 | Y8: ＫＦ形 | Z8: ＮＳ(溝) | AA8: ＳⅡ(溝)
B10: =IF(S10="","",1) -> 1 | E10: =IF(F10="","",IF(F10=0,"","L=")) -> L= | F10: 2.54 | H10: =IF(F10="","",IF(F10=0,"","m")) -> m | K10: =IF(L10="","",IF(L10=0,"","L=")) | N10: =IF(L10="","",IF(L10=0,"","m")) | R10: =IF(OR(S10="入力ｴﾗｰ",S10=0,S10="")=TRUE,"",IF(F10="","甲",IF(F10=0,"甲",""))) | S10: =IF((F10+I15+L10+O15)=0,"",IF((F10+I15+L10+O15)>SUM($AC$1:$AC$3),"入力ｴﾗｰ",SUM($AC$1:$AC$3)-(F10+I15+L10+O15))) -> 1.57 | T10: =IF(S10="","",IF(S10="入力ｴﾗｰ","","m")) -> m | U10: =IF(B10="","",COUNT(F10,I15,L10,O15)-IF(S10=0,1,0)-V10) -> 2 | W10: 2
R13: =IF(R10="甲","",IF(OR(S10=0,S10="")=TRUE,"",IF(S10="入力ｴﾗｰ","","乙"))) -> 乙
H15: =IF(I15="","",IF(I15=0,"","L=")) | K15: =IF(I15="","",IF(I15=0,"","m")) | N15: =IF(O15="","",IF(O15=0,"","L=")) -> L= | O15: 0.89 | Q15: =IF(O15="","",IF(O15=0,"","m")) -> m | AC15: =IF(U10="",0,IF(U10>SUM(W10:AA15),U10-SUM(W10:AA15),0)) -> 0
B18: =IF(S18="","",IF(B10="","",1+B10)) -> 2 | E18: =IF(F18="","",IF(F18=0,"","L=")) -> L= | F18: 2.86 | H18: =IF(F18="","",IF(F18=0,"","m")) -> m | K18: =IF(L18="","",IF(L18=0,"","L=")) | N18: =IF(L18="","",IF(L18=0,"","m")) | R18: =IF(OR(S18="入力ｴﾗｰ",S18=0,S18="")=TRUE,"",IF(F18="","甲",IF(F18=0,"甲",""))) | S18: =IF((F18+I23+L18+O23)=0,"",IF((F18+I23+L18+O23)>SUM($AC$1:$AC$3),"入力ｴﾗｰ",SUM($AC$1:$AC$3)-(F18+I23+L18+O23))) -> 0.75 | T18: =IF(S18="","",IF(S18="入力ｴﾗｰ","","m")) -> m | U18: =IF(B18="","",COUNT(F18,I23,L18,O23)-IF(S18=0,1,0)-V18) -> 2 | W18: 2
R21: =IF(R18="甲","",IF(OR(S18=0,S18="")=TRUE,"",IF(S18="入力ｴﾗｰ","","乙"))) -> 乙
H23: =IF(I23="","",IF(I23=0,"","L=")) | K23: =IF(I23="","",IF(I23=0,"","m")) | N23: =IF(O23="","",IF(O23=0,"","L=")) -> L= | O23: 1.39 | Q23: =IF(O23="","",IF(O23=0,"","m")) -> m | AC23: =IF(U18="",0,IF(U18>SUM(W18:AA23),U18-SUM(W18:AA23),0)) -> 0
B26: =IF(S26="","",IF(B18="","",1+B18)) -> 3 | E26: =IF(F26="","",IF(F26=0,"","L=")) -> L= | F26: 3.5 | H26: =IF(F26="","",IF(F26=0,"","m")) -> m | K26: =IF(L26="","",IF(L26=0,"","L=")) | N26: =IF(L26="","",IF(L26=0,"","m")) | R26: =IF(OR(S26="入力ｴﾗｰ",S26=0,S26="")=TRUE,"",IF(F26="","甲",IF(F26=0,"甲",""))) | S26: =IF((F26+I31+L26+O31)=0,"",IF((F26+I31+L26+O31)>SUM($AC$1:$AC$3),"入力ｴﾗｰ",SUM($AC$1:$AC$3)-(F26+I31+L26+O31))) -> 1.5 | T26: =IF(S26="","",IF(S26="入力ｴﾗｰ","","m")) -> m | U26: =IF(B26="","",COUNT(F26,I31,L26,O31)-IF(S26=0,1,0)-V26) -> 1 | W26: 1
R29: =IF(R26="甲","",IF(OR(S26=0,S26="")=TRUE,"",IF(S26="入力ｴﾗｰ","","乙"))) -> 乙
H31: =IF(I31="","",IF(I31=0,"","L=")) | K31: =IF(I31="","",IF(I31=0,"","m")) | N31: =IF(O31="","",IF(O31=0,"","L=")) | Q31: =IF(O31="","",IF(O31=0,"","m")) | AC31: =IF(U26="",0,IF(U26>SUM(W26:AA31),U26-SUM(W26:AA31),0)) -> 0
B34: =IF(S34="","",IF(B26="","",1+B26)) -> 4 | E34: =IF(F34="","",IF(F34=0,"","L=")) -> L= | F34: 1 | H34: =IF(F34="","",IF(F34=0,"","m")) -> m | K34: =IF(L34="","",IF(L34=0,"","L=")) | N34: =IF(L34="","",IF(L34=0,"","m")) | R34: =IF(OR(S34="入力ｴﾗｰ",S34=0,S34="")=TRUE,"",IF(F34="","甲",IF(F34=0,"甲",""))) | S34: =IF((F34+I39+L34+O39)=0,"",IF((F34+I39+L34+O39)>SUM($AC$1:$AC$3),"入力ｴﾗｰ",SUM($AC$1:$AC$3)-(F34+I39+L34+O39))) -> 2.54 | T34: =IF(S34="","",IF(S34="入力ｴﾗｰ","","m")) -> m | U34: =IF(B34="","",COUNT(F34,I39,L34,O39)-IF(S34=0,1,0)-V34) -> 2 | W34: 2
R37: =IF(R34="甲","",IF(OR(S34=0,S34="")=TRUE,"",IF(S34="入力ｴﾗｰ","","乙"))) -> 乙
H39: =IF(I39="","",IF(I39=0,"","L=")) | K39: =IF(I39="","",IF(I39=0,"","m")) | N39: =IF(O39="","",IF(O39=0,"","L=")) -> L= | O39: 1.46 | Q39: =IF(O39="","",IF(O39=0,"","m")) -> m | AC39: =IF(U34="",0,IF(U34>SUM(W34:AA39),U34-SUM(W34:AA39),0)) -> 0
B42: =IF(S42="","",IF(B34="","",1+B34)) | E42: =IF(F42="","",IF(F42=0,"","L=")) | H42: =IF(F42="","",IF(F42=0,"","m")) | K42: =IF(L42="","",IF(L42=0,"","L=")) | N42: =IF(L42="","",IF(L42=0,"","m")) | R42: =IF(OR(S42="入力ｴﾗｰ",S42=0,S42="")=TRUE,"",IF(F42="","甲",IF(F42=0,"甲",""))) | S42: =IF((F42+I47+L42+O47)=0,"",IF((F42+I47+L42+O47)>SUM($AC$1:$AC$3),"入力ｴﾗｰ",SUM($AC$1:$AC$3)-(F42+I47+L42+O47))) | T42: =IF(S42="","",IF(S42="入力ｴﾗｰ","","m")) | U42: =IF(B42="","",COUNT(F42,I47,L42,O47)-IF(S42=0,1,0)-V42)
R45: =IF(R42="甲","",IF(OR(S42=0,S42="")=TRUE,"",IF(S42="入力ｴﾗｰ","","乙")))
H47: =IF(I47="","",IF(I47=0,"","L=")) | K47: =IF(I47="","",IF(I47=0,"","m")) | N47: =IF(O47="","",IF(O47=0,"","L=")) | Q47: =IF(O47="","",IF(O47=0,"","m")) | AC47: =IF(U42="",0,IF(U42>SUM(W42:AA47),U42-SUM(W42:AA47),0)) -> 0
B50: =IF(S50="","",IF(B42="","",1+B42)) | E50: =IF(F50="","",IF(F50=0,"","L=")) | H50: =IF(F50="","",IF(F50=0,"","m")) | K50: =IF(L50="","",IF(L50=0,"","L=")) | N50: =IF(L50="","",IF(L50=0,"","m")) | R50: =IF(OR(S50="入力ｴﾗｰ",S50=0,S50="")=TRUE,"",IF(F50="","甲",IF(F50=0,"甲",""))) | S50: =IF((F50+I55+L50+O55)=0,"",IF((F50+I55+L50+O55)>SUM($AC$1:$AC$3),"入力ｴﾗｰ",SUM($AC$1:$AC$3)-(F50+I55+L50+O55))) | T50: =IF(S50="","",IF(S50="入力ｴﾗｰ","","m")) | U50: =IF(B50="","",COUNT(F50,I55,L50,O55)-IF(S50=0,1,0)-V50)
R53: =IF(R50="甲","",IF(OR(S50=0,S50="")=TRUE,"",IF(S50="入力ｴﾗｰ","","乙")))
H55: =IF(I55="","",IF(I55=0,"","L=")) | K55: =IF(I55="","",IF(I55=0,"","m")) | N55: =IF(O55="","",IF(O55=0,"","L=")) | Q55: =IF(O55="","",IF(O55=0,"","m")) | AC55: =IF(U50="",0,IF(U50>SUM(W50:AA55),U50-SUM(W50:AA55),0)) -> 0
B58: =IF(S58="","",IF(B50="","",1+B50)) | E58: =IF(F58="","",IF(F58=0,"","L=")) | H58: =IF(F58="","",IF(F58=0,"","m")) | K58: =IF(L58="","",IF(L58=0,"","L=")) | N58: =IF(L58="","",IF(L58=0,"","m")) | R58: =IF(OR(S58="入力ｴﾗｰ",S58=0,S58="")=TRUE,"",IF(F58="","甲",IF(F58=0,"甲",""))) | S58: =IF((F58+I63+L58+O63)=0,"",IF((F58+I63+L58+O63)>SUM($AC$1:$AC$3),"入力ｴﾗｰ",SUM($AC$1:$AC$3)-(F58+I63+L58+O63))) | T58: =IF(S58="","",IF(S58="入力ｴﾗｰ","","m")) | U58: =IF(B58="","",COUNT(F58,I63,L58,O63)-IF(S58=0,1,0)-V58)
R61: =IF(R58="甲","",IF(OR(S58=0,S58="")=TRUE,"",IF(S58="入力ｴﾗｰ","","乙")))
H63: =IF(I63="","",IF(I63=0,"","L=")) | K63: =IF(I63="","",IF(I63=0,"","m")) | N63: =IF(O63="","",IF(O63=0,"","L=")) | Q63: =IF(O63="","",IF(O63=0,"","m")) | AC63: =IF(U58="",0,IF(U58>SUM(W58:AA63),U58-SUM(W58:AA63),0)) -> 0
B66: =IF(S66="","",IF(B58="","",1+B58)) | E66: =IF(F66="","",IF(F66=0,"","L=")) | H66: =IF(F66="","",IF(F66=0,"","m")) | K66: =IF(L66="","",IF(L66=0,"","L=")) | N66: =IF(L66="","",IF(L66=0,"","m")) | R66: =IF(OR(S66="入力ｴﾗｰ",S66=0,S66="")=TRUE,"",IF(F66="","甲",IF(F66=0,"甲",""))) | S66: =IF((F66+I71+L66+O71)=0,"",IF((F66+I71+L66+O71)>SUM($AC$1:$AC$3),"入力ｴﾗｰ",SUM($AC$1:$AC$3)-(F66+I71+L66+O71))) | T66: =IF(S66="","",IF(S66="入力ｴﾗｰ","","m")) | U66: =IF(B66="","",COUNT(F66,I71,L66,O71)-IF(S66=0,1,0)-V66)
R69: =IF(R66="甲","",IF(OR(S66=0,S66="")=TRUE,"",IF(S66="入力ｴﾗｰ","","乙")))
H71: =IF(I71="","",IF(I71=0,"","L=")) | K71: =IF(I71="","",IF(I71=0,"","m")) | N71: =IF(O71="","",IF(O71=0,"","L=")) | Q71: =IF(O71="","",IF(O71=0,"","m")) | AC71: =IF(U66="",0,IF(U66>SUM(W66:AA71),U66-SUM(W66:AA71),0)) -> 0
B74: =IF(S74="","",IF(B66="","",1+B66)) | E74: =IF(F74="","",IF(F74=0,"","L=")) | H74: =IF(F74="","",IF(F74=0,"","m")) | K74: =IF(L74="","",IF(L74=0,"","L=")) | N74: =IF(L74="","",IF(L74=0,"","m")) | R74: =IF(OR(S74="入力ｴﾗｰ",S74=0,S74="")=TRUE,"",IF(F74="","甲",IF(F74=0,"甲",""))) | S74: =IF((F74+I79+L74+O79)=0,"",IF((F74+I79+L74+O79)>SUM($AC$1:$AC$3),"入力ｴﾗｰ",SUM($AC$1:$AC$3)-(F74+I79+L74+O79))) | T74: =IF(S74="","",IF(S74="入力ｴﾗｰ","","m")) | U74: =IF(B74="","",COUNT(F74,I79,L74,O79)-IF(S74=0,1,0)-V74)
R77: =IF(R74="甲","",IF(OR(S74=0,S74="")=TRUE,"",IF(S74="入力ｴﾗｰ","","乙")))
H79: =IF(I79="","",IF(I79=0,"","L=")) | K79: =IF(I79="","",IF(I79=0,"","m")) | N79: =IF(O79="","",IF(O79=0,"","L=")) | Q79: =IF(O79="","",IF(O79=0,"","m")) | AC79: =IF(U74="",0,IF(U74>SUM(W74:AA79),U74-SUM(W74:AA79),0)) -> 0
B82: =IF(S82="","",IF(B74="","",1+B74)) | E82: =IF(F82="","",IF(F82=0,"","L=")) | H82: =IF(F82="","",IF(F82=0,"","m")) | K82: =IF(L82="","",IF(L82=0,"","L=")) | N82: =IF(L82="","",IF(L82=0,"","m")) | R82: =IF(OR(S82="入力ｴﾗｰ",S82=0,S82="")=TRUE,"",IF(F82="","甲",IF(F82=0,"甲",""))) | S82: =IF((F82+I87+L82+O87)=0,"",IF((F82+I87+L82+O87)>SUM($AC$1:$AC$3),"入力ｴﾗｰ",SUM($AC$1:$AC$3)-(F82+I87+L82+O87))) | T82: =IF(S82="","",IF(S82="入力ｴﾗｰ","","m")) | U82: =IF(B82="","",COUNT(F82,I87,L82,O87)-IF(S82=0,1,0)-V82)
R85: =IF(R82="甲","",IF(OR(S82=0,S82="")=TRUE,"",IF(S82="入力ｴﾗｰ","","乙")))
H87: =IF(I87="","",IF(I87=0,"","L=")) | K87: =IF(I87="","",IF(I87=0,"","m")) | N87: =IF(O87="","",IF(O87=0,"","L=")) | Q87: =IF(O87="","",IF(O87=0,"","m")) | AC87: =IF(U82="",0,IF(U82>SUM(W82:AA87),U82-SUM(W82:AA87),0)) -> 0
B90: =IF(S90="","",IF(B82="","",1+B82)) | E90: =IF(F90="","",IF(F90=0,"","L=")) | H90: =IF(F90="","",IF(F90=0,"","m")) | K90: =IF(L90="","",IF(L90=0,"","L=")) | N90: =IF(L90="","",IF(L90=0,"","m")) | R90: =IF(OR(S90="入力ｴﾗｰ",S90=0,S90="")=TRUE,"",IF(F90="","甲",IF(F90=0,"甲",""))) | S90: =IF((F90+I95+L90+O95)=0,"",IF((F90+I95+L90+O95)>SUM($AC$1:$AC$3),"入力ｴﾗｰ",SUM($AC$1:$AC$3)-(F90+I95+L90+O95))) | T90: =IF(S90="","",IF(S90="入力ｴﾗｰ","","m")) | U90: =IF(B90="","",COUNT(F90,I95,L90,O95)-IF(S90=0,1,0)-V90)
R93: =IF(R90="甲","",IF(OR(S90=0,S90="")=TRUE,"",IF(S90="入力ｴﾗｰ","","乙")))
H95: =IF(I95="","",IF(I95=0,"","L=")) | K95: =IF(I95="","",IF(I95=0,"","m")) | N95: =IF(O95="","",IF(O95=0,"","L=")) | Q95: =IF(O95="","",IF(O95=0,"","m")) | AC95: =IF(U90="",0,IF(U90>SUM(W90:AA95),U90-SUM(W90:AA95),0)) -> 0
B98: =IF(S98="","",IF(B90="","",1+B90)) | E98: =IF(F98="","",IF(F98=0,"","L=")) | H98: =IF(F98="","",IF(F98=0,"","m")) | K98: =IF(L98="","",IF(L98=0,"","L=")) | N98: =IF(L98="","",IF(L98=0,"","m")) | R98: =IF(OR(S98="入力ｴﾗｰ",S98=0,S98="")=TRUE,"",IF(F98="","甲",IF(F98=0,"甲",""))) | S98: =IF((F98+I103+L98+O103)=0,"",IF((F98+I103+L98+O103)>SUM($AC$1:$AC$3),"入力ｴﾗｰ",SUM($AC$1:$AC$3)-(F98+I103+L98+O103))) | T98: =IF(S98="","",IF(S98="入力ｴﾗｰ","","m")) | U98: =IF(B98="","",COUNT(F98,I103,L98,O103)-IF(S98=0,1,0)-V98)
R101: =IF(R98="甲","",IF(OR(S98=0,S98="")=TRUE,"",IF(S98="入力ｴﾗｰ","","乙")))
H103: =IF(I103="","",IF(I103=0,"","L=")) | K103: =IF(I103="","",IF(I103=0,"","m")) | N103: =IF(O103="","",IF(O103=0,"","L=")) | Q103: =IF(O103="","",IF(O103=0,"","m")) | AC103: =IF(U98="",0,IF(U98>SUM(W98:AA103),U98-SUM(W98:AA103),0)) -> 0
B106: =IF(S106="","",IF(B98="","",1+B98)) | E106: =IF(F106="","",IF(F106=0,"","L=")) | H106: =IF(F106="","",IF(F106=0,"","m")) | K106: =IF(L106="","",IF(L106=0,"","L=")) | N106: =IF(L106="","",IF(L106=0,"","m")) | R106: =IF(OR(S106="入力ｴﾗｰ",S106=0,S106="")=TRUE,"",IF(F106="","甲",IF(F106=0,"甲",""))) | S106: =IF((F106+I111+L106+O111)=0,"",IF((F106+I111+L106+O111)>SUM($AC$1:$AC$3),"入力ｴﾗｰ",SUM($AC$1:$AC$3)-(F106+I111+L106+O111))) | T106: =IF(S106="","",IF(S106="入力ｴﾗｰ","","m")) | U106: =IF(B106="","",COUNT(F106,I111,L106,O111)-IF(S106=0,1,0)-V106)
R109: =IF(R106="甲","",IF(OR(S106=0,S106="")=TRUE,"",IF(S106="入力ｴﾗｰ","","乙")))
H111: =IF(I111="","",IF(I111=0,"","L=")) | K111: =IF(I111="","",IF(I111=0,"","m")) | N111: =IF(O111="","",IF(O111=0,"","L=")) | Q111: =IF(O111="","",IF(O111=0,"","m")) | AC111: =IF(U106="",0,IF(U106>SUM(W106:AA111),U106-SUM(W106:AA111),0)) -> 0
B113: 合 計 | G113: φ | M113: 本 | T113: m
G114: =U2 -> GX | H114: =Y2 -> 200 | K114: =IF(B10="",0,LARGE(B10:B111,1)) -> 4 | R114: =SUM(S10:S111) -> 6.36 | U114: =SUM(U10:U111) -> 7 | V114: =SUM(V10:V111) -> 0 | W114: =SUM(W10:W111) -> 7 | X114: =SUM(X10:X111) -> 0 | Y114: =SUM(Y10:Y111) -> 0 | Z114: =SUM(Z10:Z111) -> 0 | AA114: =SUM(AA10:AA111) -> 0 | AC114: =SUM(AC9:AC112) -> 0

Sheet GX　400
B1: 工事名： | C1: ='白紙(5m)'!C1 -> 東白川特2高層配水池揚水管取替工事 | S1: 管 | X1: 口 | AC1: =IF(Y2<=100,4,0) -> 0
U2: GX | Y2: 400 | AC2: =IF(AC1=4,0,IF(Y2<=250,5,0)) -> 0
S3: 種 | W3: 形 | X3: 径 | AA3: ㎜ | AC3: =IF(Y2>250,6,0) -> 6
B5: 管切断工・挿し口加工数量計算書 | U5: ※切管延長に挿し口リング延長を含む
B7: 管番号 | C7: 形 状 | R7: 残延長 | U7: 切断 | W7: 挿 し 口 加 工
U8: ＧＸ形 | V8: ＫＴ形 | W8: ＧＸ形 | X8: ＮＳ形 | Y8: ＫＦ形 | Z8: ＮＳ(溝) | AA8: ＳⅡ(溝)
B10: =IF(S10="","",1) -> 1 | E10: =IF(F10="","",IF(F10=0,"","L=")) -> L= | F10: 2.5 | H10: =IF(F10="","",IF(F10=0,"","m")) -> m | K10: =IF(L10="","",IF(L10=0,"","L=")) | N10: =IF(L10="","",IF(L10=0,"","m")) | R10: =IF(OR(S10="入力ｴﾗｰ",S10=0,S10="")=TRUE,"",IF(F10="","甲",IF(F10=0,"甲",""))) | S10: =IF((F10+I15+L10+O15)=0,"",IF((F10+I15+L10+O15)>SUM($AC$1:$AC$3),"入力ｴﾗｰ",SUM($AC$1:$AC$3)-(F10+I15+L10+O15))) -> 2.1 | T10: =IF(S10="","",IF(S10="入力ｴﾗｰ","","m")) -> m | U10: =IF(B10="","",COUNT(F10,I15,L10,O15)-IF(S10=0,1,0)-V10) -> 2 | W10: 2
R13: =IF(R10="甲","",IF(OR(S10=0,S10="")=TRUE,"",IF(S10="入力ｴﾗｰ","","乙"))) -> 乙
H15: =IF(I15="","",IF(I15=0,"","L=")) | K15: =IF(I15="","",IF(I15=0,"","m")) | N15: =IF(O15="","",IF(O15=0,"","L=")) -> L= | O15: 1.4 | Q15: =IF(O15="","",IF(O15=0,"","m")) -> m | AC15: =IF(U10="",0,IF(U10>SUM(W10:AA15),U10-SUM(W10:AA15),0)) -> 0
B18: =IF(S18="","",IF(B10="","",1+B10)) -> 2 | E18: =IF(F18="","",IF(F18=0,"","L=")) -> L= | F18: 5.6 | H18: =IF(F18="","",IF(F18=0,"","m")) -> m | K18: =IF(L18="","",IF(L18=0,"","L=")) | N18: =IF(L18="","",IF(L18=0,"","m")) | R18: =IF(OR(S18="入力ｴﾗｰ",S18=0,S18="")=TRUE,"",IF(F18="","甲",IF(F18=0,"甲",""))) | S18: =IF((F18+I23+L18+O23)=0,"",IF((F18+I23+L18+O23)>SUM($AC$1:$AC$3),"入力ｴﾗｰ",SUM($AC$1:$AC$3)-(F18+I23+L18+O23))) -> 0.4 | T18: =IF(S18="","",IF(S18="入力ｴﾗｰ","","m")) -> m | U18: =IF(B18="","",COUNT(F18,I23,L18,O23)-IF(S18=0,1,0)-V18) -> 1 | W18: 1
R21: =IF(R18="甲","",IF(OR(S18=0,S18="")=TRUE,"",IF(S18="入力ｴﾗｰ","","乙"))) -> 乙
H23: =IF(I23="","",IF(I23=0,"","L=")) | K23: =IF(I23="","",IF(I23=0,"","m")) | N23: =IF(O23="","",IF(O23=0,"","L=")) | Q23: =IF(O23="","",IF(O23=0,"","m")) | AC23: =IF(U18="",0,IF(U18>SUM(W18:AA23),U18-SUM(W18:AA23),0)) -> 0
B26: =IF(S26="","",IF(B18="","",1+B18)) -> 3 | E26: =IF(F26="","",IF(F26=0,"","L=")) -> L= | F26: 5.5 | H26: =IF(F26="","",IF(F26=0,"","m")) -> m | K26: =IF(L26="","",IF(L26=0,"","L=")) | N26: =IF(L26="","",IF(L26=0,"","m")) | R26: =IF(OR(S26="入力ｴﾗｰ",S26=0,S26="")=TRUE,"",IF(F26="","甲",IF(F26=0,"甲",""))) | S26: =IF((F26+I31+L26+O31)=0,"",IF((F26+I31+L26+O31)>SUM($AC$1:$AC$3),"入力ｴﾗｰ",SUM($AC$1:$AC$3)-(F26+I31+L26+O31))) -> 0.5 | T26: =IF(S26="","",IF(S26="入力ｴﾗｰ","","m")) -> m | U26: =IF(B26="","",COUNT(F26,I31,L26,O31)-IF(S26=0,1,0)-V26) -> 1 | W26: 1
R29: =IF(R26="甲","",IF(OR(S26=0,S26="")=TRUE,"",IF(S26="入力ｴﾗｰ","","乙"))) -> 乙
H31: =IF(I31="","",IF(I31=0,"","L=")) | K31: =IF(I31="","",IF(I31=0,"","m")) | N31: =IF(O31="","",IF(O31=0,"","L=")) | Q31: =IF(O31="","",IF(O31=0,"","m")) | AC31: =IF(U26="",0,IF(U26>SUM(W26:AA31),U26-SUM(W26:AA31),0)) -> 0
B34: =IF(S34="","",IF(B26="","",1+B26)) -> 4 | E34: =IF(F34="","",IF(F34=0,"","L=")) -> L= | F34: 1.9 | H34: =IF(F34="","",IF(F34=0,"","m")) -> m | K34: =IF(L34="","",IF(L34=0,"","L=")) | N34: =IF(L34="","",IF(L34=0,"","m")) | R34: =IF(OR(S34="入力ｴﾗｰ",S34=0,S34="")=TRUE,"",IF(F34="","甲",IF(F34=0,"甲",""))) | S34: =IF((F34+I39+L34+O39)=0,"",IF((F34+I39+L34+O39)>SUM($AC$1:$AC$3),"入力ｴﾗｰ",SUM($AC$1:$AC$3)-(F34+I39+L34+O39))) -> 2.5 | T34: =IF(S34="","",IF(S34="入力ｴﾗｰ","","m")) -> m | U34: =IF(B34="","",COUNT(F34,I39,L34,O39)-IF(S34=0,1,0)-V34) -> 2 | W34: 2
R37: =IF(R34="甲","",IF(OR(S34=0,S34="")=TRUE,"",IF(S34="入力ｴﾗｰ","","乙"))) -> 乙
H39: =IF(I39="","",IF(I39=0,"","L=")) | K39: =IF(I39="","",IF(I39=0,"","m")) | N39: =IF(O39="","",IF(O39=0,"","L=")) -> L= | O39: 1.6 | Q39: =IF(O39="","",IF(O39=0,"","m")) -> m | AC39: =IF(U34="",0,IF(U34>SUM(W34:AA39),U34-SUM(W34:AA39),0)) -> 0
B42: =IF(S42="","",IF(B34="","",1+B34)) -> 5 | E42: =IF(F42="","",IF(F42=0,"","L=")) -> L= | F42: 3.6 | H42: =IF(F42="","",IF(F42=0,"","m")) -> m | K42: =IF(L42="","",IF(L42=0,"","L=")) | N42: =IF(L42="","",IF(L42=0,"","m")) | R42: =IF(OR(S42="入力ｴﾗｰ",S42=0,S42="")=TRUE,"",IF(F42="","甲",IF(F42=0,"甲",""))) | S42: =IF((F42+I47+L42+O47)=0,"",IF((F42+I47+L42+O47)>SUM($AC$1:$AC$3),"入力ｴﾗｰ",SUM($AC$1:$AC$3)-(F42+I47+L42+O47))) -> 0.8 | T42: =IF(S42="","",IF(S42="入力ｴﾗｰ","","m")) -> m | U42: =IF(B42="","",COUNT(F42,I47,L42,O47)-IF(S42=0,1,0)-V42) -> 2 | W42: 2
R45: =IF(R42="甲","",IF(OR(S42=0,S42="")=TRUE,"",IF(S42="入力ｴﾗｰ","","乙"))) -> 乙
H47: =IF(I47="","",IF(I47=0,"","L=")) | K47: =IF(I47="","",IF(I47=0,"","m")) | N47: =IF(O47="","",IF(O47=0,"","L=")) -> L= | O47: 1.6 | Q47: =IF(O47="","",IF(O47=0,"","m")) -> m | AC47: =IF(U42="",0,IF(U42>SUM(W42:AA47),U42-SUM(W42:AA47),0)) -> 0
B50: =IF(S50="","",IF(B42="","",1+B42)) -> 6 | E50: =IF(F50="","",IF(F50=0,"","L=")) -> L= | F50: 2.8 | H50: =IF(F50="","",IF(F50=0,"","m")) -> m | K50: =IF(L50="","",IF(L50=0,"","L=")) | N50: =IF(L50="","",IF(L50=0,"","m")) | R50: =IF(OR(S50="入力ｴﾗｰ",S50=0,S50="")=TRUE,"",IF(F50="","甲",IF(F50=0,"甲",""))) | S50: =IF((F50+I55+L50+O55)=0,"",IF((F50+I55+L50+O55)>SUM($AC$1:$AC$3),"入力ｴﾗｰ",SUM($AC$1:$AC$3)-(F50+I55+L50+O55))) -> 2.1 | T50: =IF(S50="","",IF(S50="入力ｴﾗｰ","","m")) -> m | U50: =IF(B50="","",COUNT(F50,I55,L50,O55)-IF(S50=0,1,0)-V50) -> 2 | W50: 2
R53: =IF(R50="甲","",IF(OR(S50=0,S50="")=TRUE,"",IF(S50="入力ｴﾗｰ","","乙"))) -> 乙
H55: =IF(I55="","",IF(I55=0,"","L=")) | K55: =IF(I55="","",IF(I55=0,"","m")) | N55: =IF(O55="","",IF(O55=0,"","L=")) -> L= | O55: 1.1 | Q55: =IF(O55="","",IF(O55=0,"","m")) -> m | AC55: =IF(U50="",0,IF(U50>SUM(W50:AA55),U50-SUM(W50:AA55),0)) -> 0
B58: =IF(S58="","",IF(B50="","",1+B50)) -> 7 | E58: =IF(F58="","",IF(F58=0,"","L=")) -> L= | F58: 3.8 | H58: =IF(F58="","",IF(F58=0,"","m")) -> m | K58: =IF(L58="","",IF(L58=0,"","L=")) | N58: =IF(L58="","",IF(L58=0,"","m")) | R58: =IF(OR(S58="入力ｴﾗｰ",S58=0,S58="")=TRUE,"",IF(F58="","甲",IF(F58=0,"甲",""))) | S58: =IF((F58+I63+L58+O63)=0,"",IF((F58+I63+L58+O63)>SUM($AC$1:$AC$3),"入力ｴﾗｰ",SUM($AC$1:$AC$3)-(F58+I63+L58+O63))) -> 0.6 | T58: =IF(S58="","",IF(S58="入力ｴﾗｰ","","m")) -> m | U58: =IF(B58="","",COUNT(F58,I63,L58,O63)-IF(S58=0,1,0)-V58) -> 2 | W58: 2
R61: =IF(R58="甲","",IF(OR(S58=0,S58="")=TRUE,"",IF(S58="入力ｴﾗｰ","","乙"))) -> 乙
H63: =IF(I63="","",IF(I63=0,"","L=")) | K63: =IF(I63="","",IF(I63=0,"","m")) | N63: =IF(O63="","",IF(O63=0,"","L=")) -> L= | O63: 1.6 | Q63: =IF(O63="","",IF(O63=0,"","m")) -> m | AC63: =IF(U58="",0,IF(U58>SUM(W58:AA63),U58-SUM(W58:AA63),0)) -> 0
B66: =IF(S66="","",IF(B58="","",1+B58)) -> 8 | E66: =IF(F66="","",IF(F66=0,"","L=")) -> L= | F66: 2.2 | H66: =IF(F66="","",IF(F66=0,"","m")) -> m | K66: =IF(L66="","",IF(L66=0,"","L=")) | N66: =IF(L66="","",IF(L66=0,"","m")) | R66: =IF(OR(S66="入力ｴﾗｰ",S66=0,S66="")=TRUE,"",IF(F66="","甲",IF(F66=0,"甲",""))) | S66: =IF((F66+I71+L66+O71)=0,"",IF((F66+I71+L66+O71)>SUM($AC$1:$AC$3),"入力ｴﾗｰ",SUM($AC$1:$AC$3)-(F66+I71+L66+O71))) -> 2.7 | T66: =IF(S66="","",IF(S66="入力ｴﾗｰ","","m")) -> m | U66: =IF(B66="","",COUNT(F66,I71,L66,O71)-IF(S66=0,1,0)-V66) -> 2 | W66: 2
R69: =IF(R66="甲","",IF(OR(S66=0,S66="")=TRUE,"",IF(S66="入力ｴﾗｰ","","乙"))) -> 乙
H71: =IF(I71="","",IF(I71=0,"","L=")) | K71: =IF(I71="","",IF(I71=0,"","m")) | N71: =IF(O71="","",IF(O71=0,"","L=")) -> L= | O71: 1.1 | Q71: =IF(O71="","",IF(O71=0,"","m")) -> m | AC71: =IF(U66="",0,IF(U66>SUM(W66:AA71),U66-SUM(W66:AA71),0)) -> 0
B74: =IF(S74="","",IF(B66="","",1+B66)) -> 9 | E74: =IF(F74="","",IF(F74=0,"","L=")) -> L= | F74: 3.9 | H74: =IF(F74="","",IF(F74=0,"","m")) -> m | K74: =IF(L74="","",IF(L74=0,"","L=")) | N74: =IF(L74="","",IF(L74=0,"","m")) | R74: =IF(OR(S74="入力ｴﾗｰ",S74=0,S74="")=TRUE,"",IF(F74="","甲",IF(F74=0,"甲",""))) | S74: =IF((F74+I79+L74+O79)=0,"",IF((F74+I79+L74+O79)>SUM($AC$1:$AC$3),"入力ｴﾗｰ",SUM($AC$1:$AC$3)-(F74+I79+L74+O79))) -> 1 | T74: =IF(S74="","",IF(S74="入力ｴﾗｰ","","m")) -> m | U74: =IF(B74="","",COUNT(F74,I79,L74,O79)-IF(S74=0,1,0)-V74) -> 2 | W74: 2
R77: =IF(R74="甲","",IF(OR(S74=0,S74="")=TRUE,"",IF(S74="入力ｴﾗｰ","","乙"))) -> 乙
H79: =IF(I79="","",IF(I79=0,"","L=")) | K79: =IF(I79="","",IF(I79=0,"","m")) | N79: =IF(O79="","",IF(O79=0,"","L=")) -> L= | O79: 1.1 | Q79: =IF(O79="","",IF(O79=0,"","m")) -> m | AC79: =IF(U74="",0,IF(U74>SUM(W74:AA79),U74-SUM(W74:AA79),0)) -> 0
B82: =IF(S82="","",IF(B74="","",1+B74)) -> 10 | E82: =IF(F82="","",IF(F82=0,"","L=")) -> L= | F82: 2.3 | H82: =IF(F82="","",IF(F82=0,"","m")) -> m | K82: =IF(L82="","",IF(L82=0,"","L=")) | N82: =IF(L82="","",IF(L82=0,"","m")) | R82: =IF(OR(S82="入力ｴﾗｰ",S82=0,S82="")=TRUE,"",IF(F82="","甲",IF(F82=0,"甲",""))) | S82: =IF((F82+I87+L82+O87)=0,"",IF((F82+I87+L82+O87)>SUM($AC$1:$AC$3),"入力ｴﾗｰ",SUM($AC$1:$AC$3)-(F82+I87+L82+O87))) -> 3.7 | T82: =IF(S82="","",IF(S82="入力ｴﾗｰ","","m")) -> m | U82: =IF(B82="","",COUNT(F82,I87,L82,O87)-IF(S82=0,1,0)-V82) -> 1 | W82: 1
R85: =IF(R82="甲","",IF(OR(S82=0,S82="")=TRUE,"",IF(S82="入力ｴﾗｰ","","乙"))) -> 乙
H87: =IF(I87="","",IF(I87=0,"","L=")) | K87: =IF(I87="","",IF(I87=0,"","m")) | N87: =IF(O87="","",IF(O87=0,"","L=")) | Q87: =IF(O87="","",IF(O87=0,"","m")) | AC87: =IF(U82="",0,IF(U82>SUM(W82:AA87),U82-SUM(W82:AA87),0)) -> 0
B90: =IF(S90="","",IF(B82="","",1+B82)) -> 11 | E90: =IF(F90="","",IF(F90=0,"","L=")) -> L= | F90: 3.3 | H90: =IF(F90="","",IF(F90=0,"","m")) -> m | K90: =IF(L90="","",IF(L90=0,"","L=")) | N90: =IF(L90="","",IF(L90=0,"","m")) | R90: =IF(OR(S90="入力ｴﾗｰ",S90=0,S90="")=TRUE,"",IF(F90="","甲",IF(F90=0,"甲",""))) | S90: =IF((F90+I95+L90+O95)=0,"",IF((F90+I95+L90+O95)>SUM($AC$1:$AC$3),"入力ｴﾗｰ",SUM($AC$1:$AC$3)-(F90+I95+L90+O95))) -> 2.7 | T90: =IF(S90="","",IF(S90="入力ｴﾗｰ","","m")) -> m | U90: =IF(B90="","",COUNT(F90,I95,L90,O95)-IF(S90=0,1,0)-V90) -> 1 | W90: 1
R93: =IF(R90="甲","",IF(OR(S90=0,S90="")=TRUE,"",IF(S90="入力ｴﾗｰ","","乙"))) -> 乙
H95: =IF(I95="","",IF(I95=0,"","L=")) | K95: =IF(I95="","",IF(I95=0,"","m")) | N95: =IF(O95="","",IF(O95=0,"","L=")) | Q95: =IF(O95="","",IF(O95=0,"","m")) | AC95: =IF(U90="",0,IF(U90>SUM(W90:AA95),U90-SUM(W90:AA95),0)) -> 0
B98: =IF(S98="","",IF(B90="","",1+B90)) -> 12 | E98: =IF(F98="","",IF(F98=0,"","L=")) -> L= | F98: 4 | H98: =IF(F98="","",IF(F98=0,"","m")) -> m | K98: =IF(L98="","",IF(L98=0,"","L=")) | N98: =IF(L98="","",IF(L98=0,"","m")) | R98: =IF(OR(S98="入力ｴﾗｰ",S98=0,S98="")=TRUE,"",IF(F98="","甲",IF(F98=0,"甲",""))) | S98: =IF((F98+I103+L98+O103)=0,"",IF((F98+I103+L98+O103)>SUM($AC$1:$AC$3),"入力ｴﾗｰ",SUM($AC$1:$AC$3)-(F98+I103+L98+O103))) -> 2 | T98: =IF(S98="","",IF(S98="入力ｴﾗｰ","","m")) -> m | U98: =IF(B98="","",COUNT(F98,I103,L98,O103)-IF(S98=0,1,0)-V98) -> 1 | W98: 1
R101: =IF(R98="甲","",IF(OR(S98=0,S98="")=TRUE,"",IF(S98="入力ｴﾗｰ","","乙"))) -> 乙
H103: =IF(I103="","",IF(I103=0,"","L=")) | K103: =IF(I103="","",IF(I103=0,"","m")) | N103: =IF(O103="","",IF(O103=0,"","L=")) | Q103: =IF(O103="","",IF(O103=0,"","m")) | AC103: =IF(U98="",0,IF(U98>SUM(W98:AA103),U98-SUM(W98:AA103),0)) -> 0
B106: =IF(S106="","",IF(B98="","",1+B98)) -> 13 | E106: =IF(F106="","",IF(F106=0,"","L=")) -> L= | F106: 3.7 | H106: =IF(F106="","",IF(F106=0,"","m")) -> m | K106: =IF(L106="","",IF(L106=0,"","L=")) | N106: =IF(L106="","",IF(L106=0,"","m")) | R106: =IF(OR(S106="入力ｴﾗｰ",S106=0,S106="")=TRUE,"",IF(F106="","甲",IF(F106=0,"甲",""))) | S106: =IF((F106+I111+L106+O111)=0,"",IF((F106+I111+L106+O111)>SUM($AC$1:$AC$3),"入力ｴﾗｰ",SUM($AC$1:$AC$3)-(F106+I111+L106+O111))) -> 2.3 | T106: =IF(S106="","",IF(S106="入力ｴﾗｰ","","m")) -> m | U106: =IF(B106="","",COUNT(F106,I111,L106,O111)-IF(S106=0,1,0)-V106) -> 1 | W106: 1
R109: =IF(R106="甲","",IF(OR(S106=0,S106="")=TRUE,"",IF(S106="入力ｴﾗｰ","","乙"))) -> 乙
H111: =IF(I111="","",IF(I111=0,"","L=")) | K111: =IF(I111="","",IF(I111=0,"","m")) | N111: =IF(O111="","",IF(O111=0,"","L=")) | Q111: =IF(O111="","",IF(O111=0,"","m")) | AC111: =IF(U106="",0,IF(U106>SUM(W106:AA111),U106-SUM(W106:AA111),0)) -> 0
B113: 小 計 | G113: φ | M113: 本 | T113: m
G114: =U2 -> GX | H114: =Y2 -> 400 | K114: =IF(B10="",0,LARGE(B10:B111,1)) -> 13 | R114: =SUM(S10:S111) -> 23.4 | U114: =SUM(U10:U111) -> 20 | V114: =SUM(V10:V111) -> 0 | W114: =SUM(W10:W111) -> 20 | X114: =SUM(X10:X111) -> 0 | Y114: =SUM(Y10:Y111) -> 0 | Z114: =SUM(Z10:Z111) -> 0 | AA114: =SUM(AA10:AA111) -> 0 | AC114: =SUM(AC9:AC112) -> 0

Sheet GX　400 (2)
B1: 工事名： | C1: ='白紙(5m)'!C1 -> 東白川特2高層配水池揚水管取替工事 | S1: 管 | X1: 口 | AC1: =IF(Y2<=100,4,0) -> 0
U2: GX | Y2: 400 | AC2: =IF(AC1=4,0,IF(Y2<=250,5,0)) -> 0
S3: 種 | W3: 形 | X3: 径 | AA3: ㎜ | AC3: =IF(Y2>250,6,0) -> 6
B5: 管切断工・挿し口加工数量計算書 | U5: ※切管延長に挿し口リング延長を含む
B7: 管番号 | C7: 形 状 | R7: 残延長 | U7: 切断 | W7: 挿 し 口 加 工
U8: ＧＸ形 | V8: ＫＴ形 | W8: ＧＸ形 | X8: ＮＳ形 | Y8: ＫＦ形 | Z8: ＮＳ(溝) | AA8: ＳⅡ(溝)
B10: =IF(S10="","",1)+13 -> 14 | E10: =IF(F10="","",IF(F10=0,"","L=")) -> L= | F10: 2 | H10: =IF(F10="","",IF(F10=0,"","m")) -> m | K10: =IF(L10="","",IF(L10=0,"","L=")) | N10: =IF(L10="","",IF(L10=0,"","m")) | R10: =IF(OR(S10="入力ｴﾗｰ",S10=0,S10="")=TRUE,"",IF(F10="","甲",IF(F10=0,"甲",""))) | S10: =IF((F10+I15+L10+O15)=0,"",IF((F10+I15+L10+O15)>SUM($AC$1:$AC$3),"入力ｴﾗｰ",SUM($AC$1:$AC$3)-(F10+I15+L10+O15))) -> 4 | T10: =IF(S10="","",IF(S10="入力ｴﾗｰ","","m")) -> m | U10: =IF(B10="","",COUNT(F10,I15,L10,O15)-IF(S10=0,1,0)-V10) -> 1 | W10: 1
R13: =IF(R10="甲","",IF(OR(S10=0,S10="")=TRUE,"",IF(S10="入力ｴﾗｰ","","乙"))) -> 乙
H15: =IF(I15="","",IF(I15=0,"","L=")) | K15: =IF(I15="","",IF(I15=0,"","m")) | N15: =IF(O15="","",IF(O15=0,"","L=")) | Q15: =IF(O15="","",IF(O15=0,"","m")) | AC15: =IF(U10="",0,IF(U10>SUM(W10:AA15),U10-SUM(W10:AA15),0)) -> 0
B18: =IF(S18="","",IF(B10="","",1+B10)) -> 15 | E18: =IF(F18="","",IF(F18=0,"","L=")) -> L= | F18: 3.3 | H18: =IF(F18="","",IF(F18=0,"","m")) -> m | K18: =IF(L18="","",IF(L18=0,"","L=")) | N18: =IF(L18="","",IF(L18=0,"","m")) | R18: =IF(OR(S18="入力ｴﾗｰ",S18=0,S18="")=TRUE,"",IF(F18="","甲",IF(F18=0,"甲",""))) | S18: =IF((F18+I23+L18+O23)=0,"",IF((F18+I23+L18+O23)>SUM($AC$1:$AC$3),"入力ｴﾗｰ",SUM($AC$1:$AC$3)-(F18+I23+L18+O23))) -> 2.7 | T18: =IF(S18="","",IF(S18="入力ｴﾗｰ","","m")) -> m | U18: =IF(B18="","",COUNT(F18,I23,L18,O23)-IF(S18=0,1,0)-V18) -> 1 | W18: 1
R21: =IF(R18="甲","",IF(OR(S18=0,S18="")=TRUE,"",IF(S18="入力ｴﾗｰ","","乙"))) -> 乙
H23: =IF(I23="","",IF(I23=0,"","L=")) | K23: =IF(I23="","",IF(I23=0,"","m")) | N23: =IF(O23="","",IF(O23=0,"","L=")) | Q23: =IF(O23="","",IF(O23=0,"","m")) | AC23: =IF(U18="",0,IF(U18>SUM(W18:AA23),U18-SUM(W18:AA23),0)) -> 0
B26: =IF(S26="","",IF(B18="","",1+B18)) -> 16 | E26: =IF(F26="","",IF(F26=0,"","L=")) -> L= | F26: 5.1 | H26: =IF(F26="","",IF(F26=0,"","m")) -> m | K26: =IF(L26="","",IF(L26=0,"","L=")) | N26: =IF(L26="","",IF(L26=0,"","m")) | R26: =IF(OR(S26="入力ｴﾗｰ",S26=0,S26="")=TRUE,"",IF(F26="","甲",IF(F26=0,"甲",""))) | S26: =IF((F26+I31+L26+O31)=0,"",IF((F26+I31+L26+O31)>SUM($AC$1:$AC$3),"入力ｴﾗｰ",SUM($AC$1:$AC$3)-(F26+I31+L26+O31))) -> 0.9 | T26: =IF(S26="","",IF(S26="入力ｴﾗｰ","","m")) -> m | U26: =IF(B26="","",COUNT(F26,I31,L26,O31)-IF(S26=0,1,0)-V26) -> 1 | W26: 1
R29: =IF(R26="甲","",IF(OR(S26=0,S26="")=TRUE,"",IF(S26="入力ｴﾗｰ","","乙"))) -> 乙
H31: =IF(I31="","",IF(I31=0,"","L=")) | K31: =IF(I31="","",IF(I31=0,"","m")) | N31: =IF(O31="","",IF(O31=0,"","L=")) | Q31: =IF(O31="","",IF(O31=0,"","m")) | AC31: =IF(U26="",0,IF(U26>SUM(W26:AA31),U26-SUM(W26:AA31),0)) -> 0
B34: =IF(S34="","",IF(B26="","",1+B26)) -> 17 | E34: =IF(F34="","",IF(F34=0,"","L=")) -> L= | F34: 2.39 | H34: =IF(F34="","",IF(F34=0,"","m")) -> m | K34: =IF(L34="","",IF(L34=0,"","L=")) | N34: =IF(L34="","",IF(L34=0,"","m")) | R34: =IF(OR(S34="入力ｴﾗｰ",S34=0,S34="")=TRUE,"",IF(F34="","甲",IF(F34=0,"甲",""))) | S34: =IF((F34+I39+L34+O39)=0,"",IF((F34+I39+L34+O39)>SUM($AC$1:$AC$3),"入力ｴﾗｰ",SUM($AC$1:$AC$3)-(F34+I39+L34+O39))) -> 3.61 | T34: =IF(S34="","",IF(S34="入力ｴﾗｰ","","m")) -> m | U34: =IF(B34="","",COUNT(F34,I39,L34,O39)-IF(S34=0,1,0)-V34) -> 1 | W34: 1
R37: =IF(R34="甲","",IF(OR(S34=0,S34="")=TRUE,"",IF(S34="入力ｴﾗｰ","","乙"))) -> 乙
H39: =IF(I39="","",IF(I39=0,"","L=")) | K39: =IF(I39="","",IF(I39=0,"","m")) | N39: =IF(O39="","",IF(O39=0,"","L=")) | Q39: =IF(O39="","",IF(O39=0,"","m")) | AC39: =IF(U34="",0,IF(U34>SUM(W34:AA39),U34-SUM(W34:AA39),0)) -> 0
B42: =IF(S42="","",IF(B34="","",1+B34)) -> 18 | E42: =IF(F42="","",IF(F42=0,"","L=")) -> L= | F42: 4.42 | H42: =IF(F42="","",IF(F42=0,"","m")) -> m | K42: =IF(L42="","",IF(L42=0,"","L=")) | N42: =IF(L42="","",IF(L42=0,"","m")) | R42: =IF(OR(S42="入力ｴﾗｰ",S42=0,S42="")=TRUE,"",IF(F42="","甲",IF(F42=0,"甲",""))) | S42: =IF((F42+I47+L42+O47)=0,"",IF((F42+I47+L42+O47)>SUM($AC$1:$AC$3),"入力ｴﾗｰ",SUM($AC$1:$AC$3)-(F42+I47+L42+O47))) -> 1.58 | T42: =IF(S42="","",IF(S42="入力ｴﾗｰ","","m")) -> m | U42: =IF(B42="","",COUNT(F42,I47,L42,O47)-IF(S42=0,1,0)-V42) -> 1 | W42: 1
R45: =IF(R42="甲","",IF(OR(S42=0,S42="")=TRUE,"",IF(S42="入力ｴﾗｰ","","乙"))) -> 乙
H47: =IF(I47="","",IF(I47=0,"","L=")) | K47: =IF(I47="","",IF(I47=0,"","m")) | N47: =IF(O47="","",IF(O47=0,"","L=")) | Q47: =IF(O47="","",IF(O47=0,"","m")) | AC47: =IF(U42="",0,IF(U42>SUM(W42:AA47),U42-SUM(W42:AA47),0)) -> 0
B50: =IF(S50="","",IF(B42="","",1+B42)) -> 19 | E50: =IF(F50="","",IF(F50=0,"","L=")) -> L= | F50: 4 | H50: =IF(F50="","",IF(F50=0,"","m")) -> m | K50: =IF(L50="","",IF(L50=0,"","L=")) | N50: =IF(L50="","",IF(L50=0,"","m")) | R50: =IF(OR(S50="入力ｴﾗｰ",S50=0,S50="")=TRUE,"",IF(F50="","甲",IF(F50=0,"甲",""))) | S50: =IF((F50+I55+L50+O55)=0,"",IF((F50+I55+L50+O55)>SUM($AC$1:$AC$3),"入力ｴﾗｰ",SUM($AC$1:$AC$3)-(F50+I55+L50+O55))) -> 2 | T50: =IF(S50="","",IF(S50="入力ｴﾗｰ","","m")) -> m | U50: =IF(B50="","",COUNT(F50,I55,L50,O55)-IF(S50=0,1,0)-V50) -> 1 | W50: 1
R53: =IF(R50="甲","",IF(OR(S50=0,S50="")=TRUE,"",IF(S50="入力ｴﾗｰ","","乙"))) -> 乙
H55: =IF(I55="","",IF(I55=0,"","L=")) | K55: =IF(I55="","",IF(I55=0,"","m")) | N55: =IF(O55="","",IF(O55=0,"","L=")) | Q55: =IF(O55="","",IF(O55=0,"","m")) | AC55: =IF(U50="",0,IF(U50>SUM(W50:AA55),U50-SUM(W50:AA55),0)) -> 0
B58: =IF(S58="","",IF(B50="","",1+B50)) -> 20 | E58: =IF(F58="","",IF(F58=0,"","L=")) -> L= | F58: 3.5 | H58: =IF(F58="","",IF(F58=0,"","m")) -> m | K58: =IF(L58="","",IF(L58=0,"","L=")) | N58: =IF(L58="","",IF(L58=0,"","m")) | R58: =IF(OR(S58="入力ｴﾗｰ",S58=0,S58="")=TRUE,"",IF(F58="","甲",IF(F58=0,"甲",""))) | S58: =IF((F58+I63+L58+O63)=0,"",IF((F58+I63+L58+O63)>SUM($AC$1:$AC$3),"入力ｴﾗｰ",SUM($AC$1:$AC$3)-(F58+I63+L58+O63))) -> 2.5 | T58: =IF(S58="","",IF(S58="入力ｴﾗｰ","","m")) -> m | U58: =IF(B58="","",COUNT(F58,I63,L58,O63)-IF(S58=0,1,0)-V58) -> 1 | W58: 1
R61: =IF(R58="甲","",IF(OR(S58=0,S58="")=TRUE,"",IF(S58="入力ｴﾗｰ","","乙"))) -> 乙
H63: =IF(I63="","",IF(I63=0,"","L=")) | K63: =IF(I63="","",IF(I63=0,"","m")) | N63: =IF(O63="","",IF(O63=0,"","L=")) | Q63: =IF(O63="","",IF(O63=0,"","m")) | AC63: =IF(U58="",0,IF(U58>SUM(W58:AA63),U58-SUM(W58:AA63),0)) -> 0
B66: =IF(S66="","",IF(B58="","",1+B58)) -> 21 | E66: =IF(F66="","",IF(F66=0,"","L=")) -> L= | F66: 3.4 | H66: =IF(F66="","",IF(F66=0,"","m")) -> m | K66: =IF(L66="","",IF(L66=0,"","L=")) | N66: =IF(L66="","",IF(L66=0,"","m")) | R66: =IF(OR(S66="入力ｴﾗｰ",S66=0,S66="")=TRUE,"",IF(F66="","甲",IF(F66=0,"甲",""))) | S66: =IF((F66+I71+L66+O71)=0,"",IF((F66+I71+L66+O71)>SUM($AC$1:$AC$3),"入力ｴﾗｰ",SUM($AC$1:$AC$3)-(F66+I71+L66+O71))) -> 2.6 | T66: =IF(S66="","",IF(S66="入力ｴﾗｰ","","m")) -> m | U66: =IF(B66="","",COUNT(F66,I71,L66,O71)-IF(S66=0,1,0)-V66) -> 1 | W66: 1
R69: =IF(R66="甲","",IF(OR(S66=0,S66="")=TRUE,"",IF(S66="入力ｴﾗｰ","","乙"))) -> 乙
H71: =IF(I71="","",IF(I71=0,"","L=")) | K71: =IF(I71="","",IF(I71=0,"","m")) | N71: =IF(O71="","",IF(O71=0,"","L=")) | Q71: =IF(O71="","",IF(O71=0,"","m")) | AC71: =IF(U66="",0,IF(U66>SUM(W66:AA71),U66-SUM(W66:AA71),0)) -> 0
B74: =IF(S74="","",IF(B66="","",1+B66)) -> 22 | E74: =IF(F74="","",IF(F74=0,"","L=")) -> L= | F74: 2.2 | H74: =IF(F74="","",IF(F74=0,"","m")) -> m | K74: =IF(L74="","",IF(L74=0,"","L=")) | N74: =IF(L74="","",IF(L74=0,"","m")) | R74: =IF(OR(S74="入力ｴﾗｰ",S74=0,S74="")=TRUE,"",IF(F74="","甲",IF(F74=0,"甲",""))) | S74: =IF((F74+I79+L74+O79)=0,"",IF((F74+I79+L74+O79)>SUM($AC$1:$AC$3),"入力ｴﾗｰ",SUM($AC$1:$AC$3)-(F74+I79+L74+O79))) -> 3.8 | T74: =IF(S74="","",IF(S74="入力ｴﾗｰ","","m")) -> m | U74: =IF(B74="","",COUNT(F74,I79,L74,O79)-IF(S74=0,1,0)-V74) -> 1 | W74: 1
R77: =IF(R74="甲","",IF(OR(S74=0,S74="")=TRUE,"",IF(S74="入力ｴﾗｰ","","乙"))) -> 乙
H79: =IF(I79="","",IF(I79=0,"","L=")) | K79: =IF(I79="","",IF(I79=0,"","m")) | N79: =IF(O79="","",IF(O79=0,"","L=")) | Q79: =IF(O79="","",IF(O79=0,"","m")) | AC79: =IF(U74="",0,IF(U74>SUM(W74:AA79),U74-SUM(W74:AA79),0)) -> 0
B82: =IF(S82="","",IF(B74="","",1+B74)) -> 23 | E82: =IF(F82="","",IF(F82=0,"","L=")) -> L= | F82: 4 | H82: =IF(F82="","",IF(F82=0,"","m")) -> m | K82: =IF(L82="","",IF(L82=0,"","L=")) | N82: =IF(L82="","",IF(L82=0,"","m")) | R82: =IF(OR(S82="入力ｴﾗｰ",S82=0,S82="")=TRUE,"",IF(F82="","甲",IF(F82=0,"甲",""))) | S82: =IF((F82+I87+L82+O87)=0,"",IF((F82+I87+L82+O87)>SUM($AC$1:$AC$3),"入力ｴﾗｰ",SUM($AC$1:$AC$3)-(F82+I87+L82+O87))) -> 2 | T82: =IF(S82="","",IF(S82="入力ｴﾗｰ","","m")) -> m | U82: =IF(B82="","",COUNT(F82,I87,L82,O87)-IF(S82=0,1,0)-V82) -> 1 | W82: 1
R85: =IF(R82="甲","",IF(OR(S82=0,S82="")=TRUE,"",IF(S82="入力ｴﾗｰ","","乙"))) -> 乙
H87: =IF(I87="","",IF(I87=0,"","L=")) | K87: =IF(I87="","",IF(I87=0,"","m")) | N87: =IF(O87="","",IF(O87=0,"","L=")) | Q87: =IF(O87="","",IF(O87=0,"","m")) | AC87: =IF(U82="",0,IF(U82>SUM(W82:AA87),U82-SUM(W82:AA87),0)) -> 0
B90: =IF(S90="","",IF(B82="","",1+B82)) -> 24 | E90: =IF(F90="","",IF(F90=0,"","L=")) -> L= | F90: 1.6 | H90: =IF(F90="","",IF(F90=0,"","m")) -> m | K90: =IF(L90="","",IF(L90=0,"","L=")) | N90: =IF(L90="","",IF(L90=0,"","m")) | R90: =IF(OR(S90="入力ｴﾗｰ",S90=0,S90="")=TRUE,"",IF(F90="","甲",IF(F90=0,"甲",""))) | S90: =IF((F90+I95+L90+O95)=0,"",IF((F90+I95+L90+O95)>SUM($AC$1:$AC$3),"入力ｴﾗｰ",SUM($AC$1:$AC$3)-(F90+I95+L90+O95))) -> 4.4 | T90: =IF(S90="","",IF(S90="入力ｴﾗｰ","","m")) -> m | U90: =IF(B90="","",COUNT(F90,I95,L90,O95)-IF(S90=0,1,0)-V90) -> 1 | W90: 1
R93: =IF(R90="甲","",IF(OR(S90=0,S90="")=TRUE,"",IF(S90="入力ｴﾗｰ","","乙"))) -> 乙
H95: =IF(I95="","",IF(I95=0,"","L=")) | K95: =IF(I95="","",IF(I95=0,"","m")) | N95: =IF(O95="","",IF(O95=0,"","L=")) | Q95: =IF(O95="","",IF(O95=0,"","m")) | AC95: =IF(U90="",0,IF(U90>SUM(W90:AA95),U90-SUM(W90:AA95),0)) -> 0
B98: =IF(S98="","",IF(B90="","",1+B90)) -> 25 | E98: =IF(F98="","",IF(F98=0,"","L=")) -> L= | F98: 3.8 | H98: =IF(F98="","",IF(F98=0,"","m")) -> m | K98: =IF(L98="","",IF(L98=0,"","L=")) | N98: =IF(L98="","",IF(L98=0,"","m")) | R98: =IF(OR(S98="入力ｴﾗｰ",S98=0,S98="")=TRUE,"",IF(F98="","甲",IF(F98=0,"甲",""))) | S98: =IF((F98+I103+L98+O103)=0,"",IF((F98+I103+L98+O103)>SUM($AC$1:$AC$3),"入力ｴﾗｰ",SUM($AC$1:$AC$3)-(F98+I103+L98+O103))) -> 2.2 | T98: =IF(S98="","",IF(S98="入力ｴﾗｰ","","m")) -> m | U98: =IF(B98="","",COUNT(F98,I103,L98,O103)-IF(S98=0,1,0)-V98) -> 1 | W98: 1
R101: =IF(R98="甲","",IF(OR(S98=0,S98="")=TRUE,"",IF(S98="入力ｴﾗｰ","","乙"))) -> 乙
H103: =IF(I103="","",IF(I103=0,"","L=")) | K103: =IF(I103="","",IF(I103=0,"","m")) | N103: =IF(O103="","",IF(O103=0,"","L=")) | Q103: =IF(O103="","",IF(O103=0,"","m")) | AC103: =IF(U98="",0,IF(U98>SUM(W98:AA103),U98-SUM(W98:AA103),0)) -> 0
B106: =IF(S106="","",IF(B98="","",1+B98)) -> 26 | E106: =IF(F106="","",IF(F106=0,"","L=")) -> L= | F106: 4.1 | H106: =IF(F106="","",IF(F106=0,"","m")) -> m | K106: =IF(L106="","",IF(L106=0,"","L=")) | N106: =IF(L106="","",IF(L106=0,"","m")) | R106: =IF(OR(S106="入力ｴﾗｰ",S106=0,S106="")=TRUE,"",IF(F106="","甲",IF(F106=0,"甲",""))) | S106: =IF((F106+I111+L106+O111)=0,"",IF((F106+I111+L106+O111)>SUM($AC$1:$AC$3),"入力ｴﾗｰ",SUM($AC$1:$AC$3)-(F106+I111+L106+O111))) -> 0 | T106: =IF(S106="","",IF(S106="入力ｴﾗｰ","","m")) -> m | U106: =IF(B106="","",COUNT(F106,I111,L106,O111)-IF(S106=0,1,0)-V106) -> 1 | W106: 2
R109: =IF(R106="甲","",IF(OR(S106=0,S106="")=TRUE,"",IF(S106="入力ｴﾗｰ","","乙")))
H111: =IF(I111="","",IF(I111=0,"","L=")) | K111: =IF(I111="","",IF(I111=0,"","m")) | N111: =IF(O111="","",IF(O111=0,"","L=")) -> L= | O111: 1.9 | Q111: =IF(O111="","",IF(O111=0,"","m")) -> m | AC111: =IF(U106="",0,IF(U106>SUM(W106:AA111),U106-SUM(W106:AA111),0)) -> 0
B113: 小 計 | G113: φ | M113: 本 | T113: m
G114: =U2 -> GX | H114: =Y2 -> 400 | K114: 13 | R114: =SUM(S10:S111) -> 32.29 | U114: =SUM(U10:U111) -> 13 | V114: =SUM(V10:V111) -> 0 | W114: =SUM(W10:W111) -> 14 | X114: =SUM(X10:X111) -> 0 | Y114: =SUM(Y10:Y111) -> 0 | Z114: =SUM(Z10:Z111) -> 0 | AA114: =SUM(AA10:AA111) -> 0 | AC114: =SUM(AC9:AC112) -> 0

Sheet GX　400 (3)
B1: 工事名： | C1: ='白紙(5m)'!C1 -> 東白川特2高層配水池揚水管取替工事 | S1: 管 | X1: 口 | AC1: =IF(Y2<=100,4,0) -> 0
U2: GX | Y2: 400 | AC2: =IF(AC1=4,0,IF(Y2<=250,5,0)) -> 0
S3: 種 | W3: 形 | X3: 径 | AA3: ㎜ | AC3: =IF(Y2>250,6,0) -> 6
B5: 管切断工・挿し口加工数量計算書 | U5: ※切管延長に挿し口リング延長を含む
B7: 管番号 | C7: 形 状 | R7: 残延長 | U7: 切断 | W7: 挿 し 口 加 工
U8: ＧＸ形 | V8: ＫＴ形 | W8: ＧＸ形 | X8: ＮＳ形 | Y8: ＫＦ形 | Z8: ＮＳ(溝) | AA8: ＳⅡ(溝)
B10: =IF(S10="","",1)+26 -> 27 | E10: =IF(F10="","",IF(F10=0,"","L=")) -> L= | F10: 3.9 | H10: =IF(F10="","",IF(F10=0,"","m")) -> m | K10: =IF(L10="","",IF(L10=0,"","L=")) | N10: =IF(L10="","",IF(L10=0,"","m")) | R10: =IF(OR(S10="入力ｴﾗｰ",S10=0,S10="")=TRUE,"",IF(F10="","甲",IF(F10=0,"甲",""))) | S10: =IF((F10+I15+L10+O15)=0,"",IF((F10+I15+L10+O15)>SUM($AC$1:$AC$3),"入力ｴﾗｰ",SUM($AC$1:$AC$3)-(F10+I15+L10+O15))) -> 2.1 | T10: =IF(S10="","",IF(S10="入力ｴﾗｰ","","m")) -> m | U10: =IF(B10="","",COUNT(F10,I15,L10,O15)-IF(S10=0,1,0)-V10) -> 1 | W10: 1
R13: =IF(R10="甲","",IF(OR(S10=0,S10="")=TRUE,"",IF(S10="入力ｴﾗｰ","","乙"))) -> 乙
H15: =IF(I15="","",IF(I15=0,"","L=")) | K15: =IF(I15="","",IF(I15=0,"","m")) | N15: =IF(O15="","",IF(O15=0,"","L=")) | Q15: =IF(O15="","",IF(O15=0,"","m")) | AC15: =IF(U10="",0,IF(U10>SUM(W10:AA15),U10-SUM(W10:AA15),0)) -> 0
B18: =IF(S18="","",IF(B10="","",1+B10)) -> 28 | E18: =IF(F18="","",IF(F18=0,"","L=")) -> L= | F18: 5.6 | H18: =IF(F18="","",IF(F18=0,"","m")) -> m | K18: =IF(L18="","",IF(L18=0,"","L=")) | N18: =IF(L18="","",IF(L18=0,"","m")) | R18: =IF(OR(S18="入力ｴﾗｰ",S18=0,S18="")=TRUE,"",IF(F18="","甲",IF(F18=0,"甲",""))) | S18: =IF((F18+I23+L18+O23)=0,"",IF((F18+I23+L18+O23)>SUM($AC$1:$AC$3),"入力ｴﾗｰ",SUM($AC$1:$AC$3)-(F18+I23+L18+O23))) -> 0.4 | T18: =IF(S18="","",IF(S18="入力ｴﾗｰ","","m")) -> m | U18: =IF(B18="","",COUNT(F18,I23,L18,O23)-IF(S18=0,1,0)-V18) -> 1 | W18: 1
R21: =IF(R18="甲","",IF(OR(S18=0,S18="")=TRUE,"",IF(S18="入力ｴﾗｰ","","乙"))) -> 乙
H23: =IF(I23="","",IF(I23=0,"","L=")) | K23: =IF(I23="","",IF(I23=0,"","m")) | N23: =IF(O23="","",IF(O23=0,"","L=")) | Q23: =IF(O23="","",IF(O23=0,"","m")) | AC23: =IF(U18="",0,IF(U18>SUM(W18:AA23),U18-SUM(W18:AA23),0)) -> 0
B26: =IF(S26="","",IF(B18="","",1+B18)) -> 29 | E26: =IF(F26="","",IF(F26=0,"","L=")) -> L= | F26: 1.7 | H26: =IF(F26="","",IF(F26=0,"","m")) -> m | K26: =IF(L26="","",IF(L26=0,"","L=")) | N26: =IF(L26="","",IF(L26=0,"","m")) | R26: =IF(OR(S26="入力ｴﾗｰ",S26=0,S26="")=TRUE,"",IF(F26="","甲",IF(F26=0,"甲",""))) | S26: =IF((F26+I31+L26+O31)=0,"",IF((F26+I31+L26+O31)>SUM($AC$1:$AC$3),"入力ｴﾗｰ",SUM($AC$1:$AC$3)-(F26+I31+L26+O31))) -> 4.3 | T26: =IF(S26="","",IF(S26="入力ｴﾗｰ","","m")) -> m | U26: =IF(B26="","",COUNT(F26,I31,L26,O31)-IF(S26=0,1,0)-V26) -> 1 | W26: 1
R29: =IF(R26="甲","",IF(OR(S26=0,S26="")=TRUE,"",IF(S26="入力ｴﾗｰ","","乙"))) -> 乙
H31: =IF(I31="","",IF(I31=0,"","L=")) | K31: =IF(I31="","",IF(I31=0,"","m")) | N31: =IF(O31="","",IF(O31=0,"","L=")) | Q31: =IF(O31="","",IF(O31=0,"","m")) | AC31: =IF(U26="",0,IF(U26>SUM(W26:AA31),U26-SUM(W26:AA31),0)) -> 0
B34: =IF(S34="","",IF(B26="","",1+B26)) -> 30 | E34: =IF(F34="","",IF(F34=0,"","L=")) -> L= | F34: 1.2 | H34: =IF(F34="","",IF(F34=0,"","m")) -> m | K34: =IF(L34="","",IF(L34=0,"","L=")) | N34: =IF(L34="","",IF(L34=0,"","m")) | R34: =IF(OR(S34="入力ｴﾗｰ",S34=0,S34="")=TRUE,"",IF(F34="","甲",IF(F34=0,"甲",""))) | S34: =IF((F34+I39+L34+O39)=0,"",IF((F34+I39+L34+O39)>SUM($AC$1:$AC$3),"入力ｴﾗｰ",SUM($AC$1:$AC$3)-(F34+I39+L34+O39))) -> 4.8 | T34: =IF(S34="","",IF(S34="入力ｴﾗｰ","","m")) -> m | U34: =IF(B34="","",COUNT(F34,I39,L34,O39)-IF(S34=0,1,0)-V34) -> 1 | W34: 1
R37: =IF(R34="甲","",IF(OR(S34=0,S34="")=TRUE,"",IF(S34="入力ｴﾗｰ","","乙"))) -> 乙
H39: =IF(I39="","",IF(I39=0,"","L=")) | K39: =IF(I39="","",IF(I39=0,"","m")) | N39: =IF(O39="","",IF(O39=0,"","L=")) | Q39: =IF(O39="","",IF(O39=0,"","m")) | AC39: =IF(U34="",0,IF(U34>SUM(W34:AA39),U34-SUM(W34:AA39),0)) -> 0
B42: =IF(S42="","",IF(B34="","",1+B34)) -> 31 | E42: =IF(F42="","",IF(F42=0,"","L=")) -> L= | F42: 1.5 | H42: =IF(F42="","",IF(F42=0,"","m")) -> m | K42: =IF(L42="","",IF(L42=0,"","L=")) | N42: =IF(L42="","",IF(L42=0,"","m")) | R42: =IF(OR(S42="入力ｴﾗｰ",S42=0,S42="")=TRUE,"",IF(F42="","甲",IF(F42=0,"甲",""))) | S42: =IF((F42+I47+L42+O47)=0,"",IF((F42+I47+L42+O47)>SUM($AC$1:$AC$3),"入力ｴﾗｰ",SUM($AC$1:$AC$3)-(F42+I47+L42+O47))) -> 4.5 | T42: =IF(S42="","",IF(S42="入力ｴﾗｰ","","m")) -> m | U42: =IF(B42="","",COUNT(F42,I47,L42,O47)-IF(S42=0,1,0)-V42) -> 1 | W42: 1
R45: =IF(R42="甲","",IF(OR(S42=0,S42="")=TRUE,"",IF(S42="入力ｴﾗｰ","","乙"))) -> 乙
H47: =IF(I47="","",IF(I47=0,"","L=")) | K47: =IF(I47="","",IF(I47=0,"","m")) | N47: =IF(O47="","",IF(O47=0,"","L=")) | Q47: =IF(O47="","",IF(O47=0,"","m")) | AC47: =IF(U42="",0,IF(U42>SUM(W42:AA47),U42-SUM(W42:AA47),0)) -> 0
B50: =IF(S50="","",IF(B42="","",1+B42)) -> 32 | E50: =IF(F50="","",IF(F50=0,"","L=")) -> L= | F50: 1.5 | H50: =IF(F50="","",IF(F50=0,"","m")) -> m | K50: =IF(L50="","",IF(L50=0,"","L=")) | N50: =IF(L50="","",IF(L50=0,"","m")) | R50: =IF(OR(S50="入力ｴﾗｰ",S50=0,S50="")=TRUE,"",IF(F50="","甲",IF(F50=0,"甲",""))) | S50: =IF((F50+I55+L50+O55)=0,"",IF((F50+I55+L50+O55)>SUM($AC$1:$AC$3),"入力ｴﾗｰ",SUM($AC$1:$AC$3)-(F50+I55+L50+O55))) -> 4.5 | T50: =IF(S50="","",IF(S50="入力ｴﾗｰ","","m")) -> m | U50: =IF(B50="","",COUNT(F50,I55,L50,O55)-IF(S50=0,1,0)-V50) -> 1 | W50: 1
R53: =IF(R50="甲","",IF(OR(S50=0,S50="")=TRUE,"",IF(S50="入力ｴﾗｰ","","乙"))) -> 乙
H55: =IF(I55="","",IF(I55=0,"","L=")) | K55: =IF(I55="","",IF(I55=0,"","m")) | N55: =IF(O55="","",IF(O55=0,"","L=")) | Q55: =IF(O55="","",IF(O55=0,"","m")) | AC55: =IF(U50="",0,IF(U50>SUM(W50:AA55),U50-SUM(W50:AA55),0)) -> 0
B58: =IF(S58="","",IF(B50="","",1+B50)) -> 33 | E58: =IF(F58="","",IF(F58=0,"","L=")) -> L= | F58: 3.9 | H58: =IF(F58="","",IF(F58=0,"","m")) -> m | K58: =IF(L58="","",IF(L58=0,"","L=")) | N58: =IF(L58="","",IF(L58=0,"","m")) | R58: =IF(OR(S58="入力ｴﾗｰ",S58=0,S58="")=TRUE,"",IF(F58="","甲",IF(F58=0,"甲",""))) | S58: =IF((F58+I63+L58+O63)=0,"",IF((F58+I63+L58+O63)>SUM($AC$1:$AC$3),"入力ｴﾗｰ",SUM($AC$1:$AC$3)-(F58+I63+L58+O63))) -> 2.1 | T58: =IF(S58="","",IF(S58="入力ｴﾗｰ","","m")) -> m | U58: =IF(B58="","",COUNT(F58,I63,L58,O63)-IF(S58=0,1,0)-V58) -> 1 | W58: 1
R61: =IF(R58="甲","",IF(OR(S58=0,S58="")=TRUE,"",IF(S58="入力ｴﾗｰ","","乙"))) -> 乙
H63: =IF(I63="","",IF(I63=0,"","L=")) | K63: =IF(I63="","",IF(I63=0,"","m")) | N63: =IF(O63="","",IF(O63=0,"","L=")) | Q63: =IF(O63="","",IF(O63=0,"","m")) | AC63: =IF(U58="",0,IF(U58>SUM(W58:AA63),U58-SUM(W58:AA63),0)) -> 0
B66: =IF(S66="","",IF(B58="","",1+B58)) -> 34 | E66: =IF(F66="","",IF(F66=0,"","L=")) -> L= | F66: 4.9 | H66: =IF(F66="","",IF(F66=0,"","m")) -> m | K66: =IF(L66="","",IF(L66=0,"","L=")) | N66: =IF(L66="","",IF(L66=0,"","m")) | R66: =IF(OR(S66="入力ｴﾗｰ",S66=0,S66="")=TRUE,"",IF(F66="","甲",IF(F66=0,"甲",""))) | S66: =IF((F66+I71+L66+O71)=0,"",IF((F66+I71+L66+O71)>SUM($AC$1:$AC$3),"入力ｴﾗｰ",SUM($AC$1:$AC$3)-(F66+I71+L66+O71))) -> 0 | T66: =IF(S66="","",IF(S66="入力ｴﾗｰ","","m")) -> m | U66: =IF(B66="","",COUNT(F66,I71,L66,O71)-IF(S66=0,1,0)-V66) -> 1 | W66: 2
R69: =IF(R66="甲","",IF(OR(S66=0,S66="")=TRUE,"",IF(S66="入力ｴﾗｰ","","乙")))
H71: =IF(I71="","",IF(I71=0,"","L=")) | K71: =IF(I71="","",IF(I71=0,"","m")) | N71: =IF(O71="","",IF(O71=0,"","L=")) -> L= | O71: 1.1 | Q71: =IF(O71="","",IF(O71=0,"","m")) -> m | AC71: =IF(U66="",0,IF(U66>SUM(W66:AA71),U66-SUM(W66:AA71),0)) -> 0
B74: =IF(S74="","",IF(B66="","",1+B66)) -> 35 | E74: =IF(F74="","",IF(F74=0,"","L=")) -> L= | F74: 1.4 | H74: =IF(F74="","",IF(F74=0,"","m")) -> m | K74: =IF(L74="","",IF(L74=0,"","L=")) | N74: =IF(L74="","",IF(L74=0,"","m")) | R74: =IF(OR(S74="入力ｴﾗｰ",S74=0,S74="")=TRUE,"",IF(F74="","甲",IF(F74=0,"甲",""))) | S74: =IF((F74+I79+L74+O79)=0,"",IF((F74+I79+L74+O79)>SUM($AC$1:$AC$3),"入力ｴﾗｰ",SUM($AC$1:$AC$3)-(F74+I79+L74+O79))) -> 4.6 | T74: =IF(S74="","",IF(S74="入力ｴﾗｰ","","m")) -> m | U74: =IF(B74="","",COUNT(F74,I79,L74,O79)-IF(S74=0,1,0)-V74) -> 1 | W74: 1
R77: =IF(R74="甲","",IF(OR(S74=0,S74="")=TRUE,"",IF(S74="入力ｴﾗｰ","","乙"))) -> 乙
H79: =IF(I79="","",IF(I79=0,"","L=")) | K79: =IF(I79="","",IF(I79=0,"","m")) | N79: =IF(O79="","",IF(O79=0,"","L=")) | Q79: =IF(O79="","",IF(O79=0,"","m")) | AC79: =IF(U74="",0,IF(U74>SUM(W74:AA79),U74-SUM(W74:AA79),0)) -> 0
B82: =IF(S82="","",IF(B74="","",1+B74)) -> 36 | E82: =IF(F82="","",IF(F82=0,"","L=")) -> L= | F82: 1.7 | H82: =IF(F82="","",IF(F82=0,"","m")) -> m | K82: =IF(L82="","",IF(L82=0,"","L=")) | N82: =IF(L82="","",IF(L82=0,"","m")) | R82: =IF(OR(S82="入力ｴﾗｰ",S82=0,S82="")=TRUE,"",IF(F82="","甲",IF(F82=0,"甲",""))) | S82: =IF((F82+I87+L82+O87)=0,"",IF((F82+I87+L82+O87)>SUM($AC$1:$AC$3),"入力ｴﾗｰ",SUM($AC$1:$AC$3)-(F82+I87+L82+O87))) -> 4.3 | T82: =IF(S82="","",IF(S82="入力ｴﾗｰ","","m")) -> m | U82: =IF(B82="","",COUNT(F82,I87,L82,O87)-IF(S82=0,1,0)-V82) -> 1 | W82: 1
R85: =IF(R82="甲","",IF(OR(S82=0,S82="")=TRUE,"",IF(S82="入力ｴﾗｰ","","乙"))) -> 乙
H87: =IF(I87="","",IF(I87=0,"","L=")) | K87: =IF(I87="","",IF(I87=0,"","m")) | N87: =IF(O87="","",IF(O87=0,"","L=")) | Q87: =IF(O87="","",IF(O87=0,"","m")) | AC87: =IF(U82="",0,IF(U82>SUM(W82:AA87),U82-SUM(W82:AA87),0)) -> 0
B90: =IF(S90="","",IF(B82="","",1+B82)) -> 37 | E90: =IF(F90="","",IF(F90=0,"","L=")) -> L= | F90: 5.7 | H90: =IF(F90="","",IF(F90=0,"","m")) -> m | K90: =IF(L90="","",IF(L90=0,"","L=")) | N90: =IF(L90="","",IF(L90=0,"","m")) | R90: =IF(OR(S90="入力ｴﾗｰ",S90=0,S90="")=TRUE,"",IF(F90="","甲",IF(F90=0,"甲",""))) | S90: =IF((F90+I95+L90+O95)=0,"",IF((F90+I95+L90+O95)>SUM($AC$1:$AC$3),"入力ｴﾗｰ",SUM($AC$1:$AC$3)-(F90+I95+L90+O95))) -> 0.3 | T90: =IF(S90="","",IF(S90="入力ｴﾗｰ","","m")) -> m | U90: =IF(B90="","",COUNT(F90,I95,L90,O95)-IF(S90=0,1,0)-V90) -> 1 | W90: 1
R93: =IF(R90="甲","",IF(OR(S90=0,S90="")=TRUE,"",IF(S90="入力ｴﾗｰ","","乙"))) -> 乙
H95: =IF(I95="","",IF(I95=0,"","L=")) | K95: =IF(I95="","",IF(I95=0,"","m")) | N95: =IF(O95="","",IF(O95=0,"","L=")) | Q95: =IF(O95="","",IF(O95=0,"","m")) | AC95: =IF(U90="",0,IF(U90>SUM(W90:AA95),U90-SUM(W90:AA95),0)) -> 0
B98: =IF(S98="","",IF(B90="","",1+B90)) -> 38 | E98: =IF(F98="","",IF(F98=0,"","L=")) -> L= | F98: 2 | H98: =IF(F98="","",IF(F98=0,"","m")) -> m | K98: =IF(L98="","",IF(L98=0,"","L=")) | N98: =IF(L98="","",IF(L98=0,"","m")) | R98: =IF(OR(S98="入力ｴﾗｰ",S98=0,S98="")=TRUE,"",IF(F98="","甲",IF(F98=0,"甲",""))) | S98: =IF((F98+I103+L98+O103)=0,"",IF((F98+I103+L98+O103)>SUM($AC$1:$AC$3),"入力ｴﾗｰ",SUM($AC$1:$AC$3)-(F98+I103+L98+O103))) -> 4 | T98: =IF(S98="","",IF(S98="入力ｴﾗｰ","","m")) -> m | U98: =IF(B98="","",COUNT(F98,I103,L98,O103)-IF(S98=0,1,0)-V98) -> 1 | W98: 1
R101: =IF(R98="甲","",IF(OR(S98=0,S98="")=TRUE,"",IF(S98="入力ｴﾗｰ","","乙"))) -> 乙
H103: =IF(I103="","",IF(I103=0,"","L=")) | K103: =IF(I103="","",IF(I103=0,"","m")) | N103: =IF(O103="","",IF(O103=0,"","L=")) | Q103: =IF(O103="","",IF(O103=0,"","m")) | AC103: =IF(U98="",0,IF(U98>SUM(W98:AA103),U98-SUM(W98:AA103),0)) -> 0
B106: =IF(S106="","",IF(B98="","",1+B98)) -> 39 | E106: =IF(F106="","",IF(F106=0,"","L=")) -> L= | F106: 3.08 | H106: =IF(F106="","",IF(F106=0,"","m")) -> m | K106: =IF(L106="","",IF(L106=0,"","L=")) | N106: =IF(L106="","",IF(L106=0,"","m")) | R106: =IF(OR(S106="入力ｴﾗｰ",S106=0,S106="")=TRUE,"",IF(F106="","甲",IF(F106=0,"甲",""))) | S106: =IF((F106+I111+L106+O111)=0,"",IF((F106+I111+L106+O111)>SUM($AC$1:$AC$3),"入力ｴﾗｰ",SUM($AC$1:$AC$3)-(F106+I111+L106+O111))) -> 1.82 | T106: =IF(S106="","",IF(S106="入力ｴﾗｰ","","m")) -> m | U106: =IF(B106="","",COUNT(F106,I111,L106,O111)-IF(S106=0,1,0)-V106) -> 2 | W106: 2
R109: =IF(R106="甲","",IF(OR(S106=0,S106="")=TRUE,"",IF(S106="入力ｴﾗｰ","","乙"))) -> 乙
H111: =IF(I111="","",IF(I111=0,"","L=")) | K111: =IF(I111="","",IF(I111=0,"","m")) | N111: =IF(O111="","",IF(O111=0,"","L=")) -> L= | O111: 1.1 | Q111: =IF(O111="","",IF(O111=0,"","m")) -> m | AC111: =IF(U106="",0,IF(U106>SUM(W106:AA111),U106-SUM(W106:AA111),0)) -> 0
B113: 小 計 | G113: φ | M113: 本 | T113: m
G114: =U2 -> GX | H114: =Y2 -> 400 | K114: 13 | R114: =SUM(S10:S111) -> 37.72 | U114: =SUM(U10:U111) -> 14 | V114: =SUM(V10:V111) -> 0 | W114: =SUM(W10:W111) -> 15 | X114: =SUM(X10:X111) -> 0 | Y114: =SUM(Y10:Y111) -> 0 | Z114: =SUM(Z10:Z111) -> 0 | AA114: =SUM(AA10:AA111) -> 0 | AC114: =SUM(AC9:AC112) -> 0

Sheet GX　400 (4)
B1: 工事名： | C1: ='白紙(5m)'!C1 -> 東白川特2高層配水池揚水管取替工事 | S1: 管 | X1: 口 | AC1: =IF(Y2<=100,4,0) -> 0
U2: GX | Y2: 400 | AC2: =IF(AC1=4,0,IF(Y2<=250,5,0)) -> 0
S3: 種 | W3: 形 | X3: 径 | AA3: ㎜ | AC3: =IF(Y2>250,6,0) -> 6
B5: 管切断工・挿し口加工数量計算書 | U5: ※切管延長に挿し口リング延長を含む
B7: 管番号 | C7: 形 状 | R7: 残延長 | U7: 切断 | W7: 挿 し 口 加 工
U8: ＧＸ形 | V8: ＫＴ形 | W8: ＧＸ形 | X8: ＮＳ形 | Y8: ＫＦ形 | Z8: ＮＳ(溝) | AA8: ＳⅡ(溝)
B10: =IF(S10="","",1)+39 -> 40 | E10: =IF(F10="","",IF(F10=0,"","L=")) -> L= | F10: 3.3 | H10: =IF(F10="","",IF(F10=0,"","m")) -> m | K10: =IF(L10="","",IF(L10=0,"","L=")) | N10: =IF(L10="","",IF(L10=0,"","m")) | R10: =IF(OR(S10="入力ｴﾗｰ",S10=0,S10="")=TRUE,"",IF(F10="","甲",IF(F10=0,"甲",""))) | S10: =IF((F10+I15+L10+O15)=0,"",IF((F10+I15+L10+O15)>SUM($AC$1:$AC$3),"入力ｴﾗｰ",SUM($AC$1:$AC$3)-(F10+I15+L10+O15))) -> 2.7 | T10: =IF(S10="","",IF(S10="入力ｴﾗｰ","","m")) -> m | U10: =IF(B10="","",COUNT(F10,I15,L10,O15)-IF(S10=0,1,0)-V10) -> 1 | W10: 1
R13: =IF(R10="甲","",IF(OR(S10=0,S10="")=TRUE,"",IF(S10="入力ｴﾗｰ","","乙"))) -> 乙
H15: =IF(I15="","",IF(I15=0,"","L=")) | K15: =IF(I15="","",IF(I15=0,"","m")) | N15: =IF(O15="","",IF(O15=0,"","L=")) | Q15: =IF(O15="","",IF(O15=0,"","m")) | AC15: =IF(U10="",0,IF(U10>SUM(W10:AA15),U10-SUM(W10:AA15),0)) -> 0
B18: =IF(S18="","",IF(B10="","",1+B10)) | E18: =IF(F18="","",IF(F18=0,"","L=")) | H18: =IF(F18="","",IF(F18=0,"","m")) | K18: =IF(L18="","",IF(L18=0,"","L=")) | N18: =IF(L18="","",IF(L18=0,"","m")) | R18: =IF(OR(S18="入力ｴﾗｰ",S18=0,S18="")=TRUE,"",IF(F18="","甲",IF(F18=0,"甲",""))) | S18: =IF((F18+I23+L18+O23)=0,"",IF((F18+I23+L18+O23)>SUM($AC$1:$AC$3),"入力ｴﾗｰ",SUM($AC$1:$AC$3)-(F18+I23+L18+O23))) | T18: =IF(S18="","",IF(S18="入力ｴﾗｰ","","m")) | U18: =IF(B18="","",COUNT(F18,I23,L18,O23)-IF(S18=0,1,0)-V18)
R21: =IF(R18="甲","",IF(OR(S18=0,S18="")=TRUE,"",IF(S18="入力ｴﾗｰ","","乙")))
H23: =IF(I23="","",IF(I23=0,"","L=")) | K23: =IF(I23="","",IF(I23=0,"","m")) | N23: =IF(O23="","",IF(O23=0,"","L=")) | Q23: =IF(O23="","",IF(O23=0,"","m")) | AC23: =IF(U18="",0,IF(U18>SUM(W18:AA23),U18-SUM(W18:AA23),0)) -> 0
B26: =IF(S26="","",IF(B18="","",1+B18)) | E26: =IF(F26="","",IF(F26=0,"","L=")) | H26: =IF(F26="","",IF(F26=0,"","m")) | K26: =IF(L26="","",IF(L26=0,"","L=")) | N26: =IF(L26="","",IF(L26=0,"","m")) | R26: =IF(OR(S26="入力ｴﾗｰ",S26=0,S26="")=TRUE,"",IF(F26="","甲",IF(F26=0,"甲",""))) | S26: =IF((F26+I31+L26+O31)=0,"",IF((F26+I31+L26+O31)>SUM($AC$1:$AC$3),"入力ｴﾗｰ",SUM($AC$1:$AC$3)-(F26+I31+L26+O31))) | T26: =IF(S26="","",IF(S26="入力ｴﾗｰ","","m")) | U26: =IF(B26="","",COUNT(F26,I31,L26,O31)-IF(S26=0,1,0)-V26)
R29: =IF(R26="甲","",IF(OR(S26=0,S26="")=TRUE,"",IF(S26="入力ｴﾗｰ","","乙")))
H31: =IF(I31="","",IF(I31=0,"","L=")) | K31: =IF(I31="","",IF(I31=0,"","m")) | N31: =IF(O31="","",IF(O31=0,"","L=")) | Q31: =IF(O31="","",IF(O31=0,"","m")) | AC31: =IF(U26="",0,IF(U26>SUM(W26:AA31),U26-SUM(W26:AA31),0)) -> 0
B34: =IF(S34="","",IF(B26="","",1+B26)) | E34: =IF(F34="","",IF(F34=0,"","L=")) | H34: =IF(F34="","",IF(F34=0,"","m")) | K34: =IF(L34="","",IF(L34=0,"","L=")) | N34: =IF(L34="","",IF(L34=0,"","m")) | R34: =IF(OR(S34="入力ｴﾗｰ",S34=0,S34="")=TRUE,"",IF(F34="","甲",IF(F34=0,"甲",""))) | S34: =IF((F34+I39+L34+O39)=0,"",IF((F34+I39+L34+O39)>SUM($AC$1:$AC$3),"入力ｴﾗｰ",SUM($AC$1:$AC$3)-(F34+I39+L34+O39))) | T34: =IF(S34="","",IF(S34="入力ｴﾗｰ","","m"))
R37: =IF(R34="甲","",IF(OR(S34=0,S34="")=TRUE,"",IF(S34="入力ｴﾗｰ","","乙")))
H39: =IF(I39="","",IF(I39=0,"","L=")) | K39: =IF(I39="","",IF(I39=0,"","m")) | N39: =IF(O39="","",IF(O39=0,"","L=")) | Q39: =IF(O39="","",IF(O39=0,"","m")) | AC39: =IF(U34="",0,IF(U34>SUM(W34:AA39),U34-SUM(W34:AA39),0)) -> 0
B42: =IF(S42="","",IF(B34="","",1+B34)) | E42: =IF(F42="","",IF(F42=0,"","L=")) | H42: =IF(F42="","",IF(F42=0,"","m")) | K42: =IF(L42="","",IF(L42=0,"","L=")) | N42: =IF(L42="","",IF(L42=0,"","m")) | R42: =IF(OR(S42="入力ｴﾗｰ",S42=0,S42="")=TRUE,"",IF(F42="","甲",IF(F42=0,"甲",""))) | S42: =IF((F42+I47+L42+O47)=0,"",IF((F42+I47+L42+O47)>SUM($AC$1:$AC$3),"入力ｴﾗｰ",SUM($AC$1:$AC$3)-(F42+I47+L42+O47))) | T42: =IF(S42="","",IF(S42="入力ｴﾗｰ","","m")) | U42: =IF(B42="","",COUNT(F42,I47,L42,O47)-IF(S42=0,1,0)-V42)
R45: =IF(R42="甲","",IF(OR(S42=0,S42="")=TRUE,"",IF(S42="入力ｴﾗｰ","","乙")))
H47: =IF(I47="","",IF(I47=0,"","L=")) | K47: =IF(I47="","",IF(I47=0,"","m")) | N47: =IF(O47="","",IF(O47=0,"","L=")) | Q47: =IF(O47="","",IF(O47=0,"","m")) | AC47: =IF(U42="",0,IF(U42>SUM(W42:AA47),U42-SUM(W42:AA47),0)) -> 0
B50: =IF(S50="","",IF(B42="","",1+B42)) | E50: =IF(F50="","",IF(F50=0,"","L=")) | H50: =IF(F50="","",IF(F50=0,"","m")) | K50: =IF(L50="","",IF(L50=0,"","L=")) | N50: =IF(L50="","",IF(L50=0,"","m")) | R50: =IF(OR(S50="入力ｴﾗｰ",S50=0,S50="")=TRUE,"",IF(F50="","甲",IF(F50=0,"甲",""))) | S50: =IF((F50+I55+L50+O55)=0,"",IF((F50+I55+L50+O55)>SUM($AC$1:$AC$3),"入力ｴﾗｰ",SUM($AC$1:$AC$3)-(F50+I55+L50+O55))) | T50: =IF(S50="","",IF(S50="入力ｴﾗｰ","","m")) | U50: =IF(B50="","",COUNT(F50,I55,L50,O55)-IF(S50=0,1,0)-V50)
R53: =IF(R50="甲","",IF(OR(S50=0,S50="")=TRUE,"",IF(S50="入力ｴﾗｰ","","乙")))
H55: =IF(I55="","",IF(I55=0,"","L=")) | K55: =IF(I55="","",IF(I55=0,"","m")) | N55: =IF(O55="","",IF(O55=0,"","L=")) | Q55: =IF(O55="","",IF(O55=0,"","m")) | AC55: =IF(U50="",0,IF(U50>SUM(W50:AA55),U50-SUM(W50:AA55),0)) -> 0
B58: =IF(S58="","",IF(B50="","",1+B50)) | E58: =IF(F58="","",IF(F58=0,"","L=")) | H58: =IF(F58="","",IF(F58=0,"","m")) | K58: =IF(L58="","",IF(L58=0,"","L=")) | N58: =IF(L58="","",IF(L58=0,"","m")) | R58: =IF(OR(S58="入力ｴﾗｰ",S58=0,S58="")=TRUE,"",IF(F58="","甲",IF(F58=0,"甲",""))) | S58: =IF((F58+I63+L58+O63)=0,"",IF((F58+I63+L58+O63)>SUM($AC$1:$AC$3),"入力ｴﾗｰ",SUM($AC$1:$AC$3)-(F58+I63+L58+O63))) | T58: =IF(S58="","",IF(S58="入力ｴﾗｰ","","m")) | U58: =IF(B58="","",COUNT(F58,I63,L58,O63)-IF(S58=0,1,0)-V58)
R61: =IF(R58="甲","",IF(OR(S58=0,S58="")=TRUE,"",IF(S58="入力ｴﾗｰ","","乙")))
H63: =IF(I63="","",IF(I63=0,"","L=")) | K63: =IF(I63="","",IF(I63=0,"","m")) | N63: =IF(O63="","",IF(O63=0,"","L=")) | Q63: =IF(O63="","",IF(O63=0,"","m")) | AC63: =IF(U58="",0,IF(U58>SUM(W58:AA63),U58-SUM(W58:AA63),0)) -> 0
B66: =IF(S66="","",IF(B58="","",1+B58)) | E66: =IF(F66="","",IF(F66=0,"","L=")) | H66: =IF(F66="","",IF(F66=0,"","m")) | K66: =IF(L66="","",IF(L66=0,"","L=")) | N66: =IF(L66="","",IF(L66=0,"","m")) | R66: =IF(OR(S66="入力ｴﾗｰ",S66=0,S66="")=TRUE,"",IF(F66="","甲",IF(F66=0,"甲",""))) | S66: =IF((F66+I71+L66+O71)=0,"",IF((F66+I71+L66+O71)>SUM($AC$1:$AC$3),"入力ｴﾗｰ",SUM($AC$1:$AC$3)-(F66+I71+L66+O71))) | T66: =IF(S66="","",IF(S66="入力ｴﾗｰ","","m")) | U66: =IF(B66="","",COUNT(F66,I71,L66,O71)-IF(S66=0,1,0)-V66)
R69: =IF(R66="甲","",IF(OR(S66=0,S66="")=TRUE,"",IF(S66="入力ｴﾗｰ","","乙")))
H71: =IF(I71="","",IF(I71=0,"","L=")) | K71: =IF(I71="","",IF(I71=0,"","m")) | N71: =IF(O71="","",IF(O71=0,"","L=")) | Q71: =IF(O71="","",IF(O71=0,"","m")) | AC71: =IF(U66="",0,IF(U66>SUM(W66:AA71),U66-SUM(W66:AA71),0)) -> 0
B74: =IF(S74="","",IF(B66="","",1+B66)) | E74: =IF(F74="","",IF(F74=0,"","L=")) | H74: =IF(F74="","",IF(F74=0,"","m")) | K74: =IF(L74="","",IF(L74=0,"","L=")) | N74: =IF(L74="","",IF(L74=0,"","m")) | R74: =IF(OR(S74="入力ｴﾗｰ",S74=0,S74="")=TRUE,"",IF(F74="","甲",IF(F74=0,"甲",""))) | S74: =IF((F74+I79+L74+O79)=0,"",IF((F74+I79+L74+O79)>SUM($AC$1:$AC$3),"入力ｴﾗｰ",SUM($AC$1:$AC$3)-(F74+I79+L74+O79))) | T74: =IF(S74="","",IF(S74="入力ｴﾗｰ","","m")) | U74: =IF(B74="","",COUNT(F74,I79,L74,O79)-IF(S74=0,1,0)-V74)
R77: =IF(R74="甲","",IF(OR(S74=0,S74="")=TRUE,"",IF(S74="入力ｴﾗｰ","","乙")))
H79: =IF(I79="","",IF(I79=0,"","L=")) | K79: =IF(I79="","",IF(I79=0,"","m")) | N79: =IF(O79="","",IF(O79=0,"","L=")) | Q79: =IF(O79="","",IF(O79=0,"","m")) | AC79: =IF(U74="",0,IF(U74>SUM(W74:AA79),U74-SUM(W74:AA79),0)) -> 0
B82: =IF(S82="","",IF(B74="","",1+B74)) | E82: =IF(F82="","",IF(F82=0,"","L=")) | H82: =IF(F82="","",IF(F82=0,"","m")) | K82: =IF(L82="","",IF(L82=0,"","L=")) | N82: =IF(L82="","",IF(L82=0,"","m")) | R82: =IF(OR(S82="入力ｴﾗｰ",S82=0,S82="")=TRUE,"",IF(F82="","甲",IF(F82=0,"甲",""))) | S82: =IF((F82+I87+L82+O87)=0,"",IF((F82+I87+L82+O87)>SUM($AC$1:$AC$3),"入力ｴﾗｰ",SUM($AC$1:$AC$3)-(F82+I87+L82+O87))) | T82: =IF(S82="","",IF(S82="入力ｴﾗｰ","","m")) | U82: =IF(B82="","",COUNT(F82,I87,L82,O87)-IF(S82=0,1,0)-V82)
R85: =IF(R82="甲","",IF(OR(S82=0,S82="")=TRUE,"",IF(S82="入力ｴﾗｰ","","乙")))
H87: =IF(I87="","",IF(I87=0,"","L=")) | K87: =IF(I87="","",IF(I87=0,"","m")) | N87: =IF(O87="","",IF(O87=0,"","L=")) | Q87: =IF(O87="","",IF(O87=0,"","m")) | AC87: =IF(U82="",0,IF(U82>SUM(W82:AA87),U82-SUM(W82:AA87),0)) -> 0
B90: =IF(S90="","",IF(B82="","",1+B82)) | E90: =IF(F90="","",IF(F90=0,"","L=")) | H90: =IF(F90="","",IF(F90=0,"","m")) | K90: =IF(L90="","",IF(L90=0,"","L=")) | N90: =IF(L90="","",IF(L90=0,"","m")) | R90: =IF(OR(S90="入力ｴﾗｰ",S90=0,S90="")=TRUE,"",IF(F90="","甲",IF(F90=0,"甲",""))) | S90: =IF((F90+I95+L90+O95)=0,"",IF((F90+I95+L90+O95)>SUM($AC$1:$AC$3),"入力ｴﾗｰ",SUM($AC$1:$AC$3)-(F90+I95+L90+O95))) | T90: =IF(S90="","",IF(S90="入力ｴﾗｰ","","m")) | U90: =IF(B90="","",COUNT(F90,I95,L90,O95)-IF(S90=0,1,0)-V90)
R93: =IF(R90="甲","",IF(OR(S90=0,S90="")=TRUE,"",IF(S90="入力ｴﾗｰ","","乙")))
H95: =IF(I95="","",IF(I95=0,"","L=")) | K95: =IF(I95="","",IF(I95=0,"","m")) | N95: =IF(O95="","",IF(O95=0,"","L=")) | Q95: =IF(O95="","",IF(O95=0,"","m")) | AC95: =IF(U90="",0,IF(U90>SUM(W90:AA95),U90-SUM(W90:AA95),0)) -> 0
B98: =IF(S98="","",IF(B90="","",1+B90)) | E98: =IF(F98="","",IF(F98=0,"","L=")) | H98: =IF(F98="","",IF(F98=0,"","m")) | K98: =IF(L98="","",IF(L98=0,"","L=")) | N98: =IF(L98="","",IF(L98=0,"","m")) | R98: =IF(OR(S98="入力ｴﾗｰ",S98=0,S98="")=TRUE,"",IF(F98="","甲",IF(F98=0,"甲",""))) | S98: =IF((F98+I103+L98+O103)=0,"",IF((F98+I103+L98+O103)>SUM($AC$1:$AC$3),"入力ｴﾗｰ",SUM($AC$1:$AC$3)-(F98+I103+L98+O103))) | T98: =IF(S98="","",IF(S98="入力ｴﾗｰ","","m")) | U98: =IF(B98="","",COUNT(F98,I103,L98,O103)-IF(S98=0,1,0)-V98)
R101: =IF(R98="甲","",IF(OR(S98=0,S98="")=TRUE,"",IF(S98="入力ｴﾗｰ","","乙")))
H103: =IF(I103="","",IF(I103=0,"","L=")) | K103: =IF(I103="","",IF(I103=0,"","m")) | N103: =IF(O103="","",IF(O103=0,"","L=")) | Q103: =IF(O103="","",IF(O103=0,"","m")) | AC103: =IF(U98="",0,IF(U98>SUM(W98:AA103),U98-SUM(W98:AA103),0)) -> 0
B105: 小 計 | G105: φ | M105: 本 | T105: m
G106: =+G108 -> GX | H106: =+H108 -> 400 | K106: 1 | R106: =SUM(S9:S105) -> 2.7 | U106: =SUM(U9:U104) -> 1 | V106: =SUM(V9:V104) -> 0 | W106: =SUM(W9:W104) -> 1 | X106: =SUM(X9:X104) -> 0 | Y106: =SUM(Y9:Y104) -> 0 | Z106: =SUM(Z9:Z104) -> 0 | AA106: =SUM(AA9:AA104) -> 0 | AC106: =SUM(AC7:AC102) -> 0
B107: 合 計 | G107: φ | M107: 本 | T107: m
G108: =U2 -> GX | H108: =Y2 -> 400 | K108: =+'GX 400'!K114+'GX 400 (2)'!K114+'GX 400 (3)'!K114+'GX 400 (4)'!K106 -> 40 | R108: =+'GX 400'!R114:S114+'GX 400 (2)'!R114:S114+'GX 400 (3)'!R114:S114+R106 -> 96.11 | U108: =+'GX 400'!U114+'GX 400 (2)'!U114+'GX 400 (3)'!U114+'GX 400 (4)'!U106 -> 48 | V108: =+'GX 400'!V114+'GX 400 (2)'!V114+'GX 400 (3)'!V114+'GX 400 (4)'!V106 -> 0 | W108: =+'GX 400'!W114+'GX 400 (2)'!W114+'GX 400 (3)'!W114+'GX 400 (4)'!W106 -> 50 | X108: =+'GX 400'!X114+'GX 400 (2)'!X114+'GX 400 (3)'!X114+'GX 400 (4)'!X106 -> 0 | Y108: =+'GX 400'!Y114+'GX 400 (2)'!Y114+'GX 400 (3)'!Y114+'GX 400 (4)'!Y106 -> 0 | Z108: =+'GX 400'!Z114+'GX 400 (2)'!Z114+'GX 400 (3)'!Z114+'GX 400 (4)'!Z106 -> 0 | AA108: =+'GX 400'!AA114+'GX 400 (2)'!AA114+'GX 400 (3)'!AA114+'GX 400 (4)'!AA106 -> 0 | AC108: =SUM(AC9:AC104) -> 0

Sheet 不要→

Sheet ＰＥ管（スピゴット）
B1: 工事名： | S1: 管 | X1: 口 | AC1: 0
U2: PE | Y2: 50 | AC2: =IF(AC1=4,0,IF(Y2<=250,5,0)) -> 5
S3: 種 | W3: 形 | X3: 径 | AA3: ㎜ | AC3: =IF(Y2>250,6,0) -> 0
B5: 管切断工・挿し口加工数量計算書 | V5: (受口なし）
B7: 管番号 | C7: 形 状 | R7: 残延長 | U7: 切断 | W7: 挿 し 口 加 工
U8: ＧＸ形 | V8: ＫＴ形 | W8: ＧＸ形 | X8: ＮＳ形 | Y8: ＫＦ形 | Z8: ＮＳ(溝) | AA8: ＳⅡ(溝)
B10: =IF(S10="","",1) | E10: =IF(F10="","",IF(F10=0,"","L=")) | H10: =IF(F10="","",IF(F10=0,"","m")) | K10: =IF(L10="","",IF(L10=0,"","L=")) | N10: =IF(L10="","",IF(L10=0,"","m")) | R10: =IF(OR(S10="入力ｴﾗｰ",S10=0,S10="")=TRUE,"",IF(F10="","甲",IF(F10=0,"甲",""))) | S10: =IF((F10+I15+L10+O15)=0,"",IF((F10+I15+L10+O15)>SUM($AC$1:$AC$3),"入力ｴﾗｰ",SUM($AC$1:$AC$3)-(F10+I15+L10+O15))) | T10: =IF(S10="","",IF(S10="入力ｴﾗｰ","","m")) | U10: =IF(B10="","",COUNT(F10,I15,L10,O15)-IF(S10=0,1,0)-V10)
R13: =IF(R10="甲","",IF(OR(S10=0,S10="")=TRUE,"",IF(S10="入力ｴﾗｰ","","乙")))
H15: =IF(I15="","",IF(I15=0,"","L=")) | K15: =IF(I15="","",IF(I15=0,"","m")) | N15: =IF(O15="","",IF(O15=0,"","L=")) | Q15: =IF(O15="","",IF(O15=0,"","m")) | AC15: =IF(U10="",0,IF(U10>SUM(W10:AA15),U10-SUM(W10:AA15),0)) -> 0
B18: =IF(S18="","",IF(B10="","",1+B10)) | E18: =IF(F18="","",IF(F18=0,"","L=")) | H18: =IF(F18="","",IF(F18=0,"","m")) | K18: =IF(L18="","",IF(L18=0,"","L=")) | N18: =IF(L18="","",IF(L18=0,"","m")) | R18: =IF(OR(S18="入力ｴﾗｰ",S18=0,S18="")=TRUE,"",IF(F18="","甲",IF(F18=0,"甲",""))) | S18: =IF((F18+I23+L18+O23)=0,"",IF((F18+I23+L18+O23)>SUM($AC$1:$AC$3),"入力ｴﾗｰ",SUM($AC$1:$AC$3)-(F18+I23+L18+O23))) | T18: =IF(S18="","",IF(S18="入力ｴﾗｰ","","m")) | U18: =IF(B18="","",COUNT(F18,I23,L18,O23)-IF(S18=0,1,0)-V18)
R21: =IF(R18="甲","",IF(OR(S18=0,S18="")=TRUE,"",IF(S18="入力ｴﾗｰ","","乙")))
H23: =IF(I23="","",IF(I23=0,"","L=")) | K23: =IF(I23="","",IF(I23=0,"","m")) | N23: =IF(O23="","",IF(O23=0,"","L=")) | Q23: =IF(O23="","",IF(O23=0,"","m")) | AC23: =IF(U18="",0,IF(U18>SUM(W18:AA23),U18-SUM(W18:AA23),0)) -> 0
B26: =IF(S26="","",IF(B18="","",1+B18)) | E26: =IF(F26="","",IF(F26=0,"","L=")) | K26: =IF(L26="","",IF(L26=0,"","L=")) | N26: =IF(L26="","",IF(L26=0,"","m")) | R26: =IF(OR(S26="入力ｴﾗｰ",S26=0,S26="")=TRUE,"",IF(F26="","甲",IF(F26=0,"甲",""))) | S26: =IF((F26+I31+L26+O31)=0,"",IF((F26+I31+L26+O31)>SUM($AC$1:$AC$3),"入力ｴﾗｰ",SUM($AC$1:$AC$3)-(F26+I31+L26+O31))) | T26: =IF(S26="","",IF(S26="入力ｴﾗｰ","","m")) | U26: =IF(B26="","",COUNT(F26,I31,L26,O31)-IF(S26=0,1,0)-V26)
R29: =IF(R26="甲","",IF(OR(S26=0,S26="")=TRUE,"",IF(S26="入力ｴﾗｰ","","乙")))
H31: =IF(I31="","",IF(I31=0,"","L=")) | N31: =IF(O31="","",IF(O31=0,"","L=")) | Q31: =IF(O31="","",IF(O31=0,"","m")) | AC31: =IF(U26="",0,IF(U26>SUM(W26:AA31),U26-SUM(W26:AA31),0)) -> 0
B34: =IF(S34="","",IF(B26="","",1+B26)) | E34: =IF(F34="","",IF(F34=0,"","L=")) | K34: =IF(L34="","",IF(L34=0,"","L=")) | N34: =IF(L34="","",IF(L34=0,"","m")) | R34: =IF(OR(S34="入力ｴﾗｰ",S34=0,S34="")=TRUE,"",IF(F34="","甲",IF(F34=0,"甲",""))) | S34: =IF((F34+I39+L34+O39)=0,"",IF((F34+I39+L34+O39)>SUM($AC$1:$AC$3),"入力ｴﾗｰ",SUM($AC$1:$AC$3)-(F34+I39+L34+O39))) | T34: =IF(S34="","",IF(S34="入力ｴﾗｰ","","m")) | U34: =IF(B34="","",COUNT(F34,I39,L34,O39)-IF(S34=0,1,0)-V34)
R37: =IF(R34="甲","",IF(OR(S34=0,S34="")=TRUE,"",IF(S34="入力ｴﾗｰ","","乙")))
H39: =IF(I39="","",IF(I39=0,"","L=")) | N39: =IF(O39="","",IF(O39=0,"","L=")) | Q39: =IF(O39="","",IF(O39=0,"","m")) | AC39: =IF(U34="",0,IF(U34>SUM(W34:AA39),U34-SUM(W34:AA39),0)) -> 0
B42: =IF(S42="","",IF(B34="","",1+B34)) | E42: =IF(F42="","",IF(F42=0,"","L=")) | K42: =IF(L42="","",IF(L42=0,"","L=")) | N42: =IF(L42="","",IF(L42=0,"","m")) | R42: =IF(OR(S42="入力ｴﾗｰ",S42=0,S42="")=TRUE,"",IF(F42="","甲",IF(F42=0,"甲",""))) | S42: =IF((F42+I47+L42+O47)=0,"",IF((F42+I47+L42+O47)>SUM($AC$1:$AC$3),"入力ｴﾗｰ",SUM($AC$1:$AC$3)-(F42+I47+L42+O47))) | T42: =IF(S42="","",IF(S42="入力ｴﾗｰ","","m")) | U42: =IF(B42="","",COUNT(F42,I47,L42,O47)-IF(S42=0,1,0)-V42)
R45: =IF(R42="甲","",IF(OR(S42=0,S42="")=TRUE,"",IF(S42="入力ｴﾗｰ","","乙")))
H47: =IF(I47="","",IF(I47=0,"","L=")) | N47: =IF(O47="","",IF(O47=0,"","L=")) | Q47: =IF(O47="","",IF(O47=0,"","m")) | AC47: =IF(U42="",0,IF(U42>SUM(W42:AA47),U42-SUM(W42:AA47),0)) -> 0
B50: =IF(S50="","",IF(B42="","",1+B42)) | E50: =IF(F50="","",IF(F50=0,"","L=")) | K50: =IF(L50="","",IF(L50=0,"","L=")) | N50: =IF(L50="","",IF(L50=0,"","m")) | R50: =IF(OR(S50="入力ｴﾗｰ",S50=0,S50="")=TRUE,"",IF(F50="","甲",IF(F50=0,"甲",""))) | S50: =IF((F50+I55+L50+O55)=0,"",IF((F50+I55+L50+O55)>SUM($AC$1:$AC$3),"入力ｴﾗｰ",SUM($AC$1:$AC$3)-(F50+I55+L50+O55))) | T50: =IF(S50="","",IF(S50="入力ｴﾗｰ","","m")) | U50: =IF(B50="","",COUNT(F50,I55,L50,O55)-IF(S50=0,1,0)-V50)
R53: =IF(R50="甲","",IF(OR(S50=0,S50="")=TRUE,"",IF(S50="入力ｴﾗｰ","","乙")))
H55: =IF(I55="","",IF(I55=0,"","L=")) | N55: =IF(O55="","",IF(O55=0,"","L=")) | Q55: =IF(O55="","",IF(O55=0,"","m")) | AC55: =IF(U50="",0,IF(U50>SUM(W50:AA55),U50-SUM(W50:AA55),0)) -> 0
B58: =IF(S58="","",IF(B50="","",1+B50)) | E58: =IF(F58="","",IF(F58=0,"","L=")) | K58: =IF(L58="","",IF(L58=0,"","L=")) | N58: =IF(L58="","",IF(L58=0,"","m")) | R58: =IF(OR(S58="入力ｴﾗｰ",S58=0,S58="")=TRUE,"",IF(F58="","甲",IF(F58=0,"甲",""))) | S58: =IF((F58+I63+L58+O63)=0,"",IF((F58+I63+L58+O63)>SUM($AC$1:$AC$3),"入力ｴﾗｰ",SUM($AC$1:$AC$3)-(F58+I63+L58+O63))) | T58: =IF(S58="","",IF(S58="入力ｴﾗｰ","","m")) | U58: =IF(B58="","",COUNT(F58,I63,L58,O63)-IF(S58=0,1,0)-V58)
R61: =IF(R58="甲","",IF(OR(S58=0,S58="")=TRUE,"",IF(S58="入力ｴﾗｰ","","乙")))
H63: =IF(I63="","",IF(I63=0,"","L=")) | N63: =IF(O63="","",IF(O63=0,"","L=")) | Q63: =IF(O63="","",IF(O63=0,"","m")) | AC63: =IF(U58="",0,IF(U58>SUM(W58:AA63),U58-SUM(W58:AA63),0)) -> 0
B66: =IF(S66="","",IF(B58="","",1+B58)) | E66: =IF(F66="","",IF(F66=0,"","L=")) | K66: =IF(L66="","",IF(L66=0,"","L=")) | N66: =IF(L66="","",IF(L66=0,"","m")) | R66: =IF(OR(S66="入力ｴﾗｰ",S66=0,S66="")=TRUE,"",IF(F66="","甲",IF(F66=0,"甲",""))) | S66: =IF((F66+I71+L66+O71)=0,"",IF((F66+I71+L66+O71)>SUM($AC$1:$AC$3),"入力ｴﾗｰ",SUM($AC$1:$AC$3)-(F66+I71+L66+O71))) | T66: =IF(S66="","",IF(S66="入力ｴﾗｰ","","m")) | U66: =IF(B66="","",COUNT(F66,I71,L66,O71)-IF(S66=0,1,0)-V66)
R69: =IF(R66="甲","",IF(OR(S66=0,S66="")=TRUE,"",IF(S66="入力ｴﾗｰ","","乙")))
H71: =IF(I71="","",IF(I71=0,"","L=")) | N71: =IF(O71="","",IF(O71=0,"","L=")) | Q71: =IF(O71="","",IF(O71=0,"","m")) | AC71: =IF(U66="",0,IF(U66>SUM(W66:AA71),U66-SUM(W66:AA71),0)) -> 0
B74: =IF(S74="","",IF(B66="","",1+B66)) | E74: =IF(F74="","",IF(F74=0,"","L=")) | K74: =IF(L74="","",IF(L74=0,"","L=")) | N74: =IF(L74="","",IF(L74=0,"","m")) | R74: =IF(OR(S74="入力ｴﾗｰ",S74=0,S74="")=TRUE,"",IF(F74="","甲",IF(F74=0,"甲",""))) | S74: =IF((F74+I79+L74+O79)=0,"",IF((F74+I79+L74+O79)>SUM($AC$1:$AC$3),"入力ｴﾗｰ",SUM($AC$1:$AC$3)-(F74+I79+L74+O79))) | T74: =IF(S74="","",IF(S74="入力ｴﾗｰ","","m")) | U74: =IF(B74="","",COUNT(F74,I79,L74,O79)-IF(S74=0,1,0)-V74)
R77: =IF(R74="甲","",IF(OR(S74=0,S74="")=TRUE,"",IF(S74="入力ｴﾗｰ","","乙")))
H79: =IF(I79="","",IF(I79=0,"","L=")) | N79: =IF(O79="","",IF(O79=0,"","L=")) | Q79: =IF(O79="","",IF(O79=0,"","m")) | AC79: =IF(U74="",0,IF(U74>SUM(W74:AA79),U74-SUM(W74:AA79),0)) -> 0
B82: =IF(S82="","",IF(B74="","",1+B74)) | E82: =IF(F82="","",IF(F82=0,"","L=")) | K82: =IF(L82="","",IF(L82=0,"","L=")) | N82: =IF(L82="","",IF(L82=0,"","m")) | R82: =IF(OR(S82="入力ｴﾗｰ",S82=0,S82="")=TRUE,"",IF(F82="","甲",IF(F82=0,"甲",""))) | S82: =IF((F82+I87+L82+O87)=0,"",IF((F82+I87+L82+O87)>SUM($AC$1:$AC$3),"入力ｴﾗｰ",SUM($AC$1:$AC$3)-(F82+I87+L82+O87))) | T82: =IF(S82="","",IF(S82="入力ｴﾗｰ","","m")) | U82: =IF(B82="","",COUNT(F82,I87,L82,O87)-IF(S82=0,1,0)-V82)
R85: =IF(R82="甲","",IF(OR(S82=0,S82="")=TRUE,"",IF(S82="入力ｴﾗｰ","","乙")))
H87: =IF(I87="","",IF(I87=0,"","L=")) | N87: =IF(O87="","",IF(O87=0,"","L=")) | Q87: =IF(O87="","",IF(O87=0,"","m")) | AC87: =IF(U82="",0,IF(U82>SUM(W82:AA87),U82-SUM(W82:AA87),0)) -> 0
B90: =IF(S90="","",IF(B82="","",1+B82)) | E90: =IF(F90="","",IF(F90=0,"","L=")) | K90: =IF(L90="","",IF(L90=0,"","L=")) | N90: =IF(L90="","",IF(L90=0,"","m")) | R90: =IF(OR(S90="入力ｴﾗｰ",S90=0,S90="")=TRUE,"",IF(F90="","甲",IF(F90=0,"甲",""))) | S90: =IF((F90+I95+L90+O95)=0,"",IF((F90+I95+L90+O95)>SUM($AC$1:$AC$3),"入力ｴﾗｰ",SUM($AC$1:$AC$3)-(F90+I95+L90+O95))) | T90: =IF(S90="","",IF(S90="入力ｴﾗｰ","","m")) | U90: =IF(B90="","",COUNT(F90,I95,L90,O95)-IF(S90=0,1,0)-V90)
R93: =IF(R90="甲","",IF(OR(S90=0,S90="")=TRUE,"",IF(S90="入力ｴﾗｰ","","乙")))
H95: =IF(I95="","",IF(I95=0,"","L=")) | N95: =IF(O95="","",IF(O95=0,"","L=")) | Q95: =IF(O95="","",IF(O95=0,"","m")) | AC95: =IF(U90="",0,IF(U90>SUM(W90:AA95),U90-SUM(W90:AA95),0)) -> 0
B98: =IF(S98="","",IF(B90="","",1+B90)) | E98: =IF(F98="","",IF(F98=0,"","L=")) | K98: =IF(L98="","",IF(L98=0,"","L=")) | N98: =IF(L98="","",IF(L98=0,"","m")) | R98: =IF(OR(S98="入力ｴﾗｰ",S98=0,S98="")=TRUE,"",IF(F98="","甲",IF(F98=0,"甲",""))) | S98: =IF((F98+I103+L98+O103)=0,"",IF((F98+I103+L98+O103)>SUM($AC$1:$AC$3),"入力ｴﾗｰ",SUM($AC$1:$AC$3)-(F98+I103+L98+O103))) | T98: =IF(S98="","",IF(S98="入力ｴﾗｰ","","m")) | U98: =IF(B98="","",COUNT(F98,I103,L98,O103)-IF(S98=0,1,0)-V98)
R101: =IF(R98="甲","",IF(OR(S98=0,S98="")=TRUE,"",IF(S98="入力ｴﾗｰ","","乙")))
H103: =IF(I103="","",IF(I103=0,"","L=")) | N103: =IF(O103="","",IF(O103=0,"","L=")) | Q103: =IF(O103="","",IF(O103=0,"","m")) | AC103: =IF(U98="",0,IF(U98>SUM(W98:AA103),U98-SUM(W98:AA103),0)) -> 0
E106: =IF(F106="","",IF(F106=0,"","L=")) | K106: =IF(L106="","",IF(L106=0,"","L=")) | N106: =IF(L106="","",IF(L106=0,"","m")) | R106: =IF(OR(S106="入力ｴﾗｰ",S106=0,S106="")=TRUE,"",IF(F106="","甲",IF(F106=0,"甲",""))) | S106: =IF((F106+I111+L106+O111)=0,"",IF((F106+I111+L106+O111)>SUM($AC$1:$AC$3),"入力ｴﾗｰ",SUM($AC$1:$AC$3)-(F106+I111+L106+O111))) | T106: =IF(S106="","",IF(S106="入力ｴﾗｰ","","m")) | U106: =IF(B106="","",COUNT(F106,I111,L106,O111)-IF(S106=0,1,0)-V106)
R109: =IF(R106="甲","",IF(OR(S106=0,S106="")=TRUE,"",IF(S106="入力ｴﾗｰ","","乙")))
H111: =IF(I111="","",IF(I111=0,"","L=")) | N111: =IF(O111="","",IF(O111=0,"","L=")) | Q111: =IF(O111="","",IF(O111=0,"","m")) | AC111: =IF(U106="",0,IF(U106>SUM(W106:AA111),U106-SUM(W106:AA111),0)) -> 0
B113: 合 計 | G113: φ | M113: 本 | T113: m
G114: =U2 -> PE | H114: =Y2 -> 50 | K114: =IF(B10="",0,LARGE(B10:B111,1)) -> 0 | R114: =SUM(S10:S111) -> 0 | U114: =SUM(U10:U111) -> 0 | V114: =SUM(V10:V111) -> 0 | W114: =SUM(W10:W111) -> 0 | X114: =SUM(X10:X111) -> 0 | Y114: =SUM(Y10:Y111) -> 0 | Z114: =SUM(Z10:Z111) -> 0 | AA114: =SUM(AA10:AA111) -> 0 | AC114: =SUM(AC9:AC112) -> 0

Sheet GX 75
B1: 工事名： | C1: ='白紙(5m)'!C1 -> 東白川特2高層配水池揚水管取替工事 | S1: 管 | X1: 口 | AC1: =IF(Y2<=100,4,0) -> 4
U2: GX | Y2: 75 | AC2: =IF(AC1=4,0,IF(Y2<=250,5,0)) -> 0
S3: 種 | W3: 形 | X3: 径 | AA3: ㎜ | AC3: =IF(Y2>250,6,0) -> 0
B5: 管切断工・挿し口加工数量計算書 | U5: ※切管延長に挿し口リング延長を含む
B7: 管番号 | C7: 形 状 | R7: 残延長 | U7: 切断 | W7: 挿 し 口 加 工
U8: ＧＸ形 | V8: ＫＴ形 | W8: ＧＸ形 | X8: ＮＳ形 | Y8: ＫＦ形 | Z8: ＮＳ(溝) | AA8: ＳⅡ(溝)
B10: =IF(S10="","",1) | E10: =IF(F10="","",IF(F10=0,"","L=")) | H10: =IF(F10="","",IF(F10=0,"","m")) | K10: =IF(L10="","",IF(L10=0,"","L=")) | N10: =IF(L10="","",IF(L10=0,"","m")) | R10: =IF(OR(S10="入力ｴﾗｰ",S10=0,S10="")=TRUE,"",IF(F10="","甲",IF(F10=0,"甲",""))) | S10: =IF((F10+I15+L10+O15)=0,"",IF((F10+I15+L10+O15)>SUM($AC$1:$AC$3),"入力ｴﾗｰ",SUM($AC$1:$AC$3)-(F10+I15+L10+O15))) | T10: =IF(S10="","",IF(S10="入力ｴﾗｰ","","m")) | U10: =IF(B10="","",COUNT(F10,I15,L10,O15)-IF(S10=0,1,0)-V10)
L11: .
R13: =IF(R10="甲","",IF(OR(S10=0,S10="")=TRUE,"",IF(S10="入力ｴﾗｰ","","乙")))
H15: =IF(I15="","",IF(I15=0,"","L=")) | K15: =IF(I15="","",IF(I15=0,"","m")) | N15: =IF(O15="","",IF(O15=0,"","L=")) | Q15: =IF(O15="","",IF(O15=0,"","m")) | AC15: =IF(U10="",0,IF(U10>SUM(W10:AA15),U10-SUM(W10:AA15),0)) -> 0
B18: =IF(S18="","",IF(B10="","",1+B10)) | E18: =IF(F18="","",IF(F18=0,"","L=")) | H18: =IF(F18="","",IF(F18=0,"","m")) | K18: =IF(L18="","",IF(L18=0,"","L=")) | N18: =IF(L18="","",IF(L18=0,"","m")) | R18: =IF(OR(S18="入力ｴﾗｰ",S18=0,S18="")=TRUE,"",IF(F18="","甲",IF(F18=0,"甲",""))) | S18: =IF((F18+I23+L18+O23)=0,"",IF((F18+I23+L18+O23)>SUM($AC$1:$AC$3),"入力ｴﾗｰ",SUM($AC$1:$AC$3)-(F18+I23+L18+O23))) | T18: =IF(S18="","",IF(S18="入力ｴﾗｰ","","m")) | U18: =IF(B18="","",COUNT(F18,I23,L18,O23)-IF(S18=0,1,0)-V18)
R21: =IF(R18="甲","",IF(OR(S18=0,S18="")=TRUE,"",IF(S18="入力ｴﾗｰ","","乙")))
H23: =IF(I23="","",IF(I23=0,"","L=")) | K23: =IF(I23="","",IF(I23=0,"","m")) | N23: =IF(O23="","",IF(O23=0,"","L=")) | Q23: =IF(O23="","",IF(O23=0,"","m")) | AC23: =IF(U18="",0,IF(U18>SUM(W18:AA23),U18-SUM(W18:AA23),0)) -> 0
B26: =IF(S26="","",IF(B18="","",1+B18)) | E26: =IF(F26="","",IF(F26=0,"","L=")) | H26: =IF(F26="","",IF(F26=0,"","m")) | K26: =IF(L26="","",IF(L26=0,"","L=")) | N26: =IF(L26="","",IF(L26=0,"","m")) | R26: =IF(OR(S26="入力ｴﾗｰ",S26=0,S26="")=TRUE,"",IF(F26="","甲",IF(F26=0,"甲",""))) | S26: =IF((F26+I31+L26+O31)=0,"",IF((F26+I31+L26+O31)>SUM($AC$1:$AC$3),"入力ｴﾗｰ",SUM($AC$1:$AC$3)-(F26+I31+L26+O31))) | T26: =IF(S26="","",IF(S26="入力ｴﾗｰ","","m")) | U26: =IF(B26="","",COUNT(F26,I31,L26,O31)-IF(S26=0,1,0)-V26)
R29: =IF(R26="甲","",IF(OR(S26=0,S26="")=TRUE,"",IF(S26="入力ｴﾗｰ","","乙")))
H31: =IF(I31="","",IF(I31=0,"","L=")) | K31: =IF(I31="","",IF(I31=0,"","m")) | N31: =IF(O31="","",IF(O31=0,"","L=")) | Q31: =IF(O31="","",IF(O31=0,"","m")) | AC31: =IF(U26="",0,IF(U26>SUM(W26:AA31),U26-SUM(W26:AA31),0)) -> 0
B34: =IF(S34="","",IF(B26="","",1+B26)) | E34: =IF(F34="","",IF(F34=0,"","L=")) | H34: =IF(F34="","",IF(F34=0,"","m")) | K34: =IF(L34="","",IF(L34=0,"","L=")) | N34: =IF(L34="","",IF(L34=0,"","m")) | R34: =IF(OR(S34="入力ｴﾗｰ",S34=0,S34="")=TRUE,"",IF(F34="","甲",IF(F34=0,"甲",""))) | S34: =IF((F34+I39+L34+O39)=0,"",IF((F34+I39+L34+O39)>SUM($AC$1:$AC$3),"入力ｴﾗｰ",SUM($AC$1:$AC$3)-(F34+I39+L34+O39))) | T34: =IF(S34="","",IF(S34="入力ｴﾗｰ","","m")) | U34: =IF(B34="","",COUNT(F34,I39,L34,O39)-IF(S34=0,1,0)-V34)
R37: =IF(R34="甲","",IF(OR(S34=0,S34="")=TRUE,"",IF(S34="入力ｴﾗｰ","","乙")))
H39: =IF(I39="","",IF(I39=0,"","L=")) | K39: =IF(I39="","",IF(I39=0,"","m")) | N39: =IF(O39="","",IF(O39=0,"","L=")) | Q39: =IF(O39="","",IF(O39=0,"","m")) | AC39: =IF(U34="",0,IF(U34>SUM(W34:AA39),U34-SUM(W34:AA39),0)) -> 0
B42: =IF(S42="","",IF(B34="","",1+B34)) | E42: =IF(F42="","",IF(F42=0,"","L=")) | H42: =IF(F42="","",IF(F42=0,"","m")) | K42: =IF(L42="","",IF(L42=0,"","L=")) | N42: =IF(L42="","",IF(L42=0,"","m")) | R42: =IF(OR(S42="入力ｴﾗｰ",S42=0,S42="")=TRUE,"",IF(F42="","甲",IF(F42=0,"甲",""))) | S42: =IF((F42+I47+L42+O47)=0,"",IF((F42+I47+L42+O47)>SUM($AC$1:$AC$3),"入力ｴﾗｰ",SUM($AC$1:$AC$3)-(F42+I47+L42+O47))) | T42: =IF(S42="","",IF(S42="入力ｴﾗｰ","","m")) | U42: =IF(B42="","",COUNT(F42,I47,L42,O47)-IF(S42=0,1,0)-V42)
R45: =IF(R42="甲","",IF(OR(S42=0,S42="")=TRUE,"",IF(S42="入力ｴﾗｰ","","乙")))
H47: =IF(I47="","",IF(I47=0,"","L=")) | K47: =IF(I47="","",IF(I47=0,"","m")) | N47: =IF(O47="","",IF(O47=0,"","L=")) | Q47: =IF(O47="","",IF(O47=0,"","m")) | AC47: =IF(U42="",0,IF(U42>SUM(W42:AA47),U42-SUM(W42:AA47),0)) -> 0
B50: =IF(S50="","",IF(B42="","",1+B42)) | E50: =IF(F50="","",IF(F50=0,"","L=")) | H50: =IF(F50="","",IF(F50=0,"","m")) | K50: =IF(L50="","",IF(L50=0,"","L=")) | N50: =IF(L50="","",IF(L50=0,"","m")) | R50: =IF(OR(S50="入力ｴﾗｰ",S50=0,S50="")=TRUE,"",IF(F50="","甲",IF(F50=0,"甲",""))) | S50: =IF((F50+I55+L50+O55)=0,"",IF((F50+I55+L50+O55)>SUM($AC$1:$AC$3),"入力ｴﾗｰ",SUM($AC$1:$AC$3)-(F50+I55+L50+O55))) | T50: =IF(S50="","",IF(S50="入力ｴﾗｰ","","m")) | U50: =IF(B50="","",COUNT(F50,I55,L50,O55)-IF(S50=0,1,0)-V50)
R53: =IF(R50="甲","",IF(OR(S50=0,S50="")=TRUE,"",IF(S50="入力ｴﾗｰ","","乙")))
H55: =IF(I55="","",IF(I55=0,"","L=")) | K55: =IF(I55="","",IF(I55=0,"","m")) | N55: =IF(O55="","",IF(O55=0,"","L=")) | Q55: =IF(O55="","",IF(O55=0,"","m")) | AC55: =IF(U50="",0,IF(U50>SUM(W50:AA55),U50-SUM(W50:AA55),0)) -> 0
B58: =IF(S58="","",IF(B50="","",1+B50)) | E58: =IF(F58="","",IF(F58=0,"","L=")) | H58: =IF(F58="","",IF(F58=0,"","m")) | K58: =IF(L58="","",IF(L58=0,"","L=")) | N58: =IF(L58="","",IF(L58=0,"","m")) | R58: =IF(OR(S58="入力ｴﾗｰ",S58=0,S58="")=TRUE,"",IF(F58="","甲",IF(F58=0,"甲",""))) | S58: =IF((F58+I63+L58+O63)=0,"",IF((F58+I63+L58+O63)>SUM($AC$1:$AC$3),"入力ｴﾗｰ",SUM($AC$1:$AC$3)-(F58+I63+L58+O63))) | T58: =IF(S58="","",IF(S58="入力ｴﾗｰ","","m")) | U58: =IF(B58="","",COUNT(F58,I63,L58,O63)-IF(S58=0,1,0)-V58)
R61: =IF(R58="甲","",IF(OR(S58=0,S58="")=TRUE,"",IF(S58="入力ｴﾗｰ","","乙")))
H63: =IF(I63="","",IF(I63=0,"","L=")) | K63: =IF(I63="","",IF(I63=0,"","m")) | N63: =IF(O63="","",IF(O63=0,"","L=")) | Q63: =IF(O63="","",IF(O63=0,"","m")) | AC63: =IF(U58="",0,IF(U58>SUM(W58:AA63),U58-SUM(W58:AA63),0)) -> 0
B66: =IF(S66="","",IF(B58="","",1+B58)) | E66: =IF(F66="","",IF(F66=0,"","L=")) | H66: =IF(F66="","",IF(F66=0,"","m")) | K66: =IF(L66="","",IF(L66=0,"","L=")) | N66: =IF(L66="","",IF(L66=0,"","m")) | R66: =IF(OR(S66="入力ｴﾗｰ",S66=0,S66="")=TRUE,"",IF(F66="","甲",IF(F66=0,"甲",""))) | S66: =IF((F66+I71+L66+O71)=0,"",IF((F66+I71+L66+O71)>SUM($AC$1:$AC$3),"入力ｴﾗｰ",SUM($AC$1:$AC$3)-(F66+I71+L66+O71))) | T66: =IF(S66="","",IF(S66="入力ｴﾗｰ","","m")) | U66: =IF(B66="","",COUNT(F66,I71,L66,O71)-IF(S66=0,1,0)-V66)
R69: =IF(R66="甲","",IF(OR(S66=0,S66="")=TRUE,"",IF(S66="入力ｴﾗｰ","","乙")))
H71: =IF(I71="","",IF(I71=0,"","L=")) | K71: =IF(I71="","",IF(I71=0,"","m")) | N71: =IF(O71="","",IF(O71=0,"","L=")) | Q71: =IF(O71="","",IF(O71=0,"","m")) | AC71: =IF(U66="",0,IF(U66>SUM(W66:AA71),U66-SUM(W66:AA71),0)) -> 0
B74: =IF(S74="","",IF(B66="","",1+B66)) | E74: =IF(F74="","",IF(F74=0,"","L=")) | H74: =IF(F74="","",IF(F74=0,"","m")) | K74: =IF(L74="","",IF(L74=0,"","L=")) | N74: =IF(L74="","",IF(L74=0,"","m")) | R74: =IF(OR(S74="入力ｴﾗｰ",S74=0,S74="")=TRUE,"",IF(F74="","甲",IF(F74=0,"甲",""))) | S74: =IF((F74+I79+L74+O79)=0,"",IF((F74+I79+L74+O79)>SUM($AC$1:$AC$3),"入力ｴﾗｰ",SUM($AC$1:$AC$3)-(F74+I79+L74+O79))) | T74: =IF(S74="","",IF(S74="入力ｴﾗｰ","","m")) | U74: =IF(B74="","",COUNT(F74,I79,L74,O79)-IF(S74=0,1,0)-V74)
R77: =IF(R74="甲","",IF(OR(S74=0,S74="")=TRUE,"",IF(S74="入力ｴﾗｰ","","乙")))
H79: =IF(I79="","",IF(I79=0,"","L=")) | K79: =IF(I79="","",IF(I79=0,"","m")) | N79: =IF(O79="","",IF(O79=0,"","L=")) | Q79: =IF(O79="","",IF(O79=0,"","m")) | AC79: =IF(U74="",0,IF(U74>SUM(W74:AA79),U74-SUM(W74:AA79),0)) -> 0
AC80: =IF(U75="",0,IF(U75>SUM(W75:AA80),U75-SUM(W75:AA80),0)) -> 0
B82: =IF(S82="","",IF(B74="","",1+B74)) | E82: =IF(F82="","",IF(F82=0,"","L=")) | H82: =IF(F82="","",IF(F82=0,"","m")) | K82: =IF(L82="","",IF(L82=0,"","L=")) | N82: =IF(L82="","",IF(L82=0,"","m")) | R82: =IF(OR(S82="入力ｴﾗｰ",S82=0,S82="")=TRUE,"",IF(F82="","甲",IF(F82=0,"甲",""))) | S82: =IF((F82+I87+L82+O87)=0,"",IF((F82+I87+L82+O87)>SUM($AC$1:$AC$3),"入力ｴﾗｰ",SUM($AC$1:$AC$3)-(F82+I87+L82+O87))) | T82: =IF(S82="","",IF(S82="入力ｴﾗｰ","","m")) | U82: =IF(B82="","",COUNT(F82,I87,L82,O87)-IF(S82=0,1,0)-V82)
R85: =IF(R82="甲","",IF(OR(S82=0,S82="")=TRUE,"",IF(S82="入力ｴﾗｰ","","乙")))
H87: =IF(I87="","",IF(I87=0,"","L=")) | K87: =IF(I87="","",IF(I87=0,"","m")) | N87: =IF(O87="","",IF(O87=0,"","L=")) | Q87: =IF(O87="","",IF(O87=0,"","m")) | AC87: =IF(U82="",0,IF(U82>SUM(W82:AA87),U82-SUM(W82:AA87),0)) -> 0
B90: =IF(S90="","",IF(B82="","",1+B82)) | E90: =IF(F90="","",IF(F90=0,"","L=")) | H90: =IF(F90="","",IF(F90=0,"","m")) | K90: =IF(L90="","",IF(L90=0,"","L=")) | N90: =IF(L90="","",IF(L90=0,"","m")) | R90: =IF(OR(S90="入力ｴﾗｰ",S90=0,S90="")=TRUE,"",IF(F90="","甲",IF(F90=0,"甲",""))) | S90: =IF((F90+I95+L90+O95)=0,"",IF((F90+I95+L90+O95)>SUM($AC$1:$AC$3),"入力ｴﾗｰ",SUM($AC$1:$AC$3)-(F90+I95+L90+O95))) | T90: =IF(S90="","",IF(S90="入力ｴﾗｰ","","m")) | U90: =IF(B90="","",COUNT(F90,I95,L90,O95)-IF(S90=0,1,0)-V90)
R93: =IF(R90="甲","",IF(OR(S90=0,S90="")=TRUE,"",IF(S90="入力ｴﾗｰ","","乙")))
H95: =IF(I95="","",IF(I95=0,"","L=")) | K95: =IF(I95="","",IF(I95=0,"","m")) | N95: =IF(O95="","",IF(O95=0,"","L=")) | Q95: =IF(O95="","",IF(O95=0,"","m")) | AC95: =IF(U90="",0,IF(U90>SUM(W90:AA95),U90-SUM(W90:AA95),0)) -> 0
B98: =IF(S98="","",IF(B90="","",1+B90)) | E98: =IF(F98="","",IF(F98=0,"","L=")) | H98: =IF(F98="","",IF(F98=0,"","m")) | K98: =IF(L98="","",IF(L98=0,"","L=")) | N98: =IF(L98="","",IF(L98=0,"","m")) | R98: =IF(OR(S98="入力ｴﾗｰ",S98=0,S98="")=TRUE,"",IF(F98="","甲",IF(F98=0,"甲",""))) | S98: =IF((F98+I103+L98+O103)=0,"",IF((F98+I103+L98+O103)>SUM($AC$1:$AC$3),"入力ｴﾗｰ",SUM($AC$1:$AC$3)-(F98+I103+L98+O103))) | T98: =IF(S98="","",IF(S98="入力ｴﾗｰ","","m")) | U98: =IF(B98="","",COUNT(F98,I103,L98,O103)-IF(S98=0,1,0)-V98)
R101: =IF(R98="甲","",IF(OR(S98=0,S98="")=TRUE,"",IF(S98="入力ｴﾗｰ","","乙")))
H103: =IF(I103="","",IF(I103=0,"","L=")) | K103: =IF(I103="","",IF(I103=0,"","m")) | N103: =IF(O103="","",IF(O103=0,"","L=")) | Q103: =IF(O103="","",IF(O103=0,"","m")) | AC103: =IF(U98="",0,IF(U98>SUM(W98:AA103),U98-SUM(W98:AA103),0)) -> 0
E106: =IF(F106="","",IF(F106=0,"","L=")) | H106: =IF(F106="","",IF(F106=0,"","m")) | K106: =IF(L106="","",IF(L106=0,"","L=")) | N106: =IF(L106="","",IF(L106=0,"","m")) | U106: =IF(B106="","",COUNT(F106,I111,L106,O111)-IF(S106=0,1,0)-V106)
H111: =IF(I111="","",IF(I111=0,"","L=")) | K111: =IF(I111="","",IF(I111=0,"","m")) | N111: =IF(O111="","",IF(O111=0,"","L=")) | Q111: =IF(O111="","",IF(O111=0,"","m")) | AC111: =IF(U106="",0,IF(U106>SUM(W106:AA111),U106-SUM(W106:AA111),0)) -> 0
B113: 合 計 | G113: φ | M113: 本 | T113: m
G114: =U2 -> GX | H114: =Y2 -> 75 | K114: =IF(B10="",0,LARGE(B10:B111,1)) -> 0 | R114: =SUM(S10:S111) -> 0 | U114: =SUM(U10:U111) -> 0 | V114: =SUM(V10:V111) -> 0 | W114: =SUM(W10:W111) -> 0 | X114: =SUM(X10:X111) -> 0 | Y114: =SUM(Y10:Y111) -> 0 | Z114: =SUM(Z10:Z111) -> 0 | AA114: =SUM(AA10:AA111) -> 0 | AC114: =SUM(AC9:AC112) -> 0

Sheet GX 100
B1: 工事名： | C1: ='白紙(5m)'!C1 -> 東白川特2高層配水池揚水管取替工事 | S1: 管 | X1: 口 | AC1: =IF(Y2<=100,4,0) -> 4
U2: GX | Y2: 100 | AC2: =IF(AC1=4,0,IF(Y2<=250,5,0)) -> 0
S3: 種 | W3: 形 | X3: 径 | AA3: ㎜ | AC3: =IF(Y2>250,6,0) -> 0
B5: 管切断工・挿し口加工数量計算書 | U5: ※切管延長に挿し口リング延長を含む
B7: 管番号 | C7: 形 状 | R7: 残延長 | U7: 切断 | W7: 挿 し 口 加 工
U8: ＧＸ形 | V8: ＫＴ形 | W8: ＧＸ形 | X8: ＮＳ形 | Y8: ＫＦ形 | Z8: ＮＳ(溝) | AA8: ＳⅡ(溝)
B10: =IF(S10="","",1) | E10: =IF(F10="","",IF(F10=0,"","L=")) | H10: =IF(F10="","",IF(F10=0,"","m")) | K10: =IF(L10="","",IF(L10=0,"","L=")) | N10: =IF(L10="","",IF(L10=0,"","m")) | R10: =IF(OR(S10="入力ｴﾗｰ",S10=0,S10="")=TRUE,"",IF(F10="","甲",IF(F10=0,"甲",""))) | S10: =IF((F10+I15+L10+O15)=0,"",IF((F10+I15+L10+O15)>SUM($AC$1:$AC$3),"入力ｴﾗｰ",SUM($AC$1:$AC$3)-(F10+I15+L10+O15))) | T10: =IF(S10="","",IF(S10="入力ｴﾗｰ","","m")) | U10: =IF(B10="","",COUNT(F10,I15,L10,O15)-IF(S10=0,1,0)-V10)
R13: =IF(R10="甲","",IF(OR(S10=0,S10="")=TRUE,"",IF(S10="入力ｴﾗｰ","","乙")))
H15: =IF(I15="","",IF(I15=0,"","L=")) | K15: =IF(I15="","",IF(I15=0,"","m")) | N15: =IF(O15="","",IF(O15=0,"","L=")) | Q15: =IF(O15="","",IF(O15=0,"","m")) | AC15: =IF(U10="",0,IF(U10>SUM(W10:AA15),U10-SUM(W10:AA15),0)) -> 0
B18: =IF(S18="","",IF(B10="","",1+B10)) | E18: =IF(F18="","",IF(F18=0,"","L=")) | H18: =IF(F18="","",IF(F18=0,"","m")) | K18: =IF(L18="","",IF(L18=0,"","L=")) | N18: =IF(L18="","",IF(L18=0,"","m")) | R18: =IF(OR(S18="入力ｴﾗｰ",S18=0,S18="")=TRUE,"",IF(F18="","甲",IF(F18=0,"甲",""))) | S18: =IF((F18+I23+L18+O23)=0,"",IF((F18+I23+L18+O23)>SUM($AC$1:$AC$3),"入力ｴﾗｰ",SUM($AC$1:$AC$3)-(F18+I23+L18+O23))) | T18: =IF(S18="","",IF(S18="入力ｴﾗｰ","","m")) | U18: =IF(B18="","",COUNT(F18,I23,L18,O23)-IF(S18=0,1,0)-V18)
R21: =IF(R18="甲","",IF(OR(S18=0,S18="")=TRUE,"",IF(S18="入力ｴﾗｰ","","乙")))
H23: =IF(I23="","",IF(I23=0,"","L=")) | K23: =IF(I23="","",IF(I23=0,"","m")) | N23: =IF(O23="","",IF(O23=0,"","L=")) | Q23: =IF(O23="","",IF(O23=0,"","m")) | AC23: =IF(U18="",0,IF(U18>SUM(W18:AA23),U18-SUM(W18:AA23),0)) -> 0
B26: =IF(S26="","",IF(B18="","",1+B18)) | E26: =IF(F26="","",IF(F26=0,"","L=")) | H26: =IF(F26="","",IF(F26=0,"","m")) | K26: =IF(L26="","",IF(L26=0,"","L=")) | N26: =IF(L26="","",IF(L26=0,"","m")) | R26: =IF(OR(S26="入力ｴﾗｰ",S26=0,S26="")=TRUE,"",IF(F26="","甲",IF(F26=0,"甲",""))) | S26: =IF((F26+I31+L26+O31)=0,"",IF((F26+I31+L26+O31)>SUM($AC$1:$AC$3),"入力ｴﾗｰ",SUM($AC$1:$AC$3)-(F26+I31+L26+O31))) | T26: =IF(S26="","",IF(S26="入力ｴﾗｰ","","m")) | U26: =IF(B26="","",COUNT(F26,I31,L26,O31)-IF(S26=0,1,0)-V26)
R29: =IF(R26="甲","",IF(OR(S26=0,S26="")=TRUE,"",IF(S26="入力ｴﾗｰ","","乙")))
H31: =IF(I31="","",IF(I31=0,"","L=")) | K31: =IF(I31="","",IF(I31=0,"","m")) | N31: =IF(O31="","",IF(O31=0,"","L=")) | Q31: =IF(O31="","",IF(O31=0,"","m")) | AC31: =IF(U26="",0,IF(U26>SUM(W26:AA31),U26-SUM(W26:AA31),0)) -> 0
B34: =IF(S34="","",IF(B26="","",1+B26)) | E34: =IF(F34="","",IF(F34=0,"","L=")) | H34: =IF(F34="","",IF(F34=0,"","m")) | K34: =IF(L34="","",IF(L34=0,"","L=")) | N34: =IF(L34="","",IF(L34=0,"","m")) | R34: =IF(OR(S34="入力ｴﾗｰ",S34=0,S34="")=TRUE,"",IF(F34="","甲",IF(F34=0,"甲",""))) | S34: =IF((F34+I39+L34+O39)=0,"",IF((F34+I39+L34+O39)>SUM($AC$1:$AC$3),"入力ｴﾗｰ",SUM($AC$1:$AC$3)-(F34+I39+L34+O39))) | T34: =IF(S34="","",IF(S34="入力ｴﾗｰ","","m")) | U34: =IF(B34="","",COUNT(F34,I39,L34,O39)-IF(S34=0,1,0)-V34)
R37: =IF(R34="甲","",IF(OR(S34=0,S34="")=TRUE,"",IF(S34="入力ｴﾗｰ","","乙")))
H39: =IF(I39="","",IF(I39=0,"","L=")) | K39: =IF(I39="","",IF(I39=0,"","m")) | N39: =IF(O39="","",IF(O39=0,"","L=")) | Q39: =IF(O39="","",IF(O39=0,"","m")) | AC39: =IF(U34="",0,IF(U34>SUM(W34:AA39),U34-SUM(W34:AA39),0)) -> 0
B42: =IF(S42="","",IF(B34="","",1+B34)) | E42: =IF(F42="","",IF(F42=0,"","L=")) | H42: =IF(F42="","",IF(F42=0,"","m")) | K42: =IF(L42="","",IF(L42=0,"","L=")) | N42: =IF(L42="","",IF(L42=0,"","m")) | R42: =IF(OR(S42="入力ｴﾗｰ",S42=0,S42="")=TRUE,"",IF(F42="","甲",IF(F42=0,"甲",""))) | S42: =IF((F42+I47+L42+O47)=0,"",IF((F42+I47+L42+O47)>SUM($AC$1:$AC$3),"入力ｴﾗｰ",SUM($AC$1:$AC$3)-(F42+I47+L42+O47))) | T42: =IF(S42="","",IF(S42="入力ｴﾗｰ","","m")) | U42: =IF(B42="","",COUNT(F42,I47,L42,O47)-IF(S42=0,1,0)-V42)
R45: =IF(R42="甲","",IF(OR(S42=0,S42="")=TRUE,"",IF(S42="入力ｴﾗｰ","","乙")))
H47: =IF(I47="","",IF(I47=0,"","L=")) | K47: =IF(I47="","",IF(I47=0,"","m")) | N47: =IF(O47="","",IF(O47=0,"","L=")) | Q47: =IF(O47="","",IF(O47=0,"","m")) | AC47: =IF(U42="",0,IF(U42>SUM(W42:AA47),U42-SUM(W42:AA47),0)) -> 0
B50: =IF(S50="","",IF(B42="","",1+B42)) | E50: =IF(F50="","",IF(F50=0,"","L=")) | H50: =IF(F50="","",IF(F50=0,"","m")) | K50: =IF(L50="","",IF(L50=0,"","L=")) | N50: =IF(L50="","",IF(L50=0,"","m")) | R50: =IF(OR(S50="入力ｴﾗｰ",S50=0,S50="")=TRUE,"",IF(F50="","甲",IF(F50=0,"甲",""))) | S50: =IF((F50+I55+L50+O55)=0,"",IF((F50+I55+L50+O55)>SUM($AC$1:$AC$3),"入力ｴﾗｰ",SUM($AC$1:$AC$3)-(F50+I55+L50+O55))) | T50: =IF(S50="","",IF(S50="入力ｴﾗｰ","","m")) | U50: =IF(B50="","",COUNT(F50,I55,L50,O55)-IF(S50=0,1,0)-V50)
R53: =IF(R50="甲","",IF(OR(S50=0,S50="")=TRUE,"",IF(S50="入力ｴﾗｰ","","乙")))
H55: =IF(I55="","",IF(I55=0,"","L=")) | K55: =IF(I55="","",IF(I55=0,"","m")) | N55: =IF(O55="","",IF(O55=0,"","L=")) | Q55: =IF(O55="","",IF(O55=0,"","m")) | AC55: =IF(U50="",0,IF(U50>SUM(W50:AA55),U50-SUM(W50:AA55),0)) -> 0
B58: =IF(S58="","",IF(B50="","",1+B50)) | E58: =IF(F58="","",IF(F58=0,"","L=")) | H58: =IF(F58="","",IF(F58=0,"","m")) | K58: =IF(L58="","",IF(L58=0,"","L=")) | N58: =IF(L58="","",IF(L58=0,"","m")) | R58: =IF(OR(S58="入力ｴﾗｰ",S58=0,S58="")=TRUE,"",IF(F58="","甲",IF(F58=0,"甲",""))) | S58: =IF((F58+I63+L58+O63)=0,"",IF((F58+I63+L58+O63)>SUM($AC$1:$AC$3),"入力ｴﾗｰ",SUM($AC$1:$AC$3)-(F58+I63+L58+O63))) | T58: =IF(S58="","",IF(S58="入力ｴﾗｰ","","m")) | U58: =IF(B58="","",COUNT(F58,I63,L58,O63)-IF(S58=0,1,0)-V58)
R61: =IF(R58="甲","",IF(OR(S58=0,S58="")=TRUE,"",IF(S58="入力ｴﾗｰ","","乙")))
H63: =IF(I63="","",IF(I63=0,"","L=")) | K63: =IF(I63="","",IF(I63=0,"","m")) | N63: =IF(O63="","",IF(O63=0,"","L=")) | Q63: =IF(O63="","",IF(O63=0,"","m")) | AC63: =IF(U58="",0,IF(U58>SUM(W58:AA63),U58-SUM(W58:AA63),0)) -> 0
B66: =IF(S66="","",IF(B58="","",1+B58)) | E66: =IF(F66="","",IF(F66=0,"","L=")) | H66: =IF(F66="","",IF(F66=0,"","m")) | K66: =IF(L66="","",IF(L66=0,"","L=")) | N66: =IF(L66="","",IF(L66=0,"","m")) | R66: =IF(OR(S66="入力ｴﾗｰ",S66=0,S66="")=TRUE,"",IF(F66="","甲",IF(F66=0,"甲",""))) | S66: =IF((F66+I71+L66+O71)=0,"",IF((F66+I71+L66+O71)>SUM($AC$1:$AC$3),"入力ｴﾗｰ",SUM($AC$1:$AC$3)-(F66+I71+L66+O71))) | T66: =IF(S66="","",IF(S66="入力ｴﾗｰ","","m")) | U66: =IF(B66="","",COUNT(F66,I71,L66,O71)-IF(S66=0,1,0)-V66)
R69: =IF(R66="甲","",IF(OR(S66=0,S66="")=TRUE,"",IF(S66="入力ｴﾗｰ","","乙")))
H71: =IF(I71="","",IF(I71=0,"","L=")) | K71: =IF(I71="","",IF(I71=0,"","m")) | N71: =IF(O71="","",IF(O71=0,"","L=")) | Q71: =IF(O71="","",IF(O71=0,"","m")) | AC71: =IF(U66="",0,IF(U66>SUM(W66:AA71),U66-SUM(W66:AA71),0)) -> 0
B74: =IF(S74="","",IF(B66="","",1+B66)) | E74: =IF(F74="","",IF(F74=0,"","L=")) | H74: =IF(F74="","",IF(F74=0,"","m")) | K74: =IF(L74="","",IF(L74=0,"","L=")) | N74: =IF(L74="","",IF(L74=0,"","m")) | R74: =IF(OR(S74="入力ｴﾗｰ",S74=0,S74="")=TRUE,"",IF(F74="","甲",IF(F74=0,"甲",""))) | S74: =IF((F74+I79+L74+O79)=0,"",IF((F74+I79+L74+O79)>SUM($AC$1:$AC$3),"入力ｴﾗｰ",SUM($AC$1:$AC$3)-(F74+I79+L74+O79))) | T74: =IF(S74="","",IF(S74="入力ｴﾗｰ","","m")) | U74: =IF(B74="","",COUNT(F74,I79,L74,O79)-IF(S74=0,1,0)-V74)
R77: =IF(R74="甲","",IF(OR(S74=0,S74="")=TRUE,"",IF(S74="入力ｴﾗｰ","","乙")))
H79: =IF(I79="","",IF(I79=0,"","L=")) | K79: =IF(I79="","",IF(I79=0,"","m")) | N79: =IF(O79="","",IF(O79=0,"","L=")) | Q79: =IF(O79="","",IF(O79=0,"","m")) | AC79: =IF(U74="",0,IF(U74>SUM(W74:AA79),U74-SUM(W74:AA79),0)) -> 0
B82: =IF(S82="","",IF(B74="","",1+B74)) | E82: =IF(F82="","",IF(F82=0,"","L=")) | H82: =IF(F82="","",IF(F82=0,"","m")) | K82: =IF(L82="","",IF(L82=0,"","L=")) | N82: =IF(L82="","",IF(L82=0,"","m")) | R82: =IF(OR(S82="入力ｴﾗｰ",S82=0,S82="")=TRUE,"",IF(F82="","甲",IF(F82=0,"甲",""))) | S82: =IF((F82+I87+L82+O87)=0,"",IF((F82+I87+L82+O87)>SUM($AC$1:$AC$3),"入力ｴﾗｰ",SUM($AC$1:$AC$3)-(F82+I87+L82+O87))) | T82: =IF(S82="","",IF(S82="入力ｴﾗｰ","","m")) | U82: =IF(B82="","",COUNT(F82,I87,L82,O87)-IF(S82=0,1,0)-V82)
R85: =IF(R82="甲","",IF(OR(S82=0,S82="")=TRUE,"",IF(S82="入力ｴﾗｰ","","乙")))
H87: =IF(I87="","",IF(I87=0,"","L=")) | K87: =IF(I87="","",IF(I87=0,"","m")) | N87: =IF(O87="","",IF(O87=0,"","L=")) | Q87: =IF(O87="","",IF(O87=0,"","m")) | AC87: =IF(U82="",0,IF(U82>SUM(W82:AA87),U82-SUM(W82:AA87),0)) -> 0
B90: =IF(S90="","",IF(B82="","",1+B82)) | E90: =IF(F90="","",IF(F90=0,"","L=")) | H90: =IF(F90="","",IF(F90=0,"","m")) | K90: =IF(L90="","",IF(L90=0,"","L=")) | N90: =IF(L90="","",IF(L90=0,"","m")) | R90: =IF(OR(S90="入力ｴﾗｰ",S90=0,S90="")=TRUE,"",IF(F90="","甲",IF(F90=0,"甲",""))) | T90: =IF(S90="","",IF(S90="入力ｴﾗｰ","","m")) | U90: =IF(B90="","",COUNT(F90,I95,L90,O95)-IF(S90=0,1,0)-V90)
R93: =IF(R90="甲","",IF(OR(S90=0,S90="")=TRUE,"",IF(S90="入力ｴﾗｰ","","乙")))
H95: =IF(I95="","",IF(I95=0,"","L=")) | K95: =IF(I95="","",IF(I95=0,"","m")) | N95: =IF(O95="","",IF(O95=0,"","L=")) | Q95: =IF(O95="","",IF(O95=0,"","m")) | AC95: =IF(U90="",0,IF(U90>SUM(W90:AA95),U90-SUM(W90:AA95),0)) -> 0
B98: =IF(S98="","",IF(B90="","",1+B90)) | E98: =IF(F98="","",IF(F98=0,"","L=")) | H98: =IF(F98="","",IF(F98=0,"","m")) | K98: =IF(L98="","",IF(L98=0,"","L=")) | N98: =IF(L98="","",IF(L98=0,"","m")) | R98: =IF(OR(S98="入力ｴﾗｰ",S98=0,S98="")=TRUE,"",IF(F98="","甲",IF(F98=0,"甲",""))) | S98: =IF((F98+I103+L98+O103)=0,"",IF((F98+I103+L98+O103)>SUM($AC$1:$AC$3),"入力ｴﾗｰ",SUM($AC$1:$AC$3)-(F98+I103+L98+O103))) | T98: =IF(S98="","",IF(S98="入力ｴﾗｰ","","m")) | U98: =IF(B98="","",COUNT(F98,I103,L98,O103)-IF(S98=0,1,0)-V98)
R101: =IF(R98="甲","",IF(OR(S98=0,S98="")=TRUE,"",IF(S98="入力ｴﾗｰ","","乙")))
H103: =IF(I103="","",IF(I103=0,"","L=")) | K103: =IF(I103="","",IF(I103=0,"","m")) | N103: =IF(O103="","",IF(O103=0,"","L=")) | Q103: =IF(O103="","",IF(O103=0,"","m")) | AC103: =IF(U98="",0,IF(U98>SUM(W98:AA103),U98-SUM(W98:AA103),0)) -> 0
E106: =IF(F106="","",IF(F106=0,"","L=")) | H106: =IF(F106="","",IF(F106=0,"","m")) | K106: =IF(L106="","",IF(L106=0,"","L=")) | N106: =IF(L106="","",IF(L106=0,"","m")) | U106: =IF(B106="","",COUNT(F106,I111,L106,O111)-IF(S106=0,1,0)-V106)
H111: =IF(I111="","",IF(I111=0,"","L=")) | K111: =IF(I111="","",IF(I111=0,"","m")) | N111: =IF(O111="","",IF(O111=0,"","L=")) | Q111: =IF(O111="","",IF(O111=0,"","m")) | AC111: =IF(U106="",0,IF(U106>SUM(W106:AA111),U106-SUM(W106:AA111),0)) -> 0
B113: 合 計 | G113: φ | M113: 本 | T113: m
G114: =U2 -> GX | H114: =Y2 -> 100 | K114: =IF(B10="",0,LARGE(B10:B111,1)) -> 0 | R114: =SUM(S10:S111) -> 0 | U114: =SUM(U10:U111) -> 0 | V114: =SUM(V10:V111) -> 0 | W114: =SUM(W10:W111) -> 0 | X114: =SUM(X10:X111) -> 0 | Y114: =SUM(Y10:Y111) -> 0 | Z114: =SUM(Z10:Z111) -> 0 | AA114: =SUM(AA10:AA111) -> 0 | AC114: =SUM(AC9:AC112) -> 0

Sheet GX　150
B1: 工事名： | C1: ='白紙(5m)'!C1 -> 東白川特2高層配水池揚水管取替工事 | S1: 管 | X1: 口 | AC1: =IF(Y2<=100,4,0) -> 0
U2: GX | Y2: 150 | AC2: =IF(AC1=4,0,IF(Y2<=250,5,0)) -> 5
S3: 種 | W3: 形 | X3: 径 | AA3: ㎜ | AC3: =IF(Y2>250,6,0) -> 0
B5: 管切断工・挿し口加工数量計算書 | U5: ※切管延長に挿し口リング延長を含む
B7: 管番号 | C7: 形 状 | R7: 残延長 | U7: 切断 | W7: 挿 し 口 加 工
U8: ＧＸ形 | V8: ＫＴ形 | W8: ＧＸ形 | X8: ＮＳ形 | Y8: ＫＦ形 | Z8: ＮＳ(溝) | AA8: ＳⅡ(溝)
B10: =IF(S10="","",1) | E10: =IF(F10="","",IF(F10=0,"","L=")) | H10: =IF(F10="","",IF(F10=0,"","m")) | K10: =IF(L10="","",IF(L10=0,"","L=")) | N10: =IF(L10="","",IF(L10=0,"","m")) | R10: =IF(OR(S10="入力ｴﾗｰ",S10=0,S10="")=TRUE,"",IF(F10="","甲",IF(F10=0,"甲",""))) | S10: =IF((F10+I15+L10+O15)=0,"",IF((F10+I15+L10+O15)>SUM($AC$1:$AC$3),"入力ｴﾗｰ",SUM($AC$1:$AC$3)-(F10+I15+L10+O15))) | T10: =IF(S10="","",IF(S10="入力ｴﾗｰ","","m")) | U10: =IF(B10="","",COUNT(F10,I15,L10,O15)-IF(S10=0,1,0)-V10)
R13: =IF(R10="甲","",IF(OR(S10=0,S10="")=TRUE,"",IF(S10="入力ｴﾗｰ","","乙")))
H15: =IF(I15="","",IF(I15=0,"","L=")) | K15: =IF(I15="","",IF(I15=0,"","m")) | N15: =IF(O15="","",IF(O15=0,"","L=")) | Q15: =IF(O15="","",IF(O15=0,"","m")) | AC15: =IF(U10="",0,IF(U10>SUM(W10:AA15),U10-SUM(W10:AA15),0)) -> 0
B18: =IF(S18="","",IF(B10="","",1+B10)) | E18: =IF(F18="","",IF(F18=0,"","L=")) | H18: =IF(F18="","",IF(F18=0,"","m")) | K18: =IF(L18="","",IF(L18=0,"","L=")) | N18: =IF(L18="","",IF(L18=0,"","m")) | R18: =IF(OR(S18="入力ｴﾗｰ",S18=0,S18="")=TRUE,"",IF(F18="","甲",IF(F18=0,"甲",""))) | S18: =IF((F18+I23+L18+O23)=0,"",IF((F18+I23+L18+O23)>SUM($AC$1:$AC$3),"入力ｴﾗｰ",SUM($AC$1:$AC$3)-(F18+I23+L18+O23))) | T18: =IF(S18="","",IF(S18="入力ｴﾗｰ","","m")) | U18: =IF(B18="","",COUNT(F18,I23,L18,O23)-IF(S18=0,1,0)-V18)
R21: =IF(R18="甲","",IF(OR(S18=0,S18="")=TRUE,"",IF(S18="入力ｴﾗｰ","","乙")))
H23: =IF(I23="","",IF(I23=0,"","L=")) | K23: =IF(I23="","",IF(I23=0,"","m")) | N23: =IF(O23="","",IF(O23=0,"","L=")) | Q23: =IF(O23="","",IF(O23=0,"","m")) | AC23: =IF(U18="",0,IF(U18>SUM(W18:AA23),U18-SUM(W18:AA23),0)) -> 0
B26: =IF(S26="","",IF(B18="","",1+B18)) | E26: =IF(F26="","",IF(F26=0,"","L=")) | H26: =IF(F26="","",IF(F26=0,"","m")) | K26: =IF(L26="","",IF(L26=0,"","L=")) | N26: =IF(L26="","",IF(L26=0,"","m")) | R26: =IF(OR(S26="入力ｴﾗｰ",S26=0,S26="")=TRUE,"",IF(F26="","甲",IF(F26=0,"甲",""))) | S26: =IF((F26+I31+L26+O31)=0,"",IF((F26+I31+L26+O31)>SUM($AC$1:$AC$3),"入力ｴﾗｰ",SUM($AC$1:$AC$3)-(F26+I31+L26+O31))) | T26: =IF(S26="","",IF(S26="入力ｴﾗｰ","","m")) | U26: =IF(B26="","",COUNT(F26,I31,L26,O31)-IF(S26=0,1,0)-V26)
R29: =IF(R26="甲","",IF(OR(S26=0,S26="")=TRUE,"",IF(S26="入力ｴﾗｰ","","乙")))
H31: =IF(I31="","",IF(I31=0,"","L=")) | K31: =IF(I31="","",IF(I31=0,"","m")) | N31: =IF(O31="","",IF(O31=0,"","L=")) | Q31: =IF(O31="","",IF(O31=0,"","m")) | AC31: =IF(U26="",0,IF(U26>SUM(W26:AA31),U26-SUM(W26:AA31),0)) -> 0
B34: =IF(S34="","",IF(B26="","",1+B26)) | E34: =IF(F34="","",IF(F34=0,"","L=")) | H34: =IF(F34="","",IF(F34=0,"","m")) | K34: =IF(L34="","",IF(L34=0,"","L=")) | N34: =IF(L34="","",IF(L34=0,"","m")) | R34: =IF(OR(S34="入力ｴﾗｰ",S34=0,S34="")=TRUE,"",IF(F34="","甲",IF(F34=0,"甲",""))) | S34: =IF((F34+I39+L34+O39)=0,"",IF((F34+I39+L34+O39)>SUM($AC$1:$AC$3),"入力ｴﾗｰ",SUM($AC$1:$AC$3)-(F34+I39+L34+O39))) | T34: =IF(S34="","",IF(S34="入力ｴﾗｰ","","m")) | U34: =IF(B34="","",COUNT(F34,I39,L34,O39)-IF(S34=0,1,0)-V34)
R37: =IF(R34="甲","",IF(OR(S34=0,S34="")=TRUE,"",IF(S34="入力ｴﾗｰ","","乙")))
H39: =IF(I39="","",IF(I39=0,"","L=")) | K39: =IF(I39="","",IF(I39=0,"","m")) | N39: =IF(O39="","",IF(O39=0,"","L=")) | Q39: =IF(O39="","",IF(O39=0,"","m")) | AC39: =IF(U34="",0,IF(U34>SUM(W34:AA39),U34-SUM(W34:AA39),0)) -> 0
B42: =IF(S42="","",IF(B34="","",1+B34)) | E42: =IF(F42="","",IF(F42=0,"","L=")) | H42: =IF(F42="","",IF(F42=0,"","m")) | K42: =IF(L42="","",IF(L42=0,"","L=")) | N42: =IF(L42="","",IF(L42=0,"","m")) | R42: =IF(OR(S42="入力ｴﾗｰ",S42=0,S42="")=TRUE,"",IF(F42="","甲",IF(F42=0,"甲",""))) | S42: =IF((F42+I47+L42+O47)=0,"",IF((F42+I47+L42+O47)>SUM($AC$1:$AC$3),"入力ｴﾗｰ",SUM($AC$1:$AC$3)-(F42+I47+L42+O47))) | T42: =IF(S42="","",IF(S42="入力ｴﾗｰ","","m")) | U42: =IF(B42="","",COUNT(F42,I47,L42,O47)-IF(S42=0,1,0)-V42)
R45: =IF(R42="甲","",IF(OR(S42=0,S42="")=TRUE,"",IF(S42="入力ｴﾗｰ","","乙")))
H47: =IF(I47="","",IF(I47=0,"","L=")) | K47: =IF(I47="","",IF(I47=0,"","m")) | N47: =IF(O47="","",IF(O47=0,"","L=")) | Q47: =IF(O47="","",IF(O47=0,"","m")) | AC47: =IF(U42="",0,IF(U42>SUM(W42:AA47),U42-SUM(W42:AA47),0)) -> 0
B50: =IF(S50="","",IF(B42="","",1+B42)) | E50: =IF(F50="","",IF(F50=0,"","L=")) | H50: =IF(F50="","",IF(F50=0,"","m")) | K50: =IF(L50="","",IF(L50=0,"","L=")) | N50: =IF(L50="","",IF(L50=0,"","m")) | R50: =IF(OR(S50="入力ｴﾗｰ",S50=0,S50="")=TRUE,"",IF(F50="","甲",IF(F50=0,"甲",""))) | S50: =IF((F50+I55+L50+O55)=0,"",IF((F50+I55+L50+O55)>SUM($AC$1:$AC$3),"入力ｴﾗｰ",SUM($AC$1:$AC$3)-(F50+I55+L50+O55))) | T50: =IF(S50="","",IF(S50="入力ｴﾗｰ","","m")) | U50: =IF(B50="","",COUNT(F50,I55,L50,O55)-IF(S50=0,1,0)-V50)
R53: =IF(R50="甲","",IF(OR(S50=0,S50="")=TRUE,"",IF(S50="入力ｴﾗｰ","","乙")))
H55: =IF(I55="","",IF(I55=0,"","L=")) | K55: =IF(I55="","",IF(I55=0,"","m")) | N55: =IF(O55="","",IF(O55=0,"","L=")) | Q55: =IF(O55="","",IF(O55=0,"","m")) | AC55: =IF(U50="",0,IF(U50>SUM(W50:AA55),U50-SUM(W50:AA55),0)) -> 0
B58: =IF(S58="","",IF(B50="","",1+B50)) | E58: =IF(F58="","",IF(F58=0,"","L=")) | H58: =IF(F58="","",IF(F58=0,"","m")) | K58: =IF(L58="","",IF(L58=0,"","L=")) | N58: =IF(L58="","",IF(L58=0,"","m")) | R58: =IF(OR(S58="入力ｴﾗｰ",S58=0,S58="")=TRUE,"",IF(F58="","甲",IF(F58=0,"甲",""))) | S58: =IF((F58+I63+L58+O63)=0,"",IF((F58+I63+L58+O63)>SUM($AC$1:$AC$3),"入力ｴﾗｰ",SUM($AC$1:$AC$3)-(F58+I63+L58+O63))) | T58: =IF(S58="","",IF(S58="入力ｴﾗｰ","","m")) | U58: =IF(B58="","",COUNT(F58,I63,L58,O63)-IF(S58=0,1,0)-V58)
R61: =IF(R58="甲","",IF(OR(S58=0,S58="")=TRUE,"",IF(S58="入力ｴﾗｰ","","乙")))
H63: =IF(I63="","",IF(I63=0,"","L=")) | K63: =IF(I63="","",IF(I63=0,"","m")) | N63: =IF(O63="","",IF(O63=0,"","L=")) | Q63: =IF(O63="","",IF(O63=0,"","m")) | AC63: =IF(U58="",0,IF(U58>SUM(W58:AA63),U58-SUM(W58:AA63),0)) -> 0
B66: =IF(S66="","",IF(B58="","",1+B58)) | E66: =IF(F66="","",IF(F66=0,"","L=")) | H66: =IF(F66="","",IF(F66=0,"","m")) | K66: =IF(L66="","",IF(L66=0,"","L=")) | N66: =IF(L66="","",IF(L66=0,"","m")) | R66: =IF(OR(S66="入力ｴﾗｰ",S66=0,S66="")=TRUE,"",IF(F66="","甲",IF(F66=0,"甲",""))) | S66: =IF((F66+I71+L66+O71)=0,"",IF((F66+I71+L66+O71)>SUM($AC$1:$AC$3),"入力ｴﾗｰ",SUM($AC$1:$AC$3)-(F66+I71+L66+O71))) | T66: =IF(S66="","",IF(S66="入力ｴﾗｰ","","m")) | U66: =IF(B66="","",COUNT(F66,I71,L66,O71)-IF(S66=0,1,0)-V66)
R69: =IF(R66="甲","",IF(OR(S66=0,S66="")=TRUE,"",IF(S66="入力ｴﾗｰ","","乙")))
H71: =IF(I71="","",IF(I71=0,"","L=")) | K71: =IF(I71="","",IF(I71=0,"","m")) | N71: =IF(O71="","",IF(O71=0,"","L=")) | Q71: =IF(O71="","",IF(O71=0,"","m")) | AC71: =IF(U66="",0,IF(U66>SUM(W66:AA71),U66-SUM(W66:AA71),0)) -> 0
B74: =IF(S74="","",IF(B66="","",1+B66)) | E74: =IF(F74="","",IF(F74=0,"","L=")) | H74: =IF(F74="","",IF(F74=0,"","m")) | K74: =IF(L74="","",IF(L74=0,"","L=")) | N74: =IF(L74="","",IF(L74=0,"","m")) | R74: =IF(OR(S74="入力ｴﾗｰ",S74=0,S74="")=TRUE,"",IF(F74="","甲",IF(F74=0,"甲",""))) | S74: =IF((F74+I79+L74+O79)=0,"",IF((F74+I79+L74+O79)>SUM($AC$1:$AC$3),"入力ｴﾗｰ",SUM($AC$1:$AC$3)-(F74+I79+L74+O79))) | T74: =IF(S74="","",IF(S74="入力ｴﾗｰ","","m")) | U74: =IF(B74="","",COUNT(F74,I79,L74,O79)-IF(S74=0,1,0)-V74)
R77: =IF(R74="甲","",IF(OR(S74=0,S74="")=TRUE,"",IF(S74="入力ｴﾗｰ","","乙")))
H79: =IF(I79="","",IF(I79=0,"","L=")) | K79: =IF(I79="","",IF(I79=0,"","m")) | N79: =IF(O79="","",IF(O79=0,"","L=")) | Q79: =IF(O79="","",IF(O79=0,"","m")) | AC79: =IF(U74="",0,IF(U74>SUM(W74:AA79),U74-SUM(W74:AA79),0)) -> 0
B82: =IF(S82="","",IF(B74="","",1+B74)) | E82: =IF(F82="","",IF(F82=0,"","L=")) | H82: =IF(F82="","",IF(F82=0,"","m")) | K82: =IF(L82="","",IF(L82=0,"","L=")) | N82: =IF(L82="","",IF(L82=0,"","m")) | R82: =IF(OR(S82="入力ｴﾗｰ",S82=0,S82="")=TRUE,"",IF(F82="","甲",IF(F82=0,"甲",""))) | S82: =IF((F82+I87+L82+O87)=0,"",IF((F82+I87+L82+O87)>SUM($AC$1:$AC$3),"入力ｴﾗｰ",SUM($AC$1:$AC$3)-(F82+I87+L82+O87))) | T82: =IF(S82="","",IF(S82="入力ｴﾗｰ","","m")) | U82: =IF(B82="","",COUNT(F82,I87,L82,O87)-IF(S82=0,1,0)-V82)
R85: =IF(R82="甲","",IF(OR(S82=0,S82="")=TRUE,"",IF(S82="入力ｴﾗｰ","","乙")))
H87: =IF(I87="","",IF(I87=0,"","L=")) | K87: =IF(I87="","",IF(I87=0,"","m")) | N87: =IF(O87="","",IF(O87=0,"","L=")) | Q87: =IF(O87="","",IF(O87=0,"","m")) | AC87: =IF(U82="",0,IF(U82>SUM(W82:AA87),U82-SUM(W82:AA87),0)) -> 0
B90: =IF(S90="","",IF(B82="","",1+B82)) | E90: =IF(F90="","",IF(F90=0,"","L=")) | H90: =IF(F90="","",IF(F90=0,"","m")) | K90: =IF(L90="","",IF(L90=0,"","L=")) | N90: =IF(L90="","",IF(L90=0,"","m")) | R90: =IF(OR(S90="入力ｴﾗｰ",S90=0,S90="")=TRUE,"",IF(F90="","甲",IF(F90=0,"甲",""))) | S90: =IF((F90+I95+L90+O95)=0,"",IF((F90+I95+L90+O95)>SUM($AC$1:$AC$3),"入力ｴﾗｰ",SUM($AC$1:$AC$3)-(F90+I95+L90+O95))) | T90: =IF(S90="","",IF(S90="入力ｴﾗｰ","","m")) | U90: =IF(B90="","",COUNT(F90,I95,L90,O95)-IF(S90=0,1,0)-V90)
R93: =IF(R90="甲","",IF(OR(S90=0,S90="")=TRUE,"",IF(S90="入力ｴﾗｰ","","乙")))
H95: =IF(I95="","",IF(I95=0,"","L=")) | K95: =IF(I95="","",IF(I95=0,"","m")) | N95: =IF(O95="","",IF(O95=0,"","L=")) | Q95: =IF(O95="","",IF(O95=0,"","m")) | AC95: =IF(U90="",0,IF(U90>SUM(W90:AA95),U90-SUM(W90:AA95),0)) -> 0
E98: =IF(F98="","",IF(F98=0,"","L=")) | H98: =IF(F98="","",IF(F98=0,"","m")) | K98: =IF(L98="","",IF(L98=0,"","L=")) | N98: =IF(L98="","",IF(L98=0,"","m")) | R98: =IF(OR(S98="入力ｴﾗｰ",S98=0,S98="")=TRUE,"",IF(F98="","甲",IF(F98=0,"甲",""))) | S98: =IF((F98+I103+L98+O103)=0,"",IF((F98+I103+L98+O103)>SUM($AC$1:$AC$3),"入力ｴﾗｰ",SUM($AC$1:$AC$3)-(F98+I103+L98+O103))) | T98: =IF(S98="","",IF(S98="入力ｴﾗｰ","","m")) | U98: =IF(B98="","",COUNT(F98,I103,L98,O103)-IF(S98=0,1,0)-V98)
R101: =IF(R98="甲","",IF(OR(S98=0,S98="")=TRUE,"",IF(S98="入力ｴﾗｰ","","乙")))
H103: =IF(I103="","",IF(I103=0,"","L=")) | K103: =IF(I103="","",IF(I103=0,"","m")) | N103: =IF(O103="","",IF(O103=0,"","L=")) | Q103: =IF(O103="","",IF(O103=0,"","m")) | AC103: =IF(U98="",0,IF(U98>SUM(W98:AA103),U98-SUM(W98:AA103),0)) -> 0
E106: =IF(F106="","",IF(F106=0,"","L=")) | H106: =IF(F106="","",IF(F106=0,"","m")) | K106: =IF(L106="","",IF(L106=0,"","L=")) | N106: =IF(L106="","",IF(L106=0,"","m")) | R106: =IF(OR(S106="入力ｴﾗｰ",S106=0,S106="")=TRUE,"",IF(F106="","甲",IF(F106=0,"甲",""))) | S106: =IF((F106+I111+L106+O111)=0,"",IF((F106+I111+L106+O111)>SUM($AC$1:$AC$3),"入力ｴﾗｰ",SUM($AC$1:$AC$3)-(F106+I111+L106+O111))) | T106: =IF(S106="","",IF(S106="入力ｴﾗｰ","","m")) | U106: =IF(B106="","",COUNT(F106,I111,L106,O111)-IF(S106=0,1,0)-V106)
R109: =IF(R106="甲","",IF(OR(S106=0,S106="")=TRUE,"",IF(S106="入力ｴﾗｰ","","乙")))
H111: =IF(I111="","",IF(I111=0,"","L=")) | K111: =IF(I111="","",IF(I111=0,"","m")) | N111: =IF(O111="","",IF(O111=0,"","L=")) | Q111: =IF(O111="","",IF(O111=0,"","m")) | AC111: =IF(U106="",0,IF(U106>SUM(W106:AA111),U106-SUM(W106:AA111),0)) -> 0
B113: 合 計 | G113: φ | M113: 本 | T113: m
G114: =U2 -> GX | H114: =Y2 -> 150 | K114: =IF(B10="",0,LARGE(B10:B111,1)) -> 0 | R114: =SUM(S10:S111) -> 0 | U114: =SUM(U10:U111) -> 0 | V114: =SUM(V10:V111) -> 0 | W114: =SUM(W10:W111) -> 0 | X114: =SUM(X10:X111) -> 0 | Y114: =SUM(Y10:Y111) -> 0 | Z114: =SUM(Z10:Z111) -> 0 | AA114: =SUM(AA10:AA111) -> 0 | AC114: =SUM(AC9:AC112) -> 0

Sheet GX　300
B1: 工事名： | C1: ='白紙(5m)'!C1 -> 東白川特2高層配水池揚水管取替工事 | S1: 管 | X1: 口 | AC1: =IF(Y2<=100,4,0) -> 0
U2: GX | Y2: 300 | AC2: =IF(AC1=4,0,IF(Y2<=250,5,0)) -> 0
S3: 種 | W3: 形 | X3: 径 | AA3: ㎜ | AC3: =IF(Y2>250,6,0) -> 6
B5: 管切断工・挿し口加工数量計算書 | U5: ※切管延長に挿し口リング延長を含む
B7: 管番号 | C7: 形 状 | R7: 残延長 | U7: 切断 | W7: 挿 し 口 加 工
U8: ＧＸ形 | V8: ＫＴ形 | W8: ＧＸ形 | X8: ＮＳ形 | Y8: ＫＦ形 | Z8: ＮＳ(溝) | AA8: ＳⅡ(溝)
B10: =IF(S10="","",1) | E10: =IF(F10="","",IF(F10=0,"","L=")) | H10: =IF(F10="","",IF(F10=0,"","m")) | K10: =IF(L10="","",IF(L10=0,"","L=")) | N10: =IF(L10="","",IF(L10=0,"","m")) | R10: =IF(OR(S10="入力ｴﾗｰ",S10=0,S10="")=TRUE,"",IF(F10="","甲",IF(F10=0,"甲",""))) | S10: =IF((F10+I15+L10+O15)=0,"",IF((F10+I15+L10+O15)>SUM($AC$1:$AC$3),"入力ｴﾗｰ",SUM($AC$1:$AC$3)-(F10+I15+L10+O15))) | T10: =IF(S10="","",IF(S10="入力ｴﾗｰ","","m")) | U10: =IF(B10="","",COUNT(F10,I15,L10,O15)-IF(S10=0,1,0)-V10) | W10: 1
R13: =IF(R10="甲","",IF(OR(S10=0,S10="")=TRUE,"",IF(S10="入力ｴﾗｰ","","乙")))
H15: =IF(I15="","",IF(I15=0,"","L=")) | K15: =IF(I15="","",IF(I15=0,"","m")) | N15: =IF(O15="","",IF(O15=0,"","L=")) | Q15: =IF(O15="","",IF(O15=0,"","m")) | AC15: =IF(U10="",0,IF(U10>SUM(W10:AA15),U10-SUM(W10:AA15),0)) -> 0
B18: =IF(S18="","",IF(B10="","",1+B10)) | E18: =IF(F18="","",IF(F18=0,"","L=")) | H18: =IF(F18="","",IF(F18=0,"","m")) | K18: =IF(L18="","",IF(L18=0,"","L=")) | N18: =IF(L18="","",IF(L18=0,"","m")) | R18: =IF(OR(S18="入力ｴﾗｰ",S18=0,S18="")=TRUE,"",IF(F18="","甲",IF(F18=0,"甲",""))) | S18: =IF((F18+I23+L18+O23)=0,"",IF((F18+I23+L18+O23)>SUM($AC$1:$AC$3),"入力ｴﾗｰ",SUM($AC$1:$AC$3)-(F18+I23+L18+O23))) | T18: =IF(S18="","",IF(S18="入力ｴﾗｰ","","m")) | U18: =IF(B18="","",COUNT(F18,I23,L18,O23)-IF(S18=0,1,0)-V18)
R21: =IF(R18="甲","",IF(OR(S18=0,S18="")=TRUE,"",IF(S18="入力ｴﾗｰ","","乙")))
H23: =IF(I23="","",IF(I23=0,"","L=")) | K23: =IF(I23="","",IF(I23=0,"","m")) | N23: =IF(O23="","",IF(O23=0,"","L=")) | Q23: =IF(O23="","",IF(O23=0,"","m")) | AC23: =IF(U18="",0,IF(U18>SUM(W18:AA23),U18-SUM(W18:AA23),0)) -> 0
B26: =IF(S26="","",IF(B18="","",1+B18)) | E26: =IF(F26="","",IF(F26=0,"","L=")) | H26: =IF(F26="","",IF(F26=0,"","m")) | K26: =IF(L26="","",IF(L26=0,"","L=")) | N26: =IF(L26="","",IF(L26=0,"","m")) | R26: =IF(OR(S26="入力ｴﾗｰ",S26=0,S26="")=TRUE,"",IF(F26="","甲",IF(F26=0,"甲",""))) | S26: =IF((F26+I31+L26+O31)=0,"",IF((F26+I31+L26+O31)>SUM($AC$1:$AC$3),"入力ｴﾗｰ",SUM($AC$1:$AC$3)-(F26+I31+L26+O31))) | T26: =IF(S26="","",IF(S26="入力ｴﾗｰ","","m")) | U26: =IF(B26="","",COUNT(F26,I31,L26,O31)-IF(S26=0,1,0)-V26)
R29: =IF(R26="甲","",IF(OR(S26=0,S26="")=TRUE,"",IF(S26="入力ｴﾗｰ","","乙")))
H31: =IF(I31="","",IF(I31=0,"","L=")) | K31: =IF(I31="","",IF(I31=0,"","m")) | N31: =IF(O31="","",IF(O31=0,"","L=")) | Q31: =IF(O31="","",IF(O31=0,"","m")) | AC31: =IF(U26="",0,IF(U26>SUM(W26:AA31),U26-SUM(W26:AA31),0)) -> 0
B34: =IF(S34="","",IF(B26="","",1+B26)) | E34: =IF(F34="","",IF(F34=0,"","L=")) | H34: =IF(F34="","",IF(F34=0,"","m")) | K34: =IF(L34="","",IF(L34=0,"","L=")) | N34: =IF(L34="","",IF(L34=0,"","m")) | R34: =IF(OR(S34="入力ｴﾗｰ",S34=0,S34="")=TRUE,"",IF(F34="","甲",IF(F34=0,"甲",""))) | S34: =IF((F34+I39+L34+O39)=0,"",IF((F34+I39+L34+O39)>SUM($AC$1:$AC$3),"入力ｴﾗｰ",SUM($AC$1:$AC$3)-(F34+I39+L34+O39))) | T34: =IF(S34="","",IF(S34="入力ｴﾗｰ","","m"))
R37: =IF(R34="甲","",IF(OR(S34=0,S34="")=TRUE,"",IF(S34="入力ｴﾗｰ","","乙")))
H39: =IF(I39="","",IF(I39=0,"","L=")) | K39: =IF(I39="","",IF(I39=0,"","m")) | N39: =IF(O39="","",IF(O39=0,"","L=")) | Q39: =IF(O39="","",IF(O39=0,"","m")) | AC39: =IF(U34="",0,IF(U34>SUM(W34:AA39),U34-SUM(W34:AA39),0)) -> 0
B42: =IF(S42="","",IF(B34="","",1+B34)) | E42: =IF(F42="","",IF(F42=0,"","L=")) | H42: =IF(F42="","",IF(F42=0,"","m")) | K42: =IF(L42="","",IF(L42=0,"","L=")) | N42: =IF(L42="","",IF(L42=0,"","m")) | R42: =IF(OR(S42="入力ｴﾗｰ",S42=0,S42="")=TRUE,"",IF(F42="","甲",IF(F42=0,"甲",""))) | S42: =IF((F42+I47+L42+O47)=0,"",IF((F42+I47+L42+O47)>SUM($AC$1:$AC$3),"入力ｴﾗｰ",SUM($AC$1:$AC$3)-(F42+I47+L42+O47))) | T42: =IF(S42="","",IF(S42="入力ｴﾗｰ","","m")) | U42: =IF(B42="","",COUNT(F42,I47,L42,O47)-IF(S42=0,1,0)-V42)
R45: =IF(R42="甲","",IF(OR(S42=0,S42="")=TRUE,"",IF(S42="入力ｴﾗｰ","","乙")))
H47: =IF(I47="","",IF(I47=0,"","L=")) | K47: =IF(I47="","",IF(I47=0,"","m")) | N47: =IF(O47="","",IF(O47=0,"","L=")) | Q47: =IF(O47="","",IF(O47=0,"","m")) | AC47: =IF(U42="",0,IF(U42>SUM(W42:AA47),U42-SUM(W42:AA47),0)) -> 0
B50: =IF(S50="","",IF(B42="","",1+B42)) | E50: =IF(F50="","",IF(F50=0,"","L=")) | H50: =IF(F50="","",IF(F50=0,"","m")) | K50: =IF(L50="","",IF(L50=0,"","L=")) | N50: =IF(L50="","",IF(L50=0,"","m")) | R50: =IF(OR(S50="入力ｴﾗｰ",S50=0,S50="")=TRUE,"",IF(F50="","甲",IF(F50=0,"甲",""))) | S50: =IF((F50+I55+L50+O55)=0,"",IF((F50+I55+L50+O55)>SUM($AC$1:$AC$3),"入力ｴﾗｰ",SUM($AC$1:$AC$3)-(F50+I55+L50+O55))) | T50: =IF(S50="","",IF(S50="入力ｴﾗｰ","","m")) | U50: =IF(B50="","",COUNT(F50,I55,L50,O55)-IF(S50=0,1,0)-V50)
R53: =IF(R50="甲","",IF(OR(S50=0,S50="")=TRUE,"",IF(S50="入力ｴﾗｰ","","乙")))
H55: =IF(I55="","",IF(I55=0,"","L=")) | K55: =IF(I55="","",IF(I55=0,"","m")) | N55: =IF(O55="","",IF(O55=0,"","L=")) | Q55: =IF(O55="","",IF(O55=0,"","m")) | AC55: =IF(U50="",0,IF(U50>SUM(W50:AA55),U50-SUM(W50:AA55),0)) -> 0
B58: =IF(S58="","",IF(B50="","",1+B50)) | E58: =IF(F58="","",IF(F58=0,"","L=")) | H58: =IF(F58="","",IF(F58=0,"","m")) | K58: =IF(L58="","",IF(L58=0,"","L=")) | N58: =IF(L58="","",IF(L58=0,"","m")) | R58: =IF(OR(S58="入力ｴﾗｰ",S58=0,S58="")=TRUE,"",IF(F58="","甲",IF(F58=0,"甲",""))) | S58: =IF((F58+I63+L58+O63)=0,"",IF((F58+I63+L58+O63)>SUM($AC$1:$AC$3),"入力ｴﾗｰ",SUM($AC$1:$AC$3)-(F58+I63+L58+O63))) | T58: =IF(S58="","",IF(S58="入力ｴﾗｰ","","m")) | U58: =IF(B58="","",COUNT(F58,I63,L58,O63)-IF(S58=0,1,0)-V58)
R61: =IF(R58="甲","",IF(OR(S58=0,S58="")=TRUE,"",IF(S58="入力ｴﾗｰ","","乙")))
H63: =IF(I63="","",IF(I63=0,"","L=")) | K63: =IF(I63="","",IF(I63=0,"","m")) | N63: =IF(O63="","",IF(O63=0,"","L=")) | Q63: =IF(O63="","",IF(O63=0,"","m")) | AC63: =IF(U58="",0,IF(U58>SUM(W58:AA63),U58-SUM(W58:AA63),0)) -> 0
B66: =IF(S66="","",IF(B58="","",1+B58)) | E66: =IF(F66="","",IF(F66=0,"","L=")) | H66: =IF(F66="","",IF(F66=0,"","m")) | K66: =IF(L66="","",IF(L66=0,"","L=")) | N66: =IF(L66="","",IF(L66=0,"","m")) | R66: =IF(OR(S66="入力ｴﾗｰ",S66=0,S66="")=TRUE,"",IF(F66="","甲",IF(F66=0,"甲",""))) | S66: =IF((F66+I71+L66+O71)=0,"",IF((F66+I71+L66+O71)>SUM($AC$1:$AC$3),"入力ｴﾗｰ",SUM($AC$1:$AC$3)-(F66+I71+L66+O71))) | T66: =IF(S66="","",IF(S66="入力ｴﾗｰ","","m")) | U66: =IF(B66="","",COUNT(F66,I71,L66,O71)-IF(S66=0,1,0)-V66)
R69: =IF(R66="甲","",IF(OR(S66=0,S66="")=TRUE,"",IF(S66="入力ｴﾗｰ","","乙")))
H71: =IF(I71="","",IF(I71=0,"","L=")) | K71: =IF(I71="","",IF(I71=0,"","m")) | N71: =IF(O71="","",IF(O71=0,"","L=")) | Q71: =IF(O71="","",IF(O71=0,"","m")) | AC71: =IF(U66="",0,IF(U66>SUM(W66:AA71),U66-SUM(W66:AA71),0)) -> 0
B74: =IF(S74="","",IF(B66="","",1+B66)) | E74: =IF(F74="","",IF(F74=0,"","L=")) | H74: =IF(F74="","",IF(F74=0,"","m")) | K74: =IF(L74="","",IF(L74=0,"","L=")) | N74: =IF(L74="","",IF(L74=0,"","m")) | R74: =IF(OR(S74="入力ｴﾗｰ",S74=0,S74="")=TRUE,"",IF(F74="","甲",IF(F74=0,"甲",""))) | S74: =IF((F74+I79+L74+O79)=0,"",IF((F74+I79+L74+O79)>SUM($AC$1:$AC$3),"入力ｴﾗｰ",SUM($AC$1:$AC$3)-(F74+I79+L74+O79))) | T74: =IF(S74="","",IF(S74="入力ｴﾗｰ","","m")) | U74: =IF(B74="","",COUNT(F74,I79,L74,O79)-IF(S74=0,1,0)-V74)
R77: =IF(R74="甲","",IF(OR(S74=0,S74="")=TRUE,"",IF(S74="入力ｴﾗｰ","","乙")))
H79: =IF(I79="","",IF(I79=0,"","L=")) | K79: =IF(I79="","",IF(I79=0,"","m")) | N79: =IF(O79="","",IF(O79=0,"","L=")) | Q79: =IF(O79="","",IF(O79=0,"","m")) | AC79: =IF(U74="",0,IF(U74>SUM(W74:AA79),U74-SUM(W74:AA79),0)) -> 0
B82: =IF(S82="","",IF(B74="","",1+B74)) | E82: =IF(F82="","",IF(F82=0,"","L=")) | H82: =IF(F82="","",IF(F82=0,"","m")) | K82: =IF(L82="","",IF(L82=0,"","L=")) | N82: =IF(L82="","",IF(L82=0,"","m")) | R82: =IF(OR(S82="入力ｴﾗｰ",S82=0,S82="")=TRUE,"",IF(F82="","甲",IF(F82=0,"甲",""))) | S82: =IF((F82+I87+L82+O87)=0,"",IF((F82+I87+L82+O87)>SUM($AC$1:$AC$3),"入力ｴﾗｰ",SUM($AC$1:$AC$3)-(F82+I87+L82+O87))) | T82: =IF(S82="","",IF(S82="入力ｴﾗｰ","","m")) | U82: =IF(B82="","",COUNT(F82,I87,L82,O87)-IF(S82=0,1,0)-V82)
R85: =IF(R82="甲","",IF(OR(S82=0,S82="")=TRUE,"",IF(S82="入力ｴﾗｰ","","乙")))
H87: =IF(I87="","",IF(I87=0,"","L=")) | K87: =IF(I87="","",IF(I87=0,"","m")) | N87: =IF(O87="","",IF(O87=0,"","L=")) | Q87: =IF(O87="","",IF(O87=0,"","m")) | AC87: =IF(U82="",0,IF(U82>SUM(W82:AA87),U82-SUM(W82:AA87),0)) -> 0
B90: =IF(S90="","",IF(B82="","",1+B82)) | E90: =IF(F90="","",IF(F90=0,"","L=")) | H90: =IF(F90="","",IF(F90=0,"","m")) | K90: =IF(L90="","",IF(L90=0,"","L=")) | N90: =IF(L90="","",IF(L90=0,"","m")) | R90: =IF(OR(S90="入力ｴﾗｰ",S90=0,S90="")=TRUE,"",IF(F90="","甲",IF(F90=0,"甲",""))) | S90: =IF((F90+I95+L90+O95)=0,"",IF((F90+I95+L90+O95)>SUM($AC$1:$AC$3),"入力ｴﾗｰ",SUM($AC$1:$AC$3)-(F90+I95+L90+O95))) | T90: =IF(S90="","",IF(S90="入力ｴﾗｰ","","m")) | U90: =IF(B90="","",COUNT(F90,I95,L90,O95)-IF(S90=0,1,0)-V90)
R93: =IF(R90="甲","",IF(OR(S90=0,S90="")=TRUE,"",IF(S90="入力ｴﾗｰ","","乙")))
H95: =IF(I95="","",IF(I95=0,"","L=")) | K95: =IF(I95="","",IF(I95=0,"","m")) | N95: =IF(O95="","",IF(O95=0,"","L=")) | Q95: =IF(O95="","",IF(O95=0,"","m")) | AC95: =IF(U90="",0,IF(U90>SUM(W90:AA95),U90-SUM(W90:AA95),0)) -> 0
B98: =IF(S98="","",IF(B90="","",1+B90)) | E98: =IF(F98="","",IF(F98=0,"","L=")) | H98: =IF(F98="","",IF(F98=0,"","m")) | K98: =IF(L98="","",IF(L98=0,"","L=")) | N98: =IF(L98="","",IF(L98=0,"","m")) | R98: =IF(OR(S98="入力ｴﾗｰ",S98=0,S98="")=TRUE,"",IF(F98="","甲",IF(F98=0,"甲",""))) | S98: =IF((F98+I103+L98+O103)=0,"",IF((F98+I103+L98+O103)>SUM($AC$1:$AC$3),"入力ｴﾗｰ",SUM($AC$1:$AC$3)-(F98+I103+L98+O103))) | T98: =IF(S98="","",IF(S98="入力ｴﾗｰ","","m")) | U98: =IF(B98="","",COUNT(F98,I103,L98,O103)-IF(S98=0,1,0)-V98)
R101: =IF(R98="甲","",IF(OR(S98=0,S98="")=TRUE,"",IF(S98="入力ｴﾗｰ","","乙")))
H103: =IF(I103="","",IF(I103=0,"","L=")) | K103: =IF(I103="","",IF(I103=0,"","m")) | N103: =IF(O103="","",IF(O103=0,"","L=")) | Q103: =IF(O103="","",IF(O103=0,"","m")) | AC103: =IF(U98="",0,IF(U98>SUM(W98:AA103),U98-SUM(W98:AA103),0)) -> 0
B106: =IF(S106="","",IF(B98="","",1+B98)) | E106: =IF(F106="","",IF(F106=0,"","L=")) | H106: =IF(F106="","",IF(F106=0,"","m")) | K106: =IF(L106="","",IF(L106=0,"","L=")) | N106: =IF(L106="","",IF(L106=0,"","m")) | R106: =IF(OR(S106="入力ｴﾗｰ",S106=0,S106="")=TRUE,"",IF(F106="","甲",IF(F106=0,"甲",""))) | S106: =IF((F106+I111+L106+O111)=0,"",IF((F106+I111+L106+O111)>SUM($AC$1:$AC$3),"入力ｴﾗｰ",SUM($AC$1:$AC$3)-(F106+I111+L106+O111))) | T106: =IF(S106="","",IF(S106="入力ｴﾗｰ","","m")) | U106: =IF(B106="","",COUNT(F106,I111,L106,O111)-IF(S106=0,1,0)-V106)
R109: =IF(R106="甲","",IF(OR(S106=0,S106="")=TRUE,"",IF(S106="入力ｴﾗｰ","","乙")))
H111: =IF(I111="","",IF(I111=0,"","L=")) | K111: =IF(I111="","",IF(I111=0,"","m")) | N111: =IF(O111="","",IF(O111=0,"","L=")) | Q111: =IF(O111="","",IF(O111=0,"","m")) | AC111: =IF(U106="",0,IF(U106>SUM(W106:AA111),U106-SUM(W106:AA111),0)) -> 0
B113: 合 計 | G113: φ | M113: 本 | T113: m
G114: =U2 -> GX | H114: =Y2 -> 300 | K114: =IF(B10="",0,LARGE(B10:B111,1)) -> 0 | R114: =SUM(S10:S111) -> 0 | U114: =SUM(U10:U111) -> 0 | V114: =SUM(V10:V111) -> 0 | W114: =SUM(W10:W111) -> 1 | X114: =SUM(X10:X111) -> 0 | Y114: =SUM(Y10:Y111) -> 0 | Z114: =SUM(Z10:Z111) -> 0 | AA114: =SUM(AA10:AA111) -> 0 | AC114: =SUM(AC9:AC112) -> 0

Sheet Ｔ150
B1: 工事名： | C1: ='白紙(5m)'!C1:Q1 -> 東白川特2高層配水池揚水管取替工事 | S1: 管 | X1: 口 | AC1: =IF(Y2<=100,4,0) -> 0
U2: T | Y2: 150 | AC2: =IF(AC1=4,0,IF(Y2<=200,5,0)) -> 5
S3: 種 | W3: 形 | X3: 径 | AA3: ㎜ | AC3: =IF(Y2>200,6,0) -> 0
B5: 管切断工・挿し口加工数量計算書
B7: 管番号 | C7: 形 状 | R7: 残延長 | U7: 切断 | W7: 挿 し 口 加 工
U8: ＧＸ形 | V8: ＫＴ形 | W8: ＧＸ形 | X8: ＮＳ形 | Y8: ＫＦ形 | Z8: ＮＳ(溝) | AA8: ＳⅡ(溝)
B10: =IF(S10="","",1) | E10: =IF(F10="","",IF(F10=0,"","L=")) | H10: =IF(F10="","",IF(F10=0,"","m")) | K10: =IF(L10="","",IF(L10=0,"","L=")) | N10: =IF(L10="","",IF(L10=0,"","m")) | R10: =IF(OR(S10="入力ｴﾗｰ",S10=0,S10="")=TRUE,"",IF(F10="","甲",IF(F10=0,"甲",""))) | S10: =IF((F10+I15+L10+O15)=0,"",IF((F10+I15+L10+O15)>SUM($AC$1:$AC$3),"入力ｴﾗｰ",SUM($AC$1:$AC$3)-(F10+I15+L10+O15))) | T10: =IF(S10="","",IF(S10="入力ｴﾗｰ","","m")) | U10: =IF(B10="","",COUNT(F10,I15,L10,O15)-IF(S10=0,1,0)-V10)
R13: =IF(R10="甲","",IF(OR(S10=0,S10="")=TRUE,"",IF(S10="入力ｴﾗｰ","","乙")))
H15: =IF(I15="","",IF(I15=0,"","L=")) | K15: =IF(I15="","",IF(I15=0,"","m")) | N15: =IF(O15="","",IF(O15=0,"","L=")) | Q15: =IF(O15="","",IF(O15=0,"","m")) | AC15: =IF(U10="",0,IF(U10>SUM(W10:AA15),U10-SUM(W10:AA15),0)) -> 0
B18: =IF(S18="","",IF(B10="","",1+B10)) | E18: =IF(F18="","",IF(F18=0,"","L=")) | H18: =IF(F18="","",IF(F18=0,"","m")) | K18: =IF(L18="","",IF(L18=0,"","L=")) | N18: =IF(L18="","",IF(L18=0,"","m")) | R18: =IF(OR(S18="入力ｴﾗｰ",S18=0,S18="")=TRUE,"",IF(F18="","甲",IF(F18=0,"甲",""))) | S18: =IF((F18+I23+L18+O23)=0,"",IF((F18+I23+L18+O23)>SUM($AC$1:$AC$3),"入力ｴﾗｰ",SUM($AC$1:$AC$3)-(F18+I23+L18+O23))) | T18: =IF(S18="","",IF(S18="入力ｴﾗｰ","","m")) | U18: =IF(B18="","",COUNT(F18,I23,L18,O23)-IF(S18=0,1,0)-V18)
R21: =IF(R18="甲","",IF(OR(S18=0,S18="")=TRUE,"",IF(S18="入力ｴﾗｰ","","乙")))
H23: =IF(I23="","",IF(I23=0,"","L=")) | K23: =IF(I23="","",IF(I23=0,"","m")) | N23: =IF(O23="","",IF(O23=0,"","L=")) | Q23: =IF(O23="","",IF(O23=0,"","m")) | AC23: =IF(U18="",0,IF(U18>SUM(W18:AA23),U18-SUM(W18:AA23),0)) -> 0
B26: =IF(S26="","",IF(B18="","",1+B18)) | E26: =IF(F26="","",IF(F26=0,"","L=")) | H26: =IF(F26="","",IF(F26=0,"","m")) | K26: =IF(L26="","",IF(L26=0,"","L=")) | N26: =IF(L26="","",IF(L26=0,"","m")) | R26: =IF(OR(S26="入力ｴﾗｰ",S26=0,S26="")=TRUE,"",IF(F26="","甲",IF(F26=0,"甲",""))) | S26: =IF((F26+I31+L26+O31)=0,"",IF((F26+I31+L26+O31)>SUM($AC$1:$AC$3),"入力ｴﾗｰ",SUM($AC$1:$AC$3)-(F26+I31+L26+O31))) | T26: =IF(S26="","",IF(S26="入力ｴﾗｰ","","m")) | U26: =IF(B26="","",COUNT(F26,I31,L26,O31)-IF(S26=0,1,0)-V26)
R29: =IF(R26="甲","",IF(OR(S26=0,S26="")=TRUE,"",IF(S26="入力ｴﾗｰ","","乙")))
H31: =IF(I31="","",IF(I31=0,"","L=")) | K31: =IF(I31="","",IF(I31=0,"","m")) | N31: =IF(O31="","",IF(O31=0,"","L=")) | Q31: =IF(O31="","",IF(O31=0,"","m")) | AC31: =IF(U26="",0,IF(U26>SUM(W26:AA31),U26-SUM(W26:AA31),0)) -> 0
B34: =IF(S34="","",IF(B26="","",1+B26)) | E34: =IF(F34="","",IF(F34=0,"","L=")) | H34: =IF(F34="","",IF(F34=0,"","m")) | K34: =IF(L34="","",IF(L34=0,"","L=")) | N34: =IF(L34="","",IF(L34=0,"","m")) | R34: =IF(OR(S34="入力ｴﾗｰ",S34=0,S34="")=TRUE,"",IF(F34="","甲",IF(F34=0,"甲",""))) | S34: =IF((F34+I39+L34+O39)=0,"",IF((F34+I39+L34+O39)>SUM($AC$1:$AC$3),"入力ｴﾗｰ",SUM($AC$1:$AC$3)-(F34+I39+L34+O39))) | T34: =IF(S34="","",IF(S34="入力ｴﾗｰ","","m")) | U34: =IF(B34="","",COUNT(F34,I39,L34,O39)-IF(S34=0,1,0)-V34)
R37: =IF(R34="甲","",IF(OR(S34=0,S34="")=TRUE,"",IF(S34="入力ｴﾗｰ","","乙")))
H39: =IF(I39="","",IF(I39=0,"","L=")) | K39: =IF(I39="","",IF(I39=0,"","m")) | N39: =IF(O39="","",IF(O39=0,"","L=")) | Q39: =IF(O39="","",IF(O39=0,"","m")) | AC39: =IF(U34="",0,IF(U34>SUM(W34:AA39),U34-SUM(W34:AA39),0)) -> 0
B42: =IF(S42="","",IF(B34="","",1+B34)) | E42: =IF(F42="","",IF(F42=0,"","L=")) | H42: =IF(F42="","",IF(F42=0,"","m")) | K42: =IF(L42="","",IF(L42=0,"","L=")) | N42: =IF(L42="","",IF(L42=0,"","m")) | R42: =IF(OR(S42="入力ｴﾗｰ",S42=0,S42="")=TRUE,"",IF(F42="","甲",IF(F42=0,"甲",""))) | S42: =IF((F42+I47+L42+O47)=0,"",IF((F42+I47+L42+O47)>SUM($AC$1:$AC$3),"入力ｴﾗｰ",SUM($AC$1:$AC$3)-(F42+I47+L42+O47))) | T42: =IF(S42="","",IF(S42="入力ｴﾗｰ","","m")) | U42: =IF(B42="","",COUNT(F42,I47,L42,O47)-IF(S42=0,1,0)-V42)
R45: =IF(R42="甲","",IF(OR(S42=0,S42="")=TRUE,"",IF(S42="入力ｴﾗｰ","","乙")))
H47: =IF(I47="","",IF(I47=0,"","L=")) | K47: =IF(I47="","",IF(I47=0,"","m")) | N47: =IF(O47="","",IF(O47=0,"","L=")) | Q47: =IF(O47="","",IF(O47=0,"","m")) | AC47: =IF(U42="",0,IF(U42>SUM(W42:AA47),U42-SUM(W42:AA47),0)) -> 0
B50: =IF(S50="","",IF(B42="","",1+B42)) | E50: =IF(F50="","",IF(F50=0,"","L=")) | H50: =IF(F50="","",IF(F50=0,"","m")) | K50: =IF(L50="","",IF(L50=0,"","L=")) | N50: =IF(L50="","",IF(L50=0,"","m")) | R50: =IF(OR(S50="入力ｴﾗｰ",S50=0,S50="")=TRUE,"",IF(F50="","甲",IF(F50=0,"甲",""))) | S50: =IF((F50+I55+L50+O55)=0,"",IF((F50+I55+L50+O55)>SUM($AC$1:$AC$3),"入力ｴﾗｰ",SUM($AC$1:$AC$3)-(F50+I55+L50+O55))) | T50: =IF(S50="","",IF(S50="入力ｴﾗｰ","","m")) | U50: =IF(B50="","",COUNT(F50,I55,L50,O55)-IF(S50=0,1,0)-V50)
R53: =IF(R50="甲","",IF(OR(S50=0,S50="")=TRUE,"",IF(S50="入力ｴﾗｰ","","乙")))
H55: =IF(I55="","",IF(I55=0,"","L=")) | K55: =IF(I55="","",IF(I55=0,"","m")) | N55: =IF(O55="","",IF(O55=0,"","L=")) | Q55: =IF(O55="","",IF(O55=0,"","m")) | AC55: =IF(U50="",0,IF(U50>SUM(W50:AA55),U50-SUM(W50:AA55),0)) -> 0
B58: =IF(S58="","",IF(B50="","",1+B50)) | E58: =IF(F58="","",IF(F58=0,"","L=")) | H58: =IF(F58="","",IF(F58=0,"","m")) | K58: =IF(L58="","",IF(L58=0,"","L=")) | N58: =IF(L58="","",IF(L58=0,"","m")) | R58: =IF(OR(S58="入力ｴﾗｰ",S58=0,S58="")=TRUE,"",IF(F58="","甲",IF(F58=0,"甲",""))) | S58: =IF((F58+I63+L58+O63)=0,"",IF((F58+I63+L58+O63)>SUM($AC$1:$AC$3),"入力ｴﾗｰ",SUM($AC$1:$AC$3)-(F58+I63+L58+O63))) | T58: =IF(S58="","",IF(S58="入力ｴﾗｰ","","m")) | U58: =IF(B58="","",COUNT(F58,I63,L58,O63)-IF(S58=0,1,0)-V58)
R61: =IF(R58="甲","",IF(OR(S58=0,S58="")=TRUE,"",IF(S58="入力ｴﾗｰ","","乙")))
H63: =IF(I63="","",IF(I63=0,"","L=")) | N63: =IF(O63="","",IF(O63=0,"","L=")) | Q63: =IF(O63="","",IF(O63=0,"","m")) | AC63: =IF(U58="",0,IF(U58>SUM(W58:AA63),U58-SUM(W58:AA63),0)) -> 0
B66: =IF(S66="","",IF(B58="","",1+B58)) | E66: =IF(F66="","",IF(F66=0,"","L=")) | K66: =IF(L66="","",IF(L66=0,"","L=")) | N66: =IF(L66="","",IF(L66=0,"","m")) | R66: =IF(OR(S66="入力ｴﾗｰ",S66=0,S66="")=TRUE,"",IF(F66="","甲",IF(F66=0,"甲",""))) | S66: =IF((F66+I71+L66+O71)=0,"",IF((F66+I71+L66+O71)>SUM($AC$1:$AC$3),"入力ｴﾗｰ",SUM($AC$1:$AC$3)-(F66+I71+L66+O71))) | T66: =IF(S66="","",IF(S66="入力ｴﾗｰ","","m")) | U66: =IF(B66="","",COUNT(F66,I71,L66,O71)-IF(S66=0,1,0)-V66)
R69: =IF(R66="甲","",IF(OR(S66=0,S66="")=TRUE,"",IF(S66="入力ｴﾗｰ","","乙")))
H71: =IF(I71="","",IF(I71=0,"","L=")) | N71: =IF(O71="","",IF(O71=0,"","L=")) | Q71: =IF(O71="","",IF(O71=0,"","m")) | AC71: =IF(U66="",0,IF(U66>SUM(W66:AA71),U66-SUM(W66:AA71),0)) -> 0
B74: =IF(S74="","",IF(B66="","",1+B66)) | E74: =IF(F74="","",IF(F74=0,"","L=")) | K74: =IF(L74="","",IF(L74=0,"","L=")) | N74: =IF(L74="","",IF(L74=0,"","m")) | R74: =IF(OR(S74="入力ｴﾗｰ",S74=0,S74="")=TRUE,"",IF(F74="","甲",IF(F74=0,"甲",""))) | S74: =IF((F74+I79+L74+O79)=0,"",IF((F74+I79+L74+O79)>SUM($AC$1:$AC$3),"入力ｴﾗｰ",SUM($AC$1:$AC$3)-(F74+I79+L74+O79))) | T74: =IF(S74="","",IF(S74="入力ｴﾗｰ","","m")) | U74: =IF(B74="","",COUNT(F74,I79,L74,O79)-IF(S74=0,1,0)-V74)
R77: =IF(R74="甲","",IF(OR(S74=0,S74="")=TRUE,"",IF(S74="入力ｴﾗｰ","","乙")))
H79: =IF(I79="","",IF(I79=0,"","L=")) | N79: =IF(O79="","",IF(O79=0,"","L=")) | Q79: =IF(O79="","",IF(O79=0,"","m")) | AC79: =IF(U74="",0,IF(U74>SUM(W74:AA79),U74-SUM(W74:AA79),0)) -> 0
B82: =IF(S82="","",IF(B74="","",1+B74)) | E82: =IF(F82="","",IF(F82=0,"","L=")) | K82: =IF(L82="","",IF(L82=0,"","L=")) | N82: =IF(L82="","",IF(L82=0,"","m")) | R82: =IF(OR(S82="入力ｴﾗｰ",S82=0,S82="")=TRUE,"",IF(F82="","甲",IF(F82=0,"甲",""))) | S82: =IF((F82+I87+L82+O87)=0,"",IF((F82+I87+L82+O87)>SUM($AC$1:$AC$3),"入力ｴﾗｰ",SUM($AC$1:$AC$3)-(F82+I87+L82+O87))) | T82: =IF(S82="","",IF(S82="入力ｴﾗｰ","","m")) | U82: =IF(B82="","",COUNT(F82,I87,L82,O87)-IF(S82=0,1,0)-V82)
R85: =IF(R82="甲","",IF(OR(S82=0,S82="")=TRUE,"",IF(S82="入力ｴﾗｰ","","乙")))
H87: =IF(I87="","",IF(I87=0,"","L=")) | N87: =IF(O87="","",IF(O87=0,"","L=")) | Q87: =IF(O87="","",IF(O87=0,"","m")) | AC87: =IF(U82="",0,IF(U82>SUM(W82:AA87),U82-SUM(W82:AA87),0)) -> 0
B90: =IF(S90="","",IF(B82="","",1+B82)) | E90: =IF(F90="","",IF(F90=0,"","L=")) | K90: =IF(L90="","",IF(L90=0,"","L=")) | N90: =IF(L90="","",IF(L90=0,"","m")) | R90: =IF(OR(S90="入力ｴﾗｰ",S90=0,S90="")=TRUE,"",IF(F90="","甲",IF(F90=0,"甲",""))) | S90: =IF((F90+I95+L90+O95)=0,"",IF((F90+I95+L90+O95)>SUM($AC$1:$AC$3),"入力ｴﾗｰ",SUM($AC$1:$AC$3)-(F90+I95+L90+O95))) | T90: =IF(S90="","",IF(S90="入力ｴﾗｰ","","m")) | U90: =IF(B90="","",COUNT(F90,I95,L90,O95)-IF(S90=0,1,0)-V90)
R93: =IF(R90="甲","",IF(OR(S90=0,S90="")=TRUE,"",IF(S90="入力ｴﾗｰ","","乙")))
H95: =IF(I95="","",IF(I95=0,"","L=")) | N95: =IF(O95="","",IF(O95=0,"","L=")) | Q95: =IF(O95="","",IF(O95=0,"","m")) | AC95: =IF(U90="",0,IF(U90>SUM(W90:AA95),U90-SUM(W90:AA95),0)) -> 0
B98: =IF(S98="","",IF(B90="","",1+B90)) | E98: =IF(F98="","",IF(F98=0,"","L=")) | K98: =IF(L98="","",IF(L98=0,"","L=")) | N98: =IF(L98="","",IF(L98=0,"","m")) | R98: =IF(OR(S98="入力ｴﾗｰ",S98=0,S98="")=TRUE,"",IF(F98="","甲",IF(F98=0,"甲",""))) | S98: =IF((F98+I103+L98+O103)=0,"",IF((F98+I103+L98+O103)>SUM($AC$1:$AC$3),"入力ｴﾗｰ",SUM($AC$1:$AC$3)-(F98+I103+L98+O103))) | T98: =IF(S98="","",IF(S98="入力ｴﾗｰ","","m")) | U98: =IF(B98="","",COUNT(F98,I103,L98,O103)-IF(S98=0,1,0)-V98)
R101: =IF(R98="甲","",IF(OR(S98=0,S98="")=TRUE,"",IF(S98="入力ｴﾗｰ","","乙")))
H103: =IF(I103="","",IF(I103=0,"","L=")) | N103: =IF(O103="","",IF(O103=0,"","L=")) | Q103: =IF(O103="","",IF(O103=0,"","m")) | AC103: =IF(U98="",0,IF(U98>SUM(W98:AA103),U98-SUM(W98:AA103),0)) -> 0
E106: =IF(F106="","",IF(F106=0,"","L=")) | K106: =IF(L106="","",IF(L106=0,"","L=")) | N106: =IF(L106="","",IF(L106=0,"","m")) | R106: =IF(OR(S106="入力ｴﾗｰ",S106=0,S106="")=TRUE,"",IF(F106="","甲",IF(F106=0,"甲",""))) | S106: =IF((F106+I111+L106+O111)=0,"",IF((F106+I111+L106+O111)>SUM($AC$1:$AC$3),"入力ｴﾗｰ",SUM($AC$1:$AC$3)-(F106+I111+L106+O111))) | T106: =IF(S106="","",IF(S106="入力ｴﾗｰ","","m")) | U106: =IF(B106="","",COUNT(F106,I111,L106,O111)-IF(S106=0,1,0)-V106)
R109: =IF(R106="甲","",IF(OR(S106=0,S106="")=TRUE,"",IF(S106="入力ｴﾗｰ","","乙")))
H111: =IF(I111="","",IF(I111=0,"","L=")) | N111: =IF(O111="","",IF(O111=0,"","L=")) | Q111: =IF(O111="","",IF(O111=0,"","m")) | AC111: =IF(U106="",0,IF(U106>SUM(W106:AA111),U106-SUM(W106:AA111),0)) -> 0
B113: 合 計 | G113: φ | M113: 本 | T113: m
G114: =U2 -> T | H114: =Y2 -> 150 | K114: =IF(B10="",0,LARGE(B10:B111,1)) -> 0 | R114: =SUM(S10:S111) -> 0 | U114: =SUM(U10:U111) -> 0 | V114: =SUM(V10:V111) -> 0 | W114: =SUM(W10:W111) -> 0 | X114: =SUM(X10:X111) -> 0 | Y114: =SUM(Y10:Y111) -> 0 | Z114: =SUM(Z10:Z111) -> 0 | AA114: =SUM(AA10:AA111) -> 0 | AC114: =SUM(AC9:AC112) -> 0

Sheet K300
B1: 工事名： | C1: ='白紙(5m)'!C1 -> 東白川特2高層配水池揚水管取替工事 | S1: 管 | X1: 口 | AC1: =IF(Y2<=100,4,0) -> 0
U2: K | Y2: 300 | AC2: =IF(AC1=4,0,IF(Y2<=250,5,0)) -> 0
S3: 種 | W3: 形 | X3: 径 | AA3: ㎜ | AC3: =IF(Y2>250,6,0) -> 6
B5: 管切断工・挿し口加工数量計算書
B7: 管番号 | C7: 形 状 | R7: 残延長 | U7: 切断 | W7: 挿 し 口 加 工
U8: ＧＸ形 | V8: ＫＴ形 | W8: ＧＸ形 | X8: ＮＳ形 | Y8: ＫＦ形 | Z8: ＮＳ(溝) | AA8: ＳⅡ(溝)
B10: =IF(S10="","",1) | E10: =IF(F10="","",IF(F10=0,"","L=")) | H10: =IF(F10="","",IF(F10=0,"","m")) | K10: =IF(L10="","",IF(L10=0,"","L=")) | N10: =IF(L10="","",IF(L10=0,"","m")) | R10: =IF(OR(S10="入力ｴﾗｰ",S10=0,S10="")=TRUE,"",IF(F10="","甲",IF(F10=0,"甲",""))) | S10: =IF((F10+I15+L10+O15)=0,"",IF((F10+I15+L10+O15)>SUM($AC$1:$AC$3),"入力ｴﾗｰ",SUM($AC$1:$AC$3)-(F10+I15+L10+O15))) | T10: =IF(S10="","",IF(S10="入力ｴﾗｰ","","m")) | U10: =IF(B10="","",COUNT(F10,I15,L10,O15)-IF(S10=0,1,0)-V10)
R13: =IF(R10="甲","",IF(OR(S10=0,S10="")=TRUE,"",IF(S10="入力ｴﾗｰ","","乙")))
H15: =IF(I15="","",IF(I15=0,"","L=")) | K15: =IF(I15="","",IF(I15=0,"","m")) | N15: =IF(O15="","",IF(O15=0,"","L=")) | Q15: =IF(O15="","",IF(O15=0,"","m")) | AC15: =IF(U10="",0,IF(U10>SUM(W10:AA15),U10-SUM(W10:AA15),0)) -> 0
B18: =IF(S18="","",IF(B10="","",1+B10)) | E18: =IF(F18="","",IF(F18=0,"","L=")) | H18: =IF(F18="","",IF(F18=0,"","m")) | K18: =IF(L18="","",IF(L18=0,"","L=")) | N18: =IF(L18="","",IF(L18=0,"","m")) | R18: =IF(OR(S18="入力ｴﾗｰ",S18=0,S18="")=TRUE,"",IF(F18="","甲",IF(F18=0,"甲",""))) | S18: =IF((F18+I23+L18+O23)=0,"",IF((F18+I23+L18+O23)>SUM($AC$1:$AC$3),"入力ｴﾗｰ",SUM($AC$1:$AC$3)-(F18+I23+L18+O23))) | T18: =IF(S18="","",IF(S18="入力ｴﾗｰ","","m")) | U18: =IF(B18="","",COUNT(F18,I23,L18,O23)-IF(S18=0,1,0)-V18)
R21: =IF(R18="甲","",IF(OR(S18=0,S18="")=TRUE,"",IF(S18="入力ｴﾗｰ","","乙")))
H23: =IF(I23="","",IF(I23=0,"","L=")) | K23: =IF(I23="","",IF(I23=0,"","m")) | N23: =IF(O23="","",IF(O23=0,"","L=")) | Q23: =IF(O23="","",IF(O23=0,"","m")) | AC23: =IF(U18="",0,IF(U18>SUM(W18:AA23),U18-SUM(W18:AA23),0)) -> 0
B26: =IF(S26="","",IF(B18="","",1+B18)) | E26: =IF(F26="","",IF(F26=0,"","L=")) | H26: =IF(F26="","",IF(F26=0,"","m")) | K26: =IF(L26="","",IF(L26=0,"","L=")) | N26: =IF(L26="","",IF(L26=0,"","m")) | R26: =IF(OR(S26="入力ｴﾗｰ",S26=0,S26="")=TRUE,"",IF(F26="","甲",IF(F26=0,"甲",""))) | S26: =IF((F26+I31+L26+O31)=0,"",IF((F26+I31+L26+O31)>SUM($AC$1:$AC$3),"入力ｴﾗｰ",SUM($AC$1:$AC$3)-(F26+I31+L26+O31))) | T26: =IF(S26="","",IF(S26="入力ｴﾗｰ","","m")) | U26: =IF(B26="","",COUNT(F26,I31,L26,O31)-IF(S26=0,1,0)-V26)
R29: =IF(R26="甲","",IF(OR(S26=0,S26="")=TRUE,"",IF(S26="入力ｴﾗｰ","","乙")))
H31: =IF(I31="","",IF(I31=0,"","L=")) | K31: =IF(I31="","",IF(I31=0,"","m")) | N31: =IF(O31="","",IF(O31=0,"","L=")) | Q31: =IF(O31="","",IF(O31=0,"","m")) | AC31: =IF(U26="",0,IF(U26>SUM(W26:AA31),U26-SUM(W26:AA31),0)) -> 0
B34: =IF(S34="","",IF(B26="","",1+B26)) | E34: =IF(F34="","",IF(F34=0,"","L=")) | H34: =IF(F34="","",IF(F34=0,"","m")) | K34: =IF(L34="","",IF(L34=0,"","L=")) | N34: =IF(L34="","",IF(L34=0,"","m")) | R34: =IF(OR(S34="入力ｴﾗｰ",S34=0,S34="")=TRUE,"",IF(F34="","甲",IF(F34=0,"甲",""))) | S34: =IF((F34+I39+L34+O39)=0,"",IF((F34+I39+L34+O39)>SUM($AC$1:$AC$3),"入力ｴﾗｰ",SUM($AC$1:$AC$3)-(F34+I39+L34+O39))) | T34: =IF(S34="","",IF(S34="入力ｴﾗｰ","","m")) | U34: =IF(B34="","",COUNT(F34,I39,L34,O39)-IF(S34=0,1,0)-V34)
R37: =IF(R34="甲","",IF(OR(S34=0,S34="")=TRUE,"",IF(S34="入力ｴﾗｰ","","乙")))
H39: =IF(I39="","",IF(I39=0,"","L=")) | K39: =IF(I39="","",IF(I39=0,"","m")) | N39: =IF(O39="","",IF(O39=0,"","L=")) | Q39: =IF(O39="","",IF(O39=0,"","m")) | AC39: =IF(U34="",0,IF(U34>SUM(W34:AA39),U34-SUM(W34:AA39),0)) -> 0
B42: =IF(S42="","",IF(B34="","",1+B34)) | E42: =IF(F42="","",IF(F42=0,"","L=")) | H42: =IF(F42="","",IF(F42=0,"","m")) | K42: =IF(L42="","",IF(L42=0,"","L=")) | N42: =IF(L42="","",IF(L42=0,"","m")) | R42: =IF(OR(S42="入力ｴﾗｰ",S42=0,S42="")=TRUE,"",IF(F42="","甲",IF(F42=0,"甲",""))) | S42: =IF((F42+I47+L42+O47)=0,"",IF((F42+I47+L42+O47)>SUM($AC$1:$AC$3),"入力ｴﾗｰ",SUM($AC$1:$AC$3)-(F42+I47+L42+O47))) | T42: =IF(S42="","",IF(S42="入力ｴﾗｰ","","m")) | U42: =IF(B42="","",COUNT(F42,I47,L42,O47)-IF(S42=0,1,0)-V42)
R45: =IF(R42="甲","",IF(OR(S42=0,S42="")=TRUE,"",IF(S42="入力ｴﾗｰ","","乙")))
H47: =IF(I47="","",IF(I47=0,"","L=")) | K47: =IF(I47="","",IF(I47=0,"","m")) | N47: =IF(O47="","",IF(O47=0,"","L=")) | Q47: =IF(O47="","",IF(O47=0,"","m")) | AC47: =IF(U42="",0,IF(U42>SUM(W42:AA47),U42-SUM(W42:AA47),0)) -> 0
B50: =IF(S50="","",IF(B42="","",1+B42)) | E50: =IF(F50="","",IF(F50=0,"","L=")) | H50: =IF(F50="","",IF(F50=0,"","m")) | K50: =IF(L50="","",IF(L50=0,"","L=")) | N50: =IF(L50="","",IF(L50=0,"","m")) | R50: =IF(OR(S50="入力ｴﾗｰ",S50=0,S50="")=TRUE,"",IF(F50="","甲",IF(F50=0,"甲",""))) | S50: =IF((F50+I55+L50+O55)=0,"",IF((F50+I55+L50+O55)>SUM($AC$1:$AC$3),"入力ｴﾗｰ",SUM($AC$1:$AC$3)-(F50+I55+L50+O55))) | T50: =IF(S50="","",IF(S50="入力ｴﾗｰ","","m")) | U50: =IF(B50="","",COUNT(F50,I55,L50,O55)-IF(S50=0,1,0)-V50)
R53: =IF(R50="甲","",IF(OR(S50=0,S50="")=TRUE,"",IF(S50="入力ｴﾗｰ","","乙")))
H55: =IF(I55="","",IF(I55=0,"","L=")) | K55: =IF(I55="","",IF(I55=0,"","m")) | N55: =IF(O55="","",IF(O55=0,"","L=")) | Q55: =IF(O55="","",IF(O55=0,"","m")) | AC55: =IF(U50="",0,IF(U50>SUM(W50:AA55),U50-SUM(W50:AA55),0)) -> 0
B58: =IF(S58="","",IF(B50="","",1+B50)) | E58: =IF(F58="","",IF(F58=0,"","L=")) | H58: =IF(F58="","",IF(F58=0,"","m")) | K58: =IF(L58="","",IF(L58=0,"","L=")) | N58: =IF(L58="","",IF(L58=0,"","m")) | R58: =IF(OR(S58="入力ｴﾗｰ",S58=0,S58="")=TRUE,"",IF(F58="","甲",IF(F58=0,"甲",""))) | S58: =IF((F58+I63+L58+O63)=0,"",IF((F58+I63+L58+O63)>SUM($AC$1:$AC$3),"入力ｴﾗｰ",SUM($AC$1:$AC$3)-(F58+I63+L58+O63))) | T58: =IF(S58="","",IF(S58="入力ｴﾗｰ","","m")) | U58: =IF(B58="","",COUNT(F58,I63,L58,O63)-IF(S58=0,1,0)-V58)
R61: =IF(R58="甲","",IF(OR(S58=0,S58="")=TRUE,"",IF(S58="入力ｴﾗｰ","","乙")))
H63: =IF(I63="","",IF(I63=0,"","L=")) | K63: =IF(I63="","",IF(I63=0,"","m")) | N63: =IF(O63="","",IF(O63=0,"","L=")) | Q63: =IF(O63="","",IF(O63=0,"","m")) | AC63: =IF(U58="",0,IF(U58>SUM(W58:AA63),U58-SUM(W58:AA63),0)) -> 0
B66: =IF(S66="","",IF(B58="","",1+B58)) | E66: =IF(F66="","",IF(F66=0,"","L=")) | H66: =IF(F66="","",IF(F66=0,"","m")) | K66: =IF(L66="","",IF(L66=0,"","L=")) | N66: =IF(L66="","",IF(L66=0,"","m")) | R66: =IF(OR(S66="入力ｴﾗｰ",S66=0,S66="")=TRUE,"",IF(F66="","甲",IF(F66=0,"甲",""))) | S66: =IF((F66+I71+L66+O71)=0,"",IF((F66+I71+L66+O71)>SUM($AC$1:$AC$3),"入力ｴﾗｰ",SUM($AC$1:$AC$3)-(F66+I71+L66+O71))) | T66: =IF(S66="","",IF(S66="入力ｴﾗｰ","","m")) | U66: =IF(B66="","",COUNT(F66,I71,L66,O71)-IF(S66=0,1,0)-V66)
R69: =IF(R66="甲","",IF(OR(S66=0,S66="")=TRUE,"",IF(S66="入力ｴﾗｰ","","乙")))
H71: =IF(I71="","",IF(I71=0,"","L=")) | K71: =IF(I71="","",IF(I71=0,"","m")) | N71: =IF(O71="","",IF(O71=0,"","L=")) | Q71: =IF(O71="","",IF(O71=0,"","m")) | AC71: =IF(U66="",0,IF(U66>SUM(W66:AA71),U66-SUM(W66:AA71),0)) -> 0
B74: =IF(S74="","",IF(B66="","",1+B66)) | E74: =IF(F74="","",IF(F74=0,"","L=")) | H74: =IF(F74="","",IF(F74=0,"","m")) | K74: =IF(L74="","",IF(L74=0,"","L=")) | N74: =IF(L74="","",IF(L74=0,"","m")) | R74: =IF(OR(S74="入力ｴﾗｰ",S74=0,S74="")=TRUE,"",IF(F74="","甲",IF(F74=0,"甲",""))) | S74: =IF((F74+I79+L74+O79)=0,"",IF((F74+I79+L74+O79)>SUM($AC$1:$AC$3),"入力ｴﾗｰ",SUM($AC$1:$AC$3)-(F74+I79+L74+O79))) | T74: =IF(S74="","",IF(S74="入力ｴﾗｰ","","m")) | U74: =IF(B74="","",COUNT(F74,I79,L74,O79)-IF(S74=0,1,0)-V74)
R77: =IF(R74="甲","",IF(OR(S74=0,S74="")=TRUE,"",IF(S74="入力ｴﾗｰ","","乙")))
H79: =IF(I79="","",IF(I79=0,"","L=")) | K79: =IF(I79="","",IF(I79=0,"","m")) | N79: =IF(O79="","",IF(O79=0,"","L=")) | Q79: =IF(O79="","",IF(O79=0,"","m")) | AC79: =IF(U74="",0,IF(U74>SUM(W74:AA79),U74-SUM(W74:AA79),0)) -> 0
B82: =IF(S82="","",IF(B74="","",1+B74)) | E82: =IF(F82="","",IF(F82=0,"","L=")) | H82: =IF(F82="","",IF(F82=0,"","m")) | K82: =IF(L82="","",IF(L82=0,"","L=")) | N82: =IF(L82="","",IF(L82=0,"","m")) | R82: =IF(OR(S82="入力ｴﾗｰ",S82=0,S82="")=TRUE,"",IF(F82="","甲",IF(F82=0,"甲",""))) | S82: =IF((F82+I87+L82+O87)=0,"",IF((F82+I87+L82+O87)>SUM($AC$1:$AC$3),"入力ｴﾗｰ",SUM($AC$1:$AC$3)-(F82+I87+L82+O87))) | T82: =IF(S82="","",IF(S82="入力ｴﾗｰ","","m")) | U82: =IF(B82="","",COUNT(F82,I87,L82,O87)-IF(S82=0,1,0)-V82)
R85: =IF(R82="甲","",IF(OR(S82=0,S82="")=TRUE,"",IF(S82="入力ｴﾗｰ","","乙")))
H87: =IF(I87="","",IF(I87=0,"","L=")) | K87: =IF(I87="","",IF(I87=0,"","m")) | N87: =IF(O87="","",IF(O87=0,"","L=")) | Q87: =IF(O87="","",IF(O87=0,"","m")) | AC87: =IF(U82="",0,IF(U82>SUM(W82:AA87),U82-SUM(W82:AA87),0)) -> 0
B90: =IF(S90="","",IF(B82="","",1+B82)) | E90: =IF(F90="","",IF(F90=0,"","L=")) | H90: =IF(F90="","",IF(F90=0,"","m")) | K90: =IF(L90="","",IF(L90=0,"","L=")) | N90: =IF(L90="","",IF(L90=0,"","m")) | R90: =IF(OR(S90="入力ｴﾗｰ",S90=0,S90="")=TRUE,"",IF(F90="","甲",IF(F90=0,"甲",""))) | S90: =IF((F90+I95+L90+O95)=0,"",IF((F90+I95+L90+O95)>SUM($AC$1:$AC$3),"入力ｴﾗｰ",SUM($AC$1:$AC$3)-(F90+I95+L90+O95))) | T90: =IF(S90="","",IF(S90="入力ｴﾗｰ","","m")) | U90: =IF(B90="","",COUNT(F90,I95,L90,O95)-IF(S90=0,1,0)-V90)
R93: =IF(R90="甲","",IF(OR(S90=0,S90="")=TRUE,"",IF(S90="入力ｴﾗｰ","","乙")))
H95: =IF(I95="","",IF(I95=0,"","L=")) | K95: =IF(I95="","",IF(I95=0,"","m")) | N95: =IF(O95="","",IF(O95=0,"","L=")) | Q95: =IF(O95="","",IF(O95=0,"","m")) | AC95: =IF(U90="",0,IF(U90>SUM(W90:AA95),U90-SUM(W90:AA95),0)) -> 0
B98: =IF(S98="","",IF(B90="","",1+B90)) | E98: =IF(F98="","",IF(F98=0,"","L=")) | H98: =IF(F98="","",IF(F98=0,"","m")) | K98: =IF(L98="","",IF(L98=0,"","L=")) | N98: =IF(L98="","",IF(L98=0,"","m")) | R98: =IF(OR(S98="入力ｴﾗｰ",S98=0,S98="")=TRUE,"",IF(F98="","甲",IF(F98=0,"甲",""))) | S98: =IF((F98+I103+L98+O103)=0,"",IF((F98+I103+L98+O103)>SUM($AC$1:$AC$3),"入力ｴﾗｰ",SUM($AC$1:$AC$3)-(F98+I103+L98+O103))) | T98: =IF(S98="","",IF(S98="入力ｴﾗｰ","","m")) | U98: =IF(B98="","",COUNT(F98,I103,L98,O103)-IF(S98=0,1,0)-V98)
R101: =IF(R98="甲","",IF(OR(S98=0,S98="")=TRUE,"",IF(S98="入力ｴﾗｰ","","乙")))
H103: =IF(I103="","",IF(I103=0,"","L=")) | K103: =IF(I103="","",IF(I103=0,"","m")) | N103: =IF(O103="","",IF(O103=0,"","L=")) | Q103: =IF(O103="","",IF(O103=0,"","m")) | AC103: =IF(U98="",0,IF(U98>SUM(W98:AA103),U98-SUM(W98:AA103),0)) -> 0
B106: =IF(S106="","",IF(B98="","",1+B98)) | E106: =IF(F106="","",IF(F106=0,"","L=")) | H106: =IF(F106="","",IF(F106=0,"","m")) | K106: =IF(L106="","",IF(L106=0,"","L=")) | N106: =IF(L106="","",IF(L106=0,"","m")) | R106: =IF(OR(S106="入力ｴﾗｰ",S106=0,S106="")=TRUE,"",IF(F106="","甲",IF(F106=0,"甲",""))) | S106: =IF((F106+I111+L106+O111)=0,"",IF((F106+I111+L106+O111)>SUM($AC$1:$AC$3),"入力ｴﾗｰ",SUM($AC$1:$AC$3)-(F106+I111+L106+O111))) | T106: =IF(S106="","",IF(S106="入力ｴﾗｰ","","m")) | U106: =IF(B106="","",COUNT(F106,I111,L106,O111)-IF(S106=0,1,0)-V106)
R109: =IF(R106="甲","",IF(OR(S106=0,S106="")=TRUE,"",IF(S106="入力ｴﾗｰ","","乙")))
H111: =IF(I111="","",IF(I111=0,"","L=")) | K111: =IF(I111="","",IF(I111=0,"","m")) | N111: =IF(O111="","",IF(O111=0,"","L=")) | Q111: =IF(O111="","",IF(O111=0,"","m")) | AC111: =IF(U106="",0,IF(U106>SUM(W106:AA111),U106-SUM(W106:AA111),0)) -> 0
B113: 合 計 | G113: φ | M113: 本 | T113: m
G114: =U2 -> K | H114: =Y2 -> 300 | K114: =IF(B10="",0,LARGE(B10:B111,1)) -> 0 | R114: =SUM(S10:S111) -> 0 | U114: =SUM(U10:U111) -> 0 | V114: =SUM(V10:V111) -> 0 | W114: =SUM(W10:W111) -> 0 | X114: =SUM(X10:X111) -> 0 | Y114: =SUM(Y10:Y111) -> 0 | Z114: =SUM(Z10:Z111) -> 0 | AA114: =SUM(AA10:AA111) -> 0 | AC114: =SUM(AC9:AC112) -> 0

Sheet NSφ700
B1: 工事名： | C1: 西部（若松町他）配水管取替工事 No.2 | S1: 管 | X1: 口 | AC1: =IF(Y2<=100,4,0) -> 0
U2: NS | Y2: 700 | AC2: =IF(AC1=4,0,IF(Y2<=200,5,0)) -> 0
S3: 種 | W3: 形 | X3: 径 | AA3: ㎜ | AC3: =IF(Y2>200,6,0) -> 6
B5: 管切断工・挿し口加工数量計算書
B7: 管番号 | C7: 形 状 | R7: 残延長 | U7: 切断 | V7: 挿 し 口 加 工
V8: ＮＳ形 | W8: ＳⅡ形 | X8: Ｓ形 | Y8: ＫＦ形 | Z8: ＮＳ(溝) | AA8: ＳⅡ(溝)
B10: =IF(S10="","",1) -> 1 | E10: =IF(F10="","",IF(F10=0,"","L=")) -> L= | F10: 2.09 | H10: =IF(F10="","",IF(F10=0,"","m")) -> m | K10: =IF(L10="","",IF(L10=0,"","L=")) | N10: =IF(L10="","",IF(L10=0,"","m")) | O10: NS | R10: =IF(OR(S10="入力ｴﾗｰ",S10=0,S10="")=TRUE,"",IF(F10="","甲",IF(F10=0,"甲",""))) | S10: =IF((F10+I15+L10+O15)=0,"",IF((F10+I15+L10+O15)>SUM($AC$1:$AC$3),"入力ｴﾗｰ",SUM($AC$1:$AC$3)-(F10+I15+L10+O15))) -> 1.57 | T10: =IF(S10="","",IF(S10="入力ｴﾗｰ","","m")) -> m | U10: =IF(B10="","",COUNT(F10,I15,L10,O15)-IF(S10=0,1,0)) -> 2 | V10: 2
R13: =IF(R10="甲","",IF(OR(S10=0,S10="")=TRUE,"",IF(S10="入力ｴﾗｰ","","乙"))) -> 乙
G15: NS | H15: =IF(I15="","",IF(I15=0,"","L=")) | K15: =IF(I15="","",IF(I15=0,"","m")) | N15: =IF(O15="","",IF(O15=0,"","L=")) -> L= | O15: 2.34 | Q15: =IF(O15="","",IF(O15=0,"","m")) -> m | AC15: =IF(U10="",0,IF(U10>SUM(V10:AA15),U10-SUM(V10:AA15),0)) -> 0
B18: =IF(S18="","",IF(B10="","",1+B10)) -> 2 | E18: =IF(F18="","",IF(F18=0,"","L=")) -> L= | F18: 2.09 | H18: =IF(F18="","",IF(F18=0,"","m")) -> m | K18: =IF(L18="","",IF(L18=0,"","L=")) | N18: =IF(L18="","",IF(L18=0,"","m")) | O18: NS | R18: =IF(OR(S18="入力ｴﾗｰ",S18=0,S18="")=TRUE,"",IF(F18="","甲",IF(F18=0,"甲",""))) | S18: =IF((F18+I23+L18+O23)=0,"",IF((F18+I23+L18+O23)>SUM($AC$1:$AC$3),"入力ｴﾗｰ",SUM($AC$1:$AC$3)-(F18+I23+L18+O23))) -> 0.31 | T18: =IF(S18="","",IF(S18="入力ｴﾗｰ","","m")) -> m | U18: =IF(B18="","",COUNT(F18,I23,L18,O23)-IF(S18=0,1,0)) -> 2 | V18: 2
R21: =IF(R18="甲","",IF(OR(S18=0,S18="")=TRUE,"",IF(S18="入力ｴﾗｰ","","乙"))) -> 乙
G23: NS | H23: =IF(I23="","",IF(I23=0,"","L=")) | K23: =IF(I23="","",IF(I23=0,"","m")) | N23: =IF(O23="","",IF(O23=0,"","L=")) -> L= | O23: 3.6 | Q23: =IF(O23="","",IF(O23=0,"","m")) -> m | AC23: =IF(U18="",0,IF(U18>SUM(V18:AA23),U18-SUM(V18:AA23),0)) -> 0
B26: =IF(S26="","",IF(B18="","",1+B18)) -> 3 | E26: =IF(F26="","",IF(F26=0,"","L=")) -> L= | F26: 3 | H26: =IF(F26="","",IF(F26=0,"","m")) -> m | K26: =IF(L26="","",IF(L26=0,"","L=")) | N26: =IF(L26="","",IF(L26=0,"","m")) | R26: =IF(OR(S26="入力ｴﾗｰ",S26=0,S26="")=TRUE,"",IF(F26="","甲",IF(F26=0,"甲",""))) | S26: =IF((F26+I31+L26+O31)=0,"",IF((F26+I31+L26+O31)>SUM($AC$1:$AC$3),"入力ｴﾗｰ",SUM($AC$1:$AC$3)-(F26+I31+L26+O31))) -> 3 | T26: =IF(S26="","",IF(S26="入力ｴﾗｰ","","m")) -> m | U26: =IF(B26="","",COUNT(F26,I31,L26,O31)-IF(S26=0,1,0)) -> 1 | V26: 1
R29: =IF(R26="甲","",IF(OR(S26=0,S26="")=TRUE,"",IF(S26="入力ｴﾗｰ","","乙"))) -> 乙
G31: NS | H31: =IF(I31="","",IF(I31=0,"","L=")) | K31: =IF(I31="","",IF(I31=0,"","m")) | N31: =IF(O31="","",IF(O31=0,"","L=")) | Q31: =IF(O31="","",IF(O31=0,"","m")) | AC31: =IF(U26="",0,IF(U26>SUM(V26:AA31),U26-SUM(V26:AA31),0)) -> 0
B34: =IF(S34="","",IF(B26="","",1+B26)) -> 4 | E34: =IF(F34="","",IF(F34=0,"","L=")) -> L= | F34: 5.26 | H34: =IF(F34="","",IF(F34=0,"","m")) -> m | K34: =IF(L34="","",IF(L34=0,"","L=")) | N34: =IF(L34="","",IF(L34=0,"","m")) | R34: =IF(OR(S34="入力ｴﾗｰ",S34=0,S34="")=TRUE,"",IF(F34="","甲",IF(F34=0,"甲",""))) | S34: =IF((F34+I39+L34+O39)=0,"",IF((F34+I39+L34+O39)>SUM($AC$1:$AC$3),"入力ｴﾗｰ",SUM($AC$1:$AC$3)-(F34+I39+L34+O39))) -> 0.74 | T34: =IF(S34="","",IF(S34="入力ｴﾗｰ","","m")) -> m | U34: =IF(B34="","",COUNT(F34,I39,L34,O39)-IF(S34=0,1,0)) -> 1 | V34: 1
R37: =IF(R34="甲","",IF(OR(S34=0,S34="")=TRUE,"",IF(S34="入力ｴﾗｰ","","乙"))) -> 乙
G39: NS | H39: =IF(I39="","",IF(I39=0,"","L=")) | K39: =IF(I39="","",IF(I39=0,"","m")) | N39: =IF(O39="","",IF(O39=0,"","L=")) | Q39: =IF(O39="","",IF(O39=0,"","m")) | AC39: =IF(U34="",0,IF(U34>SUM(V34:AA39),U34-SUM(V34:AA39),0)) -> 0
B42: =IF(S42="","",IF(B34="","",1+B34)) -> 5 | E42: =IF(F42="","",IF(F42=0,"","L=")) -> L= | F42: 3.4 | H42: =IF(F42="","",IF(F42=0,"","m")) -> m | K42: =IF(L42="","",IF(L42=0,"","L=")) | N42: =IF(L42="","",IF(L42=0,"","m")) | R42: =IF(OR(S42="入力ｴﾗｰ",S42=0,S42="")=TRUE,"",IF(F42="","甲",IF(F42=0,"甲",""))) | S42: =IF((F42+I47+L42+O47)=0,"",IF((F42+I47+L42+O47)>SUM($AC$1:$AC$3),"入力ｴﾗｰ",SUM($AC$1:$AC$3)-(F42+I47+L42+O47))) -> 2.6 | T42: =IF(S42="","",IF(S42="入力ｴﾗｰ","","m")) -> m | U42: =IF(B42="","",COUNT(F42,I47,L42,O47)-IF(S42=0,1,0)) -> 1 | V42: 1
R45: =IF(R42="甲","",IF(OR(S42=0,S42="")=TRUE,"",IF(S42="入力ｴﾗｰ","","乙"))) -> 乙
G47: NS | H47: =IF(I47="","",IF(I47=0,"","L=")) | K47: =IF(I47="","",IF(I47=0,"","m")) | N47: =IF(O47="","",IF(O47=0,"","L=")) | Q47: =IF(O47="","",IF(O47=0,"","m")) | AC47: =IF(U42="",0,IF(U42>SUM(V42:AA47),U42-SUM(V42:AA47),0)) -> 0
B50: =IF(S50="","",IF(B42="","",1+B42)) | E50: =IF(F50="","",IF(F50=0,"","L=")) | H50: =IF(F50="","",IF(F50=0,"","m")) | K50: =IF(L50="","",IF(L50=0,"","L=")) | N50: =IF(L50="","",IF(L50=0,"","m")) | R50: =IF(OR(S50="入力ｴﾗｰ",S50=0,S50="")=TRUE,"",IF(F50="","甲",IF(F50=0,"甲",""))) | S50: =IF((F50+I55+L50+O55)=0,"",IF((F50+I55+L50+O55)>SUM($AC$1:$AC$3),"入力ｴﾗｰ",SUM($AC$1:$AC$3)-(F50+I55+L50+O55))) | T50: =IF(S50="","",IF(S50="入力ｴﾗｰ","","m")) | U50: =IF(B50="","",COUNT(F50,I55,L50,O55)-IF(S50=0,1,0))
R53: =IF(R50="甲","",IF(OR(S50=0,S50="")=TRUE,"",IF(S50="入力ｴﾗｰ","","乙")))
H55: =IF(I55="","",IF(I55=0,"","L=")) | K55: =IF(I55="","",IF(I55=0,"","m")) | N55: =IF(O55="","",IF(O55=0,"","L=")) | Q55: =IF(O55="","",IF(O55=0,"","m")) | AC55: =IF(U50="",0,IF(U50>SUM(V50:AA55),U50-SUM(V50:AA55),0)) -> 0
B58: =IF(S58="","",IF(B50="","",1+B50)) | E58: =IF(F58="","",IF(F58=0,"","L=")) | H58: =IF(F58="","",IF(F58=0,"","m")) | K58: =IF(L58="","",IF(L58=0,"","L=")) | N58: =IF(L58="","",IF(L58=0,"","m")) | R58: =IF(OR(S58="入力ｴﾗｰ",S58=0,S58="")=TRUE,"",IF(F58="","甲",IF(F58=0,"甲",""))) | S58: =IF((F58+I63+L58+O63)=0,"",IF((F58+I63+L58+O63)>SUM($AC$1:$AC$3),"入力ｴﾗｰ",SUM($AC$1:$AC$3)-(F58+I63+L58+O63))) | T58: =IF(S58="","",IF(S58="入力ｴﾗｰ","","m")) | U58: =IF(B58="","",COUNT(F58,I63,L58,O63)-IF(S58=0,1,0))
R61: =IF(R58="甲","",IF(OR(S58=0,S58="")=TRUE,"",IF(S58="入力ｴﾗｰ","","乙")))
H63: =IF(I63="","",IF(I63=0,"","L=")) | K63: =IF(I63="","",IF(I63=0,"","m")) | N63: =IF(O63="","",IF(O63=0,"","L=")) | Q63: =IF(O63="","",IF(O63=0,"","m")) | AC63: =IF(U58="",0,IF(U58>SUM(V58:AA63),U58-SUM(V58:AA63),0)) -> 0
B66: =IF(S66="","",IF(B58="","",1+B58)) | E66: =IF(F66="","",IF(F66=0,"","L=")) | H66: =IF(F66="","",IF(F66=0,"","m")) | K66: =IF(L66="","",IF(L66=0,"","L=")) | N66: =IF(L66="","",IF(L66=0,"","m")) | R66: =IF(OR(S66="入力ｴﾗｰ",S66=0,S66="")=TRUE,"",IF(F66="","甲",IF(F66=0,"甲",""))) | S66: =IF((F66+I71+L66+O71)=0,"",IF((F66+I71+L66+O71)>SUM($AC$1:$AC$3),"入力ｴﾗｰ",SUM($AC$1:$AC$3)-(F66+I71+L66+O71))) | T66: =IF(S66="","",IF(S66="入力ｴﾗｰ","","m")) | U66: =IF(B66="","",COUNT(F66,I71,L66,O71)-IF(S66=0,1,0))
R69: =IF(R66="甲","",IF(OR(S66=0,S66="")=TRUE,"",IF(S66="入力ｴﾗｰ","","乙")))
H71: =IF(I71="","",IF(I71=0,"","L=")) | K71: =IF(I71="","",IF(I71=0,"","m")) | N71: =IF(O71="","",IF(O71=0,"","L=")) | Q71: =IF(O71="","",IF(O71=0,"","m")) | AC71: =IF(U66="",0,IF(U66>SUM(V66:AA71),U66-SUM(V66:AA71),0)) -> 0
B74: =IF(S74="","",IF(B66="","",1+B66)) | E74: =IF(F74="","",IF(F74=0,"","L=")) | H74: =IF(F74="","",IF(F74=0,"","m")) | K74: =IF(L74="","",IF(L74=0,"","L=")) | N74: =IF(L74="","",IF(L74=0,"","m")) | R74: =IF(OR(S74="入力ｴﾗｰ",S74=0,S74="")=TRUE,"",IF(F74="","甲",IF(F74=0,"甲",""))) | S74: =IF((F74+I79+L74+O79)=0,"",IF((F74+I79+L74+O79)>SUM($AC$1:$AC$3),"入力ｴﾗｰ",SUM($AC$1:$AC$3)-(F74+I79+L74+O79))) | T74: =IF(S74="","",IF(S74="入力ｴﾗｰ","","m")) | U74: =IF(B74="","",COUNT(F74,I79,L74,O79)-IF(S74=0,1,0))
R77: =IF(R74="甲","",IF(OR(S74=0,S74="")=TRUE,"",IF(S74="入力ｴﾗｰ","","乙")))
H79: =IF(I79="","",IF(I79=0,"","L=")) | K79: =IF(I79="","",IF(I79=0,"","m")) | N79: =IF(O79="","",IF(O79=0,"","L=")) | Q79: =IF(O79="","",IF(O79=0,"","m")) | AC79: =IF(U74="",0,IF(U74>SUM(V74:AA79),U74-SUM(V74:AA79),0)) -> 0
B82: =IF(S82="","",IF(B74="","",1+B74)) | E82: =IF(F82="","",IF(F82=0,"","L=")) | H82: =IF(F82="","",IF(F82=0,"","m")) | K82: =IF(L82="","",IF(L82=0,"","L=")) | N82: =IF(L82="","",IF(L82=0,"","m")) | R82: =IF(OR(S82="入力ｴﾗｰ",S82=0,S82="")=TRUE,"",IF(F82="","甲",IF(F82=0,"甲",""))) | S82: =IF((F82+I87+L82+O87)=0,"",IF((F82+I87+L82+O87)>SUM($AC$1:$AC$3),"入力ｴﾗｰ",SUM($AC$1:$AC$3)-(F82+I87+L82+O87))) | T82: =IF(S82="","",IF(S82="入力ｴﾗｰ","","m")) | U82: =IF(B82="","",COUNT(F82,I87,L82,O87)-IF(S82=0,1,0))
R85: =IF(R82="甲","",IF(OR(S82=0,S82="")=TRUE,"",IF(S82="入力ｴﾗｰ","","乙")))
H87: =IF(I87="","",IF(I87=0,"","L=")) | K87: =IF(I87="","",IF(I87=0,"","m")) | N87: =IF(O87="","",IF(O87=0,"","L=")) | Q87: =IF(O87="","",IF(O87=0,"","m")) | AC87: =IF(U82="",0,IF(U82>SUM(V82:AA87),U82-SUM(V82:AA87),0)) -> 0
B90: =IF(S90="","",IF(B82="","",1+B82)) | E90: =IF(F90="","",IF(F90=0,"","L=")) | H90: =IF(F90="","",IF(F90=0,"","m")) | K90: =IF(L90="","",IF(L90=0,"","L=")) | N90: =IF(L90="","",IF(L90=0,"","m")) | R90: =IF(OR(S90="入力ｴﾗｰ",S90=0,S90="")=TRUE,"",IF(F90="","甲",IF(F90=0,"甲",""))) | S90: =IF((F90+I95+L90+O95)=0,"",IF((F90+I95+L90+O95)>SUM($AC$1:$AC$3),"入力ｴﾗｰ",SUM($AC$1:$AC$3)-(F90+I95+L90+O95))) | T90: =IF(S90="","",IF(S90="入力ｴﾗｰ","","m")) | U90: =IF(B90="","",COUNT(F90,I95,L90,O95)-IF(S90=0,1,0))
R93: =IF(R90="甲","",IF(OR(S90=0,S90="")=TRUE,"",IF(S90="入力ｴﾗｰ","","乙")))
H95: =IF(I95="","",IF(I95=0,"","L=")) | K95: =IF(I95="","",IF(I95=0,"","m")) | N95: =IF(O95="","",IF(O95=0,"","L=")) | Q95: =IF(O95="","",IF(O95=0,"","m")) | AC95: =IF(U90="",0,IF(U90>SUM(V90:AA95),U90-SUM(V90:AA95),0)) -> 0
B98: =IF(S98="","",IF(B90="","",1+B90)) | E98: =IF(F98="","",IF(F98=0,"","L=")) | H98: =IF(F98="","",IF(F98=0,"","m")) | K98: =IF(L98="","",IF(L98=0,"","L=")) | N98: =IF(L98="","",IF(L98=0,"","m")) | R98: =IF(OR(S98="入力ｴﾗｰ",S98=0,S98="")=TRUE,"",IF(F98="","甲",IF(F98=0,"甲",""))) | S98: =IF((F98+I103+L98+O103)=0,"",IF((F98+I103+L98+O103)>SUM($AC$1:$AC$3),"入力ｴﾗｰ",SUM($AC$1:$AC$3)-(F98+I103+L98+O103))) | T98: =IF(S98="","",IF(S98="入力ｴﾗｰ","","m")) | U98: =IF(B98="","",COUNT(F98,I103,L98,O103)-IF(S98=0,1,0))
R101: =IF(R98="甲","",IF(OR(S98=0,S98="")=TRUE,"",IF(S98="入力ｴﾗｰ","","乙")))
H103: =IF(I103="","",IF(I103=0,"","L=")) | K103: =IF(I103="","",IF(I103=0,"","m")) | N103: =IF(O103="","",IF(O103=0,"","L=")) | Q103: =IF(O103="","",IF(O103=0,"","m")) | AC103: =IF(U98="",0,IF(U98>SUM(V98:AA103),U98-SUM(V98:AA103),0)) -> 0
E106: =IF(F106="","",IF(F106=0,"","L=")) | H106: =IF(F106="","",IF(F106=0,"","m")) | K106: =IF(L106="","",IF(L106=0,"","L=")) | N106: =IF(L106="","",IF(L106=0,"","m")) | R106: =IF(OR(S106="入力ｴﾗｰ",S106=0,S106="")=TRUE,"",IF(F106="","甲",IF(F106=0,"甲",""))) | S106: =IF((F106+I111+L106+O111)=0,"",IF((F106+I111+L106+O111)>SUM($AC$1:$AC$3),"入力ｴﾗｰ",SUM($AC$1:$AC$3)-(F106+I111+L106+O111))) | T106: =IF(S106="","",IF(S106="入力ｴﾗｰ","","m")) | U106: =IF(B106="","",COUNT(F106,I111,L106,O111)-IF(S106=0,1,0))
R109: =IF(R106="甲","",IF(OR(S106=0,S106="")=TRUE,"",IF(S106="入力ｴﾗｰ","","乙")))
H111: =IF(I111="","",IF(I111=0,"","L=")) | K111: =IF(I111="","",IF(I111=0,"","m")) | N111: =IF(O111="","",IF(O111=0,"","L=")) | Q111: =IF(O111="","",IF(O111=0,"","m")) | AC111: =IF(U106="",0,IF(U106>SUM(V106:AA111),U106-SUM(V106:AA111),0)) -> 0
B113: 合 計 | G113: φ | M113: 本 | T113: m
G114: =U2 -> NS | H114: =Y2 -> 700 | K114: =IF(B10="",0,LARGE(B10:B111,1)) -> 5 | R114: =SUM(S10:S111) -> 8.22 | U114: =SUM(U10:U111) -> 7 | V114: =SUM(V10:V111) -> 7 | W114: =SUM(W10:W111) -> 0 | X114: =SUM(X10:X111) -> 0 | Y114: =SUM(Y10:Y111) -> 0 | Z114: =SUM(Z10:Z111) -> 0 | AA114: =SUM(AA10:AA111) -> 0 | AC114: =SUM(AC9:AC112) -> 0

Sheet KF-Sφ700
B1: 工事名： | C1: 西部（若松町他）配水管取替工事 No.2 | S1: 管 | X1: 口 | AC1: =IF(Y2<=100,4,0) -> 0
U2: KF-S | Y2: 700 | AC2: =IF(AC1=4,0,IF(Y2<=200,5,0)) -> 0
S3: 種 | W3: 形 | X3: 径 | AA3: ㎜ | AC3: =IF(Y2>200,6,0) -> 6
B5: 管切断工・挿し口加工数量計算書
B7: 管番号 | C7: 形 状 | R7: 残延長 | U7: 切断 | V7: 挿 し 口 加 工
V8: ＮＳ形 | W8: ＳⅡ形 | X8: Ｓ形 | Y8: ＫＦ形 | Z8: ＮＳ(溝) | AA8: ＳⅡ(溝)
B10: =IF(S10="","",1) -> 1 | E10: =IF(F10="","",IF(F10=0,"","L=")) -> L= | F10: 2.09 | H10: =IF(F10="","",IF(F10=0,"","m")) -> m | J10: KF | K10: =IF(L10="","",IF(L10=0,"","L=")) | N10: =IF(L10="","",IF(L10=0,"","m")) | O10: NS | R10: =IF(OR(S10="入力ｴﾗｰ",S10=0,S10="")=TRUE,"",IF(F10="","甲",IF(F10=0,"甲",""))) | S10: =IF((F10+I15+L10+O15)=0,"",IF((F10+I15+L10+O15)>SUM($AC$1:$AC$3),"入力ｴﾗｰ",SUM($AC$1:$AC$3)-(F10+I15+L10+O15))) -> 1.57 | T10: =IF(S10="","",IF(S10="入力ｴﾗｰ","","m")) -> m | U10: =IF(B10="","",COUNT(F10,I15,L10,O15)-IF(S10=0,1,0)) -> 2 | V10: 2 | X10: 1 | Y10: 1
R13: =IF(R10="甲","",IF(OR(S10=0,S10="")=TRUE,"",IF(S10="入力ｴﾗｰ","","乙"))) -> 乙
H15: =IF(I15="","",IF(I15=0,"","L=")) | K15: =IF(I15="","",IF(I15=0,"","m")) | N15: =IF(O15="","",IF(O15=0,"","L=")) -> L= | O15: 2.34 | Q15: =IF(O15="","",IF(O15=0,"","m")) -> m | AC15: =IF(U10="",0,IF(U10>SUM(V10:AA15),U10-SUM(V10:AA15),0)) -> 0
B18: =IF(S18="","",IF(B10="","",1+B10)) -> 2 | E18: =IF(F18="","",IF(F18=0,"","L=")) -> L= | F18: 2.09 | H18: =IF(F18="","",IF(F18=0,"","m")) -> m | K18: =IF(L18="","",IF(L18=0,"","L=")) | N18: =IF(L18="","",IF(L18=0,"","m")) | R18: =IF(OR(S18="入力ｴﾗｰ",S18=0,S18="")=TRUE,"",IF(F18="","甲",IF(F18=0,"甲",""))) | S18: =IF((F18+I23+L18+O23)=0,"",IF((F18+I23+L18+O23)>SUM($AC$1:$AC$3),"入力ｴﾗｰ",SUM($AC$1:$AC$3)-(F18+I23+L18+O23))) -> 0.31 | T18: =IF(S18="","",IF(S18="入力ｴﾗｰ","","m")) -> m | U18: =IF(B18="","",COUNT(F18,I23,L18,O23)-IF(S18=0,1,0)) -> 2 | V18: 2
R21: =IF(R18="甲","",IF(OR(S18=0,S18="")=TRUE,"",IF(S18="入力ｴﾗｰ","","乙"))) -> 乙
G23: NS | H23: =IF(I23="","",IF(I23=0,"","L=")) | K23: =IF(I23="","",IF(I23=0,"","m")) | N23: =IF(O23="","",IF(O23=0,"","L=")) -> L= | O23: 3.6 | Q23: =IF(O23="","",IF(O23=0,"","m")) -> m | AC23: =IF(U18="",0,IF(U18>SUM(V18:AA23),U18-SUM(V18:AA23),0)) -> 0
B26: =IF(S26="","",IF(B18="","",1+B18)) -> 3 | E26: =IF(F26="","",IF(F26=0,"","L=")) -> L= | F26: 3 | H26: =IF(F26="","",IF(F26=0,"","m")) -> m | K26: =IF(L26="","",IF(L26=0,"","L=")) | N26: =IF(L26="","",IF(L26=0,"","m")) | R26: =IF(OR(S26="入力ｴﾗｰ",S26=0,S26="")=TRUE,"",IF(F26="","甲",IF(F26=0,"甲",""))) | S26: =IF((F26+I31+L26+O31)=0,"",IF((F26+I31+L26+O31)>SUM($AC$1:$AC$3),"入力ｴﾗｰ",SUM($AC$1:$AC$3)-(F26+I31+L26+O31))) -> 3 | T26: =IF(S26="","",IF(S26="入力ｴﾗｰ","","m")) -> m | U26: =IF(B26="","",COUNT(F26,I31,L26,O31)-IF(S26=0,1,0)) -> 1 | V26: 1
R29: =IF(R26="甲","",IF(OR(S26=0,S26="")=TRUE,"",IF(S26="入力ｴﾗｰ","","乙"))) -> 乙
G31: NS | H31: =IF(I31="","",IF(I31=0,"","L=")) | K31: =IF(I31="","",IF(I31=0,"","m")) | N31: =IF(O31="","",IF(O31=0,"","L=")) | Q31: =IF(O31="","",IF(O31=0,"","m")) | AC31: =IF(U26="",0,IF(U26>SUM(V26:AA31),U26-SUM(V26:AA31),0)) -> 0
B34: =IF(S34="","",IF(B26="","",1+B26)) -> 4 | E34: =IF(F34="","",IF(F34=0,"","L=")) -> L= | F34: 5.26 | H34: =IF(F34="","",IF(F34=0,"","m")) -> m | K34: =IF(L34="","",IF(L34=0,"","L=")) | N34: =IF(L34="","",IF(L34=0,"","m")) | R34: =IF(OR(S34="入力ｴﾗｰ",S34=0,S34="")=TRUE,"",IF(F34="","甲",IF(F34=0,"甲",""))) | S34: =IF((F34+I39+L34+O39)=0,"",IF((F34+I39+L34+O39)>SUM($AC$1:$AC$3),"入力ｴﾗｰ",SUM($AC$1:$AC$3)-(F34+I39+L34+O39))) -> 0.74 | T34: =IF(S34="","",IF(S34="入力ｴﾗｰ","","m")) -> m | U34: =IF(B34="","",COUNT(F34,I39,L34,O39)-IF(S34=0,1,0)) -> 1 | V34: 1
R37: =IF(R34="甲","",IF(OR(S34=0,S34="")=TRUE,"",IF(S34="入力ｴﾗｰ","","乙"))) -> 乙
G39: NS | H39: =IF(I39="","",IF(I39=0,"","L=")) | K39: =IF(I39="","",IF(I39=0,"","m")) | N39: =IF(O39="","",IF(O39=0,"","L=")) | Q39: =IF(O39="","",IF(O39=0,"","m")) | AC39: =IF(U34="",0,IF(U34>SUM(V34:AA39),U34-SUM(V34:AA39),0)) -> 0
B42: =IF(S42="","",IF(B34="","",1+B34)) -> 5 | E42: =IF(F42="","",IF(F42=0,"","L=")) -> L= | F42: 3.26 | H42: =IF(F42="","",IF(F42=0,"","m")) -> m | K42: =IF(L42="","",IF(L42=0,"","L=")) | N42: =IF(L42="","",IF(L42=0,"","m")) | R42: =IF(OR(S42="入力ｴﾗｰ",S42=0,S42="")=TRUE,"",IF(F42="","甲",IF(F42=0,"甲",""))) | S42: =IF((F42+I47+L42+O47)=0,"",IF((F42+I47+L42+O47)>SUM($AC$1:$AC$3),"入力ｴﾗｰ",SUM($AC$1:$AC$3)-(F42+I47+L42+O47))) -> 2.74 | T42: =IF(S42="","",IF(S42="入力ｴﾗｰ","","m")) -> m | U42: =IF(B42="","",COUNT(F42,I47,L42,O47)-IF(S42=0,1,0)) -> 1
R45: =IF(R42="甲","",IF(OR(S42=0,S42="")=TRUE,"",IF(S42="入力ｴﾗｰ","","乙"))) -> 乙
G47: NS | H47: =IF(I47="","",IF(I47=0,"","L=")) | K47: =IF(I47="","",IF(I47=0,"","m")) | N47: =IF(O47="","",IF(O47=0,"","L=")) | Q47: =IF(O47="","",IF(O47=0,"","m")) | AC47: =IF(U42="",0,IF(U42>SUM(V42:AA47),U42-SUM(V42:AA47),0)) -> 1
B50: =IF(S50="","",IF(B42="","",1+B42)) | E50: =IF(F50="","",IF(F50=0,"","L=")) | H50: =IF(F50="","",IF(F50=0,"","m")) | K50: =IF(L50="","",IF(L50=0,"","L=")) | N50: =IF(L50="","",IF(L50=0,"","m")) | R50: =IF(OR(S50="入力ｴﾗｰ",S50=0,S50="")=TRUE,"",IF(F50="","甲",IF(F50=0,"甲",""))) | S50: =IF((F50+I55+L50+O55)=0,"",IF((F50+I55+L50+O55)>SUM($AC$1:$AC$3),"入力ｴﾗｰ",SUM($AC$1:$AC$3)-(F50+I55+L50+O55))) | T50: =IF(S50="","",IF(S50="入力ｴﾗｰ","","m")) | U50: =IF(B50="","",COUNT(F50,I55,L50,O55)-IF(S50=0,1,0))
R53: =IF(R50="甲","",IF(OR(S50=0,S50="")=TRUE,"",IF(S50="入力ｴﾗｰ","","乙")))
H55: =IF(I55="","",IF(I55=0,"","L=")) | K55: =IF(I55="","",IF(I55=0,"","m")) | N55: =IF(O55="","",IF(O55=0,"","L=")) | Q55: =IF(O55="","",IF(O55=0,"","m")) | AC55: =IF(U50="",0,IF(U50>SUM(V50:AA55),U50-SUM(V50:AA55),0)) -> 0
B58: =IF(S58="","",IF(B50="","",1+B50)) | E58: =IF(F58="","",IF(F58=0,"","L=")) | H58: =IF(F58="","",IF(F58=0,"","m")) | K58: =IF(L58="","",IF(L58=0,"","L=")) | N58: =IF(L58="","",IF(L58=0,"","m")) | R58: =IF(OR(S58="入力ｴﾗｰ",S58=0,S58="")=TRUE,"",IF(F58="","甲",IF(F58=0,"甲",""))) | S58: =IF((F58+I63+L58+O63)=0,"",IF((F58+I63+L58+O63)>SUM($AC$1:$AC$3),"入力ｴﾗｰ",SUM($AC$1:$AC$3)-(F58+I63+L58+O63))) | T58: =IF(S58="","",IF(S58="入力ｴﾗｰ","","m")) | U58: =IF(B58="","",COUNT(F58,I63,L58,O63)-IF(S58=0,1,0))
R61: =IF(R58="甲","",IF(OR(S58=0,S58="")=TRUE,"",IF(S58="入力ｴﾗｰ","","乙")))
H63: =IF(I63="","",IF(I63=0,"","L=")) | K63: =IF(I63="","",IF(I63=0,"","m")) | N63: =IF(O63="","",IF(O63=0,"","L=")) | Q63: =IF(O63="","",IF(O63=0,"","m")) | AC63: =IF(U58="",0,IF(U58>SUM(V58:AA63),U58-SUM(V58:AA63),0)) -> 0
B66: =IF(S66="","",IF(B58="","",1+B58)) | E66: =IF(F66="","",IF(F66=0,"","L=")) | H66: =IF(F66="","",IF(F66=0,"","m")) | K66: =IF(L66="","",IF(L66=0,"","L=")) | N66: =IF(L66="","",IF(L66=0,"","m")) | R66: =IF(OR(S66="入力ｴﾗｰ",S66=0,S66="")=TRUE,"",IF(F66="","甲",IF(F66=0,"甲",""))) | S66: =IF((F66+I71+L66+O71)=0,"",IF((F66+I71+L66+O71)>SUM($AC$1:$AC$3),"入力ｴﾗｰ",SUM($AC$1:$AC$3)-(F66+I71+L66+O71))) | T66: =IF(S66="","",IF(S66="入力ｴﾗｰ","","m")) | U66: =IF(B66="","",COUNT(F66,I71,L66,O71)-IF(S66=0,1,0))
R69: =IF(R66="甲","",IF(OR(S66=0,S66="")=TRUE,"",IF(S66="入力ｴﾗｰ","","乙")))
H71: =IF(I71="","",IF(I71=0,"","L=")) | K71: =IF(I71="","",IF(I71=0,"","m")) | N71: =IF(O71="","",IF(O71=0,"","L=")) | Q71: =IF(O71="","",IF(O71=0,"","m")) | AC71: =IF(U66="",0,IF(U66>SUM(V66:AA71),U66-SUM(V66:AA71),0)) -> 0
B74: =IF(S74="","",IF(B66="","",1+B66)) | E74: =IF(F74="","",IF(F74=0,"","L=")) | H74: =IF(F74="","",IF(F74=0,"","m")) | K74: =IF(L74="","",IF(L74=0,"","L=")) | N74: =IF(L74="","",IF(L74=0,"","m")) | R74: =IF(OR(S74="入力ｴﾗｰ",S74=0,S74="")=TRUE,"",IF(F74="","甲",IF(F74=0,"甲",""))) | S74: =IF((F74+I79+L74+O79)=0,"",IF((F74+I79+L74+O79)>SUM($AC$1:$AC$3),"入力ｴﾗｰ",SUM($AC$1:$AC$3)-(F74+I79+L74+O79))) | T74: =IF(S74="","",IF(S74="入力ｴﾗｰ","","m")) | U74: =IF(B74="","",COUNT(F74,I79,L74,O79)-IF(S74=0,1,0))
R77: =IF(R74="甲","",IF(OR(S74=0,S74="")=TRUE,"",IF(S74="入力ｴﾗｰ","","乙")))
H79: =IF(I79="","",IF(I79=0,"","L=")) | K79: =IF(I79="","",IF(I79=0,"","m")) | N79: =IF(O79="","",IF(O79=0,"","L=")) | Q79: =IF(O79="","",IF(O79=0,"","m")) | AC79: =IF(U74="",0,IF(U74>SUM(V74:AA79),U74-SUM(V74:AA79),0)) -> 0
B82: =IF(S82="","",IF(B74="","",1+B74)) | E82: =IF(F82="","",IF(F82=0,"","L=")) | H82: =IF(F82="","",IF(F82=0,"","m")) | K82: =IF(L82="","",IF(L82=0,"","L=")) | N82: =IF(L82="","",IF(L82=0,"","m")) | R82: =IF(OR(S82="入力ｴﾗｰ",S82=0,S82="")=TRUE,"",IF(F82="","甲",IF(F82=0,"甲",""))) | S82: =IF((F82+I87+L82+O87)=0,"",IF((F82+I87+L82+O87)>SUM($AC$1:$AC$3),"入力ｴﾗｰ",SUM($AC$1:$AC$3)-(F82+I87+L82+O87))) | T82: =IF(S82="","",IF(S82="入力ｴﾗｰ","","m")) | U82: =IF(B82="","",COUNT(F82,I87,L82,O87)-IF(S82=0,1,0))
R85: =IF(R82="甲","",IF(OR(S82=0,S82="")=TRUE,"",IF(S82="入力ｴﾗｰ","","乙")))
H87: =IF(I87="","",IF(I87=0,"","L=")) | K87: =IF(I87="","",IF(I87=0,"","m")) | N87: =IF(O87="","",IF(O87=0,"","L=")) | Q87: =IF(O87="","",IF(O87=0,"","m")) | AC87: =IF(U82="",0,IF(U82>SUM(V82:AA87),U82-SUM(V82:AA87),0)) -> 0
B90: =IF(S90="","",IF(B82="","",1+B82)) | E90: =IF(F90="","",IF(F90=0,"","L=")) | H90: =IF(F90="","",IF(F90=0,"","m")) | K90: =IF(L90="","",IF(L90=0,"","L=")) | N90: =IF(L90="","",IF(L90=0,"","m")) | R90: =IF(OR(S90="入力ｴﾗｰ",S90=0,S90="")=TRUE,"",IF(F90="","甲",IF(F90=0,"甲",""))) | S90: =IF((F90+I95+L90+O95)=0,"",IF((F90+I95+L90+O95)>SUM($AC$1:$AC$3),"入力ｴﾗｰ",SUM($AC$1:$AC$3)-(F90+I95+L90+O95))) | T90: =IF(S90="","",IF(S90="入力ｴﾗｰ","","m")) | U90: =IF(B90="","",COUNT(F90,I95,L90,O95)-IF(S90=0,1,0))
R93: =IF(R90="甲","",IF(OR(S90=0,S90="")=TRUE,"",IF(S90="入力ｴﾗｰ","","乙")))
H95: =IF(I95="","",IF(I95=0,"","L=")) | K95: =IF(I95="","",IF(I95=0,"","m")) | N95: =IF(O95="","",IF(O95=0,"","L=")) | Q95: =IF(O95="","",IF(O95=0,"","m")) | AC95: =IF(U90="",0,IF(U90>SUM(V90:AA95),U90-SUM(V90:AA95),0)) -> 0
B98: =IF(S98="","",IF(B90="","",1+B90)) | E98: =IF(F98="","",IF(F98=0,"","L=")) | H98: =IF(F98="","",IF(F98=0,"","m")) | K98: =IF(L98="","",IF(L98=0,"","L=")) | N98: =IF(L98="","",IF(L98=0,"","m")) | R98: =IF(OR(S98="入力ｴﾗｰ",S98=0,S98="")=TRUE,"",IF(F98="","甲",IF(F98=0,"甲",""))) | S98: =IF((F98+I103+L98+O103)=0,"",IF((F98+I103+L98+O103)>SUM($AC$1:$AC$3),"入力ｴﾗｰ",SUM($AC$1:$AC$3)-(F98+I103+L98+O103))) | T98: =IF(S98="","",IF(S98="入力ｴﾗｰ","","m")) | U98: =IF(B98="","",COUNT(F98,I103,L98,O103)-IF(S98=0,1,0))
R101: =IF(R98="甲","",IF(OR(S98=0,S98="")=TRUE,"",IF(S98="入力ｴﾗｰ","","乙")))
H103: =IF(I103="","",IF(I103=0,"","L=")) | K103: =IF(I103="","",IF(I103=0,"","m")) | N103: =IF(O103="","",IF(O103=0,"","L=")) | Q103: =IF(O103="","",IF(O103=0,"","m")) | AC103: =IF(U98="",0,IF(U98>SUM(V98:AA103),U98-SUM(V98:AA103),0)) -> 0
E106: =IF(F106="","",IF(F106=0,"","L=")) | H106: =IF(F106="","",IF(F106=0,"","m")) | K106: =IF(L106="","",IF(L106=0,"","L=")) | N106: =IF(L106="","",IF(L106=0,"","m")) | R106: =IF(OR(S106="入力ｴﾗｰ",S106=0,S106="")=TRUE,"",IF(F106="","甲",IF(F106=0,"甲",""))) | S106: =IF((F106+I111+L106+O111)=0,"",IF((F106+I111+L106+O111)>SUM($AC$1:$AC$3),"入力ｴﾗｰ",SUM($AC$1:$AC$3)-(F106+I111+L106+O111))) | T106: =IF(S106="","",IF(S106="入力ｴﾗｰ","","m")) | U106: =IF(B106="","",COUNT(F106,I111,L106,O111)-IF(S106=0,1,0))
R109: =IF(R106="甲","",IF(OR(S106=0,S106="")=TRUE,"",IF(S106="入力ｴﾗｰ","","乙")))
H111: =IF(I111="","",IF(I111=0,"","L=")) | K111: =IF(I111="","",IF(I111=0,"","m")) | N111: =IF(O111="","",IF(O111=0,"","L=")) | Q111: =IF(O111="","",IF(O111=0,"","m")) | AC111: =IF(U106="",0,IF(U106>SUM(V106:AA111),U106-SUM(V106:AA111),0)) -> 0
B113: 合 計 | G113: φ | M113: 本 | T113: m
G114: =U2 -> KF-S | H114: =Y2 -> 700 | K114: =IF(B10="",0,LARGE(B10:B111,1)) -> 5 | R114: =SUM(S10:S111) -> 8.36 | U114: =SUM(U10:U111) -> 7 | V114: =SUM(V10:V111) -> 6 | W114: =SUM(W10:W111) -> 0 | X114: =SUM(X10:X111) -> 1 | Y114: =SUM(Y10:Y111) -> 1 | Z114: =SUM(Z10:Z111) -> 0 | AA114: =SUM(AA10:AA111) -> 0 | AC114: =SUM(AC9:AC112) -> 1
