Workbook
Name 掘削幅: 延長表!$AG$6:$AI$18
Name 掘削幅矢板: 延長表!$AJ$6:$AL$18
Name 範囲1: #REF!
Name 範囲1: #REF!
Name 範囲2: #REF!
Name 範囲2: #REF!
Name 範囲３: #REF!
Name 範囲３: #REF!
Name 範囲４: #REF!
Name 範囲４: #REF!

Sheet 表紙
B1: 7
B2: 工事名： | C2: 東白川特2高層配水池揚水管取替工事
C3: 事業名： | D3: 基幹施設整備事業
C4: 工事番号： | D4: 5070281
A5: 数 量 計 算 書
B6: 工事場所： | C6: 神戸市須磨区東白川台他

Sheet 総括表（土工事）
J1: =入力セル（各数量計算書の数量を転記間違いないように！）
J2: =この表内でﾘﾝｸ入力されてるセル
B3: 数量総括表（土工事-1）
B4: 配 水 管 土 工 事
B6: =表紙!C2 -> 東白川特2高層配水池揚水管取替工事
B7: 名 称 | E7: 摘 要 | J7: 試 掘 （PE50-300)新設 （PE50-PE75） 取替 | K7: 試 掘 （200-300） 新設 | L7: 試 掘 （75-300） 取替・撤去 | M7: 試 掘 （400-500） | N7: 試 掘 （600以上） | O7: 給水2度 | P7: 仮配管 | Q7: 給水付替 | R7: 管工事 （PE50-300)新設 （PE50-PE75）取替 | S7: 管工事 （75-300） 取替・撤去 | T7: 管工事 （400-500） | U7: 管工事 （600以上） | V7: 舗 装 | W7: 付帯工 | X7: 夜間 | Y7: 計 | Z7: 設計書 | AB7: 数値基準
AB8: 0.1 | AC8: 1 | AD8: 10 | AE8: 100
B9: 舗装切断工 （管工事） | E9: As舗装 | H9: t≦15㎝ | J9: ='試掘（舗50'!P4 -> 3.6 | M9: ='試掘（舗400'!P4 -> 110 | R9: ='管工（舗50'!T10 -> 90.41 | S9: ='管工（舗75'!T10 -> 2900.2 | T9: ='管工（舗400'!T10 -> 2156.46 | Y9: =SUM(J9:X9) -> 5260.67 | Z9: =SUM(AB9:AE9) -> 5260 | AB9: =IF($Y9<1,ROUND($Y9,1),0) -> 0 | AC9: =IF(AND($Y9>=1,$Y9<100),ROUND($Y9,0),0) -> 0 | AD9: =IF($Y9>=100,ROUND($Y9,-1),0) -> 5260
E10: As舗装 | H10: 15㎝<t≦30㎝ | Y10: =SUM(J10:X10) -> 0 | Z10: =SUM(AB10:AE10) -> 0 | AB10: =IF($Y10<1,ROUND($Y10,1),0) -> 0 | AC10: =IF(AND($Y10>=1,$Y10<100),ROUND($Y10,0),0) -> 0 | AD10: =IF($Y10>=100,ROUND($Y10,-1),0) -> 0
E11: Co舗装 | H11: t≦15㎝ | M11: ='試掘（舗400'!S4 -> 4 | S11: ='管工（舗75'!X10 -> 132.2 | T11: ='管工（舗400'!X10 -> 67.4 | Y11: =SUM(J11:X11) -> 203.6 | Z11: =SUM(AB11:AE11) -> 200 | AB11: =IF($Y11<1,ROUND($Y11,1),0) -> 0 | AC11: =IF(AND($Y11>=1,$Y11<100),ROUND($Y11,0),0) -> 0 | AD11: =IF($Y11>=100,ROUND($Y11,-1),0) -> 200
E12: Co舗装 | H12: 15㎝<t≦30㎝ | Y12: =SUM(J12:X12) -> 0 | Z12: =SUM(AB12:AE12) -> 0 | AB12: =IF($Y12<1,ROUND($Y12,1),0) -> 0 | AC12: =IF(AND($Y12>=1,$Y12<100),ROUND($Y12,0),0) -> 0 | AD12: =IF($Y12>=100,ROUND($Y12,-1),0) -> 0
B13: 舗 装 版 破 砕 （ 管 工 事 ） | C13: 人力 | E13: Ａｓ | F13: 4cm以下 | I13: 4 | J13: ='試掘（舗50'!P11 -> 0.6 | M13: ='試掘（舗400'!P11 -> 1 | Y13: =SUM(J13:X13) -> 1.6 | Z13: =SUM(AB13:AE13) -> 2 | AB13: =IF($Y13<1,ROUND($Y13,1),0) -> 0 | AC13: =IF(AND($Y13>=1,$Y13<1000),ROUND($Y13,0),0) -> 2 | AD13: =IF($Y13>=1000,ROUND($Y13,-1),0) -> 0
F14: 10㎝以下 | I14: 5 | J14: ='試掘（舗50'!P12 -> 1.2 | Y14: =SUM(J14:X14) -> 1.2 | Z14: =SUM(AC14:AE14) -> 0
I15: 10 | M15: ='試掘（舗400'!P12 -> 50 | Y15: =SUM(J15:X15) -> 50 | Z15: =SUM(AC15:AE15) -> 0
Y16: =SUM(J16:X16) -> 0 | Z16: =SUM(AC16:AE16) -> 0
H17: 計 | Y17: =SUM(Y14:Y16) -> 51.2 | Z17: =SUM(AB17:AE17) -> 51 | AB17: =IF($Y17<1,ROUND($Y17,1),0) -> 0 | AC17: =IF(AND($Y17>=1,$Y17<1000),ROUND($Y17,0),0) -> 51 | AD17: =IF($Y17>=1000,ROUND($Y17,-1),0) -> 0
F18: 15㎝以下 | I18: 14 | Y18: =SUM(J18:X18) -> 0 | Z18: =SUM(AC18:AE18) -> 0
I19: 15 | M19: ='試掘（舗400'!P13 -> 4 | Y19: =SUM(J19:X19) -> 4 | Z19: =SUM(AC19:AE19) -> 0
H20: 計 | Y20: =SUM(Y18:Y19) -> 4 | Z20: =SUM(AB20:AE20) -> 4 | AB20: =IF($Y20<1,ROUND($Y20,1),0) -> 0 | AC20: =IF(AND($Y20>=1,$Y20<1000),ROUND($Y20,0),0) -> 4 | AD20: =IF($Y20>=1000,ROUND($Y20,-1),0) -> 0
F21: 15㎝超 | I21: 20 | Y21: =SUM(J21:X21) -> 0 | Z21: =SUM(AB21:AE21) -> 0 | AB21: =IF($Y21<1,ROUND($Y21,1),0) -> 0 | AC21: =IF(AND($Y21>=1,$Y21<1000),ROUND($Y21,0),0) -> 0 | AD21: =IF($Y21>=1000,ROUND($Y21,-1),0) -> 0
E22: Ｃｏ | F22: 4cm以下 | I22: 4 | Y22: =SUM(J22:X22) -> 0 | Z22: =SUM(AB22:AE22) -> 0 | AB22: =IF($Y22<1,ROUND($Y22,1),0) -> 0 | AC22: =IF(AND($Y22>=1,$Y22<1000),ROUND($Y22,0),0) -> 0 | AD22: =IF($Y22>=1000,ROUND($Y22,-1),0) -> 0
F23: 10cm以下 | I23: 8 | Y23: =SUM(J23:X23) -> 0 | Z23: =SUM(AB23:AE23) -> 0 | AB23: =IF($Y23<1,ROUND($Y23,1),0) -> 0 | AC23: =IF(AND($Y23>=1,$Y23<1000),ROUND($Y23,0),0) -> 0 | AD23: =IF($Y23>=1000,ROUND($Y23,-1),0) -> 0
F24: 15cm以下 | I24: 15 | M24: ='試掘（舗400'!S11 -> 2 | Y24: =SUM(J24:X24) -> 2 | Z24: =SUM(AB24:AE24) -> 2 | AB24: =IF($Y24<1,ROUND($Y24,1),0) -> 0 | AC24: =IF(AND($Y24>=1,$Y24<1000),ROUND($Y24,0),0) -> 2 | AD24: =IF($Y24>=1000,ROUND($Y24,-1),0) -> 0
F25: 15㎝超 | I25: 20 | Y25: =SUM(J25:X25) -> 0 | Z25: =SUM(AB25:AE25) -> 0 | AB25: =IF($Y25<1,ROUND($Y25,1),0) -> 0 | AC25: =IF(AND($Y25>=1,$Y25<1000),ROUND($Y25,0),0) -> 0 | AD25: =IF($Y25>=1000,ROUND($Y25,-1),0) -> 0
C26: 機械 | E26: As ・ Co | F26: 10cm以下 | I26: 4 | Y26: =SUM(J26:X26) -> 0 | Z26: =SUM(AC26:AE26) -> 0
I27: 5 | Y27: =SUM(J27:X27) -> 0 | Z27: =SUM(AC27:AE27) -> 0
I28: 10 | Y28: =SUM(J28:X28) -> 0 | Z28: =SUM(AC28:AE28) -> 0
Y29: =SUM(J29:X29) -> 0 | Z29: =SUM(AC29:AE29) -> 0
I30: 計 | Y30: =SUM(Y26:Y29) -> 0 | Z30: =SUM(AB30:AE30) -> 0 | AB30: =IF($Y30<1,ROUND($Y30,1),0) -> 0 | AC30: =IF(AND($Y30>=1,$Y30<1000),ROUND($Y30,0),0) -> 0 | AD30: =IF($Y30>=1000,ROUND($Y30,-1),0) -> 0
I31: 4 | R31: ='管工（舗50'!T16 -> 4.75 | Y31: =SUM(J31:X31) -> 4.75 | Z31: =SUM(AC31:AE31) -> 0
I32: 5 | R32: ='管工（舗50'!T17 -> 1.2 | Y32: =SUM(J32:X32) -> 1.2 | Z32: =SUM(AC32:AE32) -> 0
I33: 10 | R33: ='管工（舗50'!T18 -> 21.8 | Y33: =SUM(J33:X33) -> 21.8 | Z33: =SUM(AC33:AE33) -> 0
Y34: =SUM(J34:X34) -> 0 | Z34: =SUM(AC34:AE34) -> 0
I35: 計 | Y35: =SUM(Y31:Y34) -> 27.75 | Z35: =SUM(AB35:AE35) -> 28 | AB35: =IF($Y35<1,ROUND($Y35,1),0) -> 0 | AC35: =IF(AND($Y35>=1,$Y35<1000),ROUND($Y35,0),0) -> 28 | AD35: =IF($Y35>=1000,ROUND($Y35,-1),0) -> 0
I36: 4 | S36: ='管工（舗75'!T16 -> 3.36 | Y36: =SUM(J36:X36) -> 3.36 | Z36: =SUM(AC36:AE36) -> 0
I37: 5 | Y37: =SUM(J37:X37) -> 0 | Z37: =SUM(AC37:AE37) -> 0
I38: 10 | S38: ='管工（舗75'!T17 -> 695.28 | Y38: =SUM(J38:X38) -> 695.28 | Z38: =SUM(AC38:AE38) -> 0
Y39: =SUM(J39:X39) -> 0 | Z39: =SUM(AC39:AE39) -> 0
I40: 計 | Y40: =SUM(Y36:Y39) -> 698.64 | Z40: =SUM(AB40:AE40) -> 699 | AB40: =IF($Y40<1,ROUND($Y40,1),0) -> 0 | AC40: =IF(AND($Y40>=1,$Y40<1000),ROUND($Y40,0),0) -> 699 | AD40: =IF($Y40>=1000,ROUND($Y40,-1),0) -> 0
I41: 4 | T41: ='管工（舗400'!T16 -> 9 | Y41: =SUM(J41:X41) -> 9 | Z41: =SUM(AC41:AE41) -> 0
I42: 5 | T42: ='管工（舗400'!T17 -> 52 | Y42: =SUM(J42:X42) -> 52 | Z42: =SUM(AC42:AE42) -> 0
I43: 10 | T43: ='管工（舗400'!T18 -> 940.23 | Y43: =SUM(J43:X43) -> 940.23 | Z43: =SUM(AC43:AE43) -> 0
Y44: =SUM(J44:X44) -> 0 | Z44: =SUM(AC44:AE44) -> 0
I45: 計 | Y45: =SUM(Y41:Y44) -> 1001.23 | Z45: =SUM(AB45:AE45) -> 1000 | AB45: =IF($Y45<1,ROUND($Y45,1),0) -> 0 | AC45: =IF(AND($Y45>=1,$Y45<1000),ROUND($Y45,0),0) -> 0 | AD45: =IF($Y45>=1000,ROUND($Y45,-1),0) -> 1000
I46: 4 | Y46: =SUM(J46:X46) -> 0 | Z46: =SUM(AC46:AE46) -> 0
I47: 5 | Y47: =SUM(J47:X47) -> 0 | Z47: =SUM(AC47:AE47) -> 0
I48: 10 | Y48: =SUM(J48:X48) -> 0 | Z48: =SUM(AC48:AE48) -> 0
Y49: =SUM(J49:X49) -> 0 | Z49: =SUM(AC49:AE49) -> 0
I50: 計 | Y50: =SUM(Y46:Y49) -> 0 | Z50: =SUM(AB50:AE50) -> 0 | AB50: =IF($Y50<1,ROUND($Y50,1),0) -> 0 | AC50: =IF(AND($Y50>=1,$Y50<1000),ROUND($Y50,0),0) -> 0 | AD50: =IF($Y50>=1000,ROUND($Y50,-1),0) -> 0
F51: 15cm以下 | I51: 15 | Y51: =SUM(J51:X51) -> 0 | Z51: =SUM(AC51:AE51) -> 0
I52: 14 | Y52: =SUM(J52:X52) -> 0 | Z52: =SUM(AC52:AE52) -> 0
I53: 計 | Y53: =SUM(Y51:Y52) -> 0 | Z53: =SUM(AB53:AE53) -> 0 | AB53: =IF($Y53<1,ROUND($Y53,1),0) -> 0 | AC53: =IF(AND($Y53>=1,$Y53<1000),ROUND($Y53,0),0) -> 0 | AD53: =IF($Y53>=1000,ROUND($Y53,-1),0) -> 0
I54: 15 | Y54: =SUM(J54:X54) -> 0 | Z54: =SUM(AC54:AE54) -> 0
I55: 14 | Y55: =SUM(J55:X55) -> 0 | Z55: =SUM(AC55:AE55) -> 0
I56: 計 | Y56: =SUM(Y54:Y55) -> 0 | Z56: =SUM(AB56:AE56) -> 0 | AB56: =IF($Y56<1,ROUND($Y56,1),0) -> 0 | AC56: =IF(AND($Y56>=1,$Y56<1000),ROUND($Y56,0),0) -> 0 | AD56: =IF($Y56>=1000,ROUND($Y56,-1),0) -> 0
I57: 15 | S57: ='管工（舗75'!T18+'管工（舗75'!X16 -> 267.11 | Y57: =SUM(J57:X57) -> 267.11 | Z57: =SUM(AC57:AE57) -> 0
I58: 14 | Y58: =SUM(J58:X58) -> 0 | Z58: =SUM(AC58:AE58) -> 0
I59: 計 | Y59: =SUM(Y57:Y58) -> 267.11 | Z59: =SUM(AB59:AE59) -> 267 | AB59: =IF($Y59<1,ROUND($Y59,1),0) -> 0 | AC59: =IF(AND($Y59>=1,$Y59<1000),ROUND($Y59,0),0) -> 267 | AD59: =IF($Y59>=1000,ROUND($Y59,-1),0) -> 0
I60: 15 | T60: ='管工（舗400'!T19+'管工（舗400'!X16 -> 110.7 | Y60: =SUM(J60:X60) -> 110.7 | Z60: =SUM(AC60:AE60) -> 0
I61: 14 | Y61: =SUM(J61:X61) -> 0 | Z61: =SUM(AC61:AE61) -> 0
I62: 計 | Y62: =SUM(Y60:Y61) -> 110.7 | Z62: =SUM(AB62:AE62) -> 111 | AB62: =IF($Y62<1,ROUND($Y62,1),0) -> 0 | AC62: =IF(AND($Y62>=1,$Y62<1000),ROUND($Y62,0),0) -> 111 | AD62: =IF($Y62>=1000,ROUND($Y62,-1),0) -> 0
I63: 15 | Y63: =SUM(J63:X63) -> 0 | Z63: =SUM(AC63:AE63) -> 0
I64: 14 | Y64: =SUM(J64:X64) -> 0 | Z64: =SUM(AC64:AE64) -> 0
I65: 計 | Y65: =SUM(Y63:Y64) -> 0 | Z65: =SUM(AB65:AE65) -> 0 | AB65: =IF($Y65<1,ROUND($Y65,1),0) -> 0 | AC65: =IF(AND($Y65>=1,$Y65<1000),ROUND($Y65,0),0) -> 0 | AD65: =IF($Y65>=1000,ROUND($Y65,-1),0) -> 0
E66: As | F66: 15㎝超 | I66: 20 | Y66: =SUM(J66:X66) -> 0 | Z66: =SUM(AB66:AE66) -> 0 | AB66: =IF($Y66<1,ROUND($Y66,1),0) -> 0 | AC66: =IF(AND($Y66>=1,$Y66<1000),ROUND($Y66,0),0) -> 0 | AD66: =IF($Y66>=1000,ROUND($Y66,-1),0) -> 0
E67: Co | F67: 15㎝超 | I67: 20 | Y67: =SUM(J67:X67) -> 0 | Z67: =SUM(AB67:AE67) -> 0 | AB67: =IF($Y67<1,ROUND($Y67,1),0) -> 0 | AC67: =IF(AND($Y67>=1,$Y67<1000),ROUND($Y67,0),0) -> 0 | AD67: =IF($Y67>=1000,ROUND($Y67,-1),0) -> 0
B68: 構造物取り壊し | E68: 無筋Co | Y68: =SUM(J68:X68) -> 0 | Z68: =SUM(AB68:AE68) -> 0 | AB68: =IF($Y68<1,ROUND($Y68,1),0) -> 0 | AC68: =IF($Y68>=1,ROUND($Y68,0),0) -> 0
E69: 鉄筋Co | Y69: =SUM(J69:X69) -> 0 | Z69: =SUM(AB69:AE69) -> 0 | AB69: =IF($Y69<1,ROUND($Y69,1),0) -> 0 | AC69: =IF($Y69>=1,ROUND($Y69,0),0) -> 0
Y70: =SUM(J70:X70) -> 0 | Z70: =SUM(AB70:AE70) -> 0 | AB70: =IF($Y70<1,ROUND($Y70,1),0) -> 0 | AC70: =IF($Y70>=1,ROUND($Y70,0),0) -> 0
B71: 数量総括表（土工事-2）
B72: 配 水 管 土 工 事
B74: =$B$6 -> 東白川特2高層配水池揚水管取替工事
B75: 名 称 | E75: 摘 要 | J75: 試 掘 （PE50-300)新設 （PE50-PE75）取替 | K75: 試 掘 （200-300） 新設 | L75: 試 掘 （75-300） 取替・撤去 | M75: 試 掘 （400-500） | N75: 試 掘 （600以上） | O75: 給水2度 | P75: 仮配管 | Q75: 給水付替 | R75: 管工事 （PE50-300)新設 （PE50-PE75）取替 | S75: 管工事 （75-300） 取替・撤去 | T75: 管工事 （400-500） | U75: 管工事 （600以上） | V75: 舗 装 | W75: 付帯工 | X75: 夜間 | Y75: 計 | Z75: 設計書 | AB75: 数値基準
AB76: 0.1 | AC76: 1 | AD76: 10 | AE76: 100
B77: 殻 運 搬 | C77: 殻運搬 （現場～ 仮置場） | E77: 舗装版破砕 | F77: 15㎝以下 | Y77: =SUM(J77:X77) -> 0 | Z77: =SUM(AB77:AE77) -> 0 | AB77: =IF($Y77<1,ROUND($Y77,1),0) -> 0 | AC77: =IF($Y77>=1,ROUND($Y77,0),0) -> 0 | AG77: 舗装版破砕 | AH77: 15㎝以下 | AI77: 4.2 | AJ77: ㎞
F78: 15㎝以下 | Y78: =SUM(J78:X78) -> 0 | Z78: =SUM(AB78:AE78) -> 0 | AB78: =IF($Y78<1,ROUND($Y78,1),0) -> 0 | AC78: =IF($Y78>=1,ROUND($Y78,0),0) -> 0 | AH78: 15㎝以下 | AI78: 4.2 | AJ78: ㎞
F79: 15㎝超 | Y79: =SUM(J79:X79) -> 0 | Z79: =SUM(AB79:AE79) -> 0 | AB79: =IF($Y79<1,ROUND($Y79,1),0) -> 0 | AC79: =IF($Y79>=1,ROUND($Y79,0),0) -> 0 | AH79: 15㎝超 | AI79: 4.2 | AJ79: ㎞
E80: Co 取壊 | F80: 無筋 | Y80: =SUM(J80:X80) -> 0 | Z80: =SUM(AB80:AE80) -> 0 | AB80: =IF($Y80<1,ROUND($Y80,1),0) -> 0 | AC80: =IF($Y80>=1,ROUND($Y80,0),0) -> 0 | AG80: Co構造物取壊し | AH80: 無筋 | AI80: 4.2 | AJ80: ㎞
F81: 鉄筋 | Y81: =SUM(J81:X81) -> 0 | Z81: =SUM(AB81:AE81) -> 0 | AB81: =IF($Y81<1,ROUND($Y81,1),0) -> 0 | AC81: =IF($Y81>=1,ROUND($Y81,0),0) -> 0 | AH81: 鉄筋 | AI81: 4.2 | AJ81: ㎞
C82: 殻運搬 （現場～ 処分地） | E82: As ・ 車道 | F82: 人力 | H82: =AI82 -> 0 | J82: ='試掘（舗50'!P21 -> 0.12 | M82: ='試掘（舗400'!P21 -> 5.5 | Y82: =SUM(J82:X82) -> 5.62 | Z82: =SUM(AB82:AE82) -> 6 | AB82: =IF($Y82<1,ROUND($Y82,1),0) -> 0 | AC82: =IF($Y82>=1,ROUND($Y82,0),0) -> 6 | AG82: 舗装版破砕 As（車道） | AH82: 人力 | AJ82: ㎞
F83: 15㎝以下 | H83: =AI83 -> 0 | R83: ='管工（舗50'!T27 -> 2.24 | S83: ='管工（舗75'!T27 -> 105.816 | Y83: =SUM(J83:X83) -> 108.056 | Z83: =SUM(AB83:AE83) -> 108 | AB83: =IF($Y83<1,ROUND($Y83,1),0) -> 0 | AC83: =IF($Y83>=1,ROUND($Y83,0),0) -> 108 | AH83: 15㎝以下 | AJ83: ㎞
F84: 15㎝以下 | H84: =AI84 -> 0 | T84: ='管工（舗400'!T27 -> 12.35 | Y84: =SUM(J84:X84) -> 12.35 | Z84: =SUM(AB84:AE84) -> 12 | AB84: =IF($Y84<1,ROUND($Y84,1),0) -> 0 | AC84: =IF($Y84>=1,ROUND($Y84,0),0) -> 12 | AH84: 15㎝以下 | AJ84: ㎞
F85: 15㎝超 | H85: =AI85 -> 0 | Y85: =SUM(J85:X85) -> 0 | Z85: =SUM(AB85:AE85) -> 0 | AB85: =IF($Y85<1,ROUND($Y85,1),0) -> 0 | AC85: =IF($Y85>=1,ROUND($Y85,0),0) -> 0 | AH85: 15㎝超 | AJ85: ㎞
E86: As ・ 歩道 | F86: 人力 | H86: =AI86 -> 0 | J86: ='試掘（舗50'!P22 -> 0.024 | M86: ='試掘（舗400'!P22 -> 0.14 | Y86: =SUM(J86:X86) -> 0.164 | Z86: =SUM(AB86:AE86) -> 0.2 | AB86: =IF($Y86<1,ROUND($Y86,1),0) -> 0.2 | AC86: =IF($Y86>=1,ROUND($Y86,0),0) -> 0 | AG86: 舗装版破砕 As（歩道） | AH86: 人力 | AJ86: ㎞
F87: 15㎝以下 | H87: =AI87 -> 0 | R87: ='管工（舗50'!T29 -> 0.19 | S87: ='管工（舗75'!T29 -> 0.1344 | Y87: =SUM(J87:X87) -> 0.3244 | Z87: =SUM(AB87:AE87) -> 0.3 | AB87: =IF($Y87<1,ROUND($Y87,1),0) -> 0.3 | AC87: =IF($Y87>=1,ROUND($Y87,0),0) -> 0 | AH87: 15㎝以下 | AJ87: ㎞
F88: 15㎝以下 | H88: =AI88 -> 0 | T88: ='管工（舗400'!T29 -> 96.483 | Y88: =SUM(J88:X88) -> 96.483 | Z88: =SUM(AB88:AE88) -> 96 | AB88: =IF($Y88<1,ROUND($Y88,1),0) -> 0 | AC88: =IF($Y88>=1,ROUND($Y88,0),0) -> 96 | AH88: 15㎝以下 | AJ88: ㎞
F89: 15㎝超 | H89: =AI89 -> 0 | Y89: =SUM(J89:X89) -> 0 | Z89: =SUM(AB89:AE89) -> 0 | AB89: =IF($Y89<1,ROUND($Y89,1),0) -> 0 | AC89: =IF($Y89>=1,ROUND($Y89,0),0) -> 0 | AH89: 15㎝超 | AJ89: ㎞
E90: Co ・ 舗装 | F90: 人力 | H90: =AI90 -> 0 | M90: ='試掘（舗400'!S21 -> 0.3 | Y90: =SUM(J90:X90) -> 0.3 | Z90: =SUM(AB90:AE90) -> 0.3 | AB90: =IF($Y90<1,ROUND($Y90,1),0) -> 0.3 | AC90: =IF($Y90>=1,ROUND($Y90,0),0) -> 0 | AG90: 舗装版破砕 Co | AH90: 人力 | AJ90: ㎞
F91: 15㎝以下 | H91: =AI91 -> 0 | S91: ='管工（舗75'!X27 -> 3.7785 | Y91: =SUM(J91:X91) -> 3.7785 | Z91: =SUM(AB91:AE91) -> 4 | AB91: =IF($Y91<1,ROUND($Y91,1),0) -> 0 | AC91: =IF($Y91>=1,ROUND($Y91,0),0) -> 4 | AH91: 15㎝以下 | AJ91: ㎞
F92: 15㎝以下 | H92: =AI92 -> 0 | T92: ='管工（舗400'!X27 -> 4.755 | Y92: =SUM(J92:X92) -> 4.755 | Z92: =SUM(AB92:AE92) -> 5 | AB92: =IF($Y92<1,ROUND($Y92,1),0) -> 0 | AC92: =IF($Y92>=1,ROUND($Y92,0),0) -> 5 | AH92: 15㎝以下 | AJ92: ㎞
F93: 15㎝超 | H93: =AI93 -> 0 | Y93: =SUM(J93:X93) -> 0 | Z93: =SUM(AB93:AE93) -> 0 | AB93: =IF($Y93<1,ROUND($Y93,1),0) -> 0 | AC93: =IF($Y93>=1,ROUND($Y93,0),0) -> 0 | AH93: 15㎝超 | AJ93: ㎞
E94: Co ・ 取壊 | F94: 無筋 | H94: =AI94 -> 0 | Y94: =SUM(J94:X94) -> 0 | Z94: =SUM(AB94:AE94) -> 0 | AB94: =IF($Y94<1,ROUND($Y94,1),0) -> 0 | AC94: =IF($Y94>=1,ROUND($Y94,0),0) -> 0 | AG94: Co構造物取壊し | AH94: 無筋 | AJ94: ㎞
F95: 鉄筋 | H95: =AI95 -> 0 | Y95: =SUM(J95:X95) -> 0 | Z95: =SUM(AB95:AE95) -> 0 | AB95: =IF($Y95<1,ROUND($Y95,1),0) -> 0 | AC95: =IF($Y95>=1,ROUND($Y95,0),0) -> 0 | AH95: 鉄筋 | AJ95: ㎞
C96: 積込み | E96: As（仮置土） | G96: 機械 | H96: 積込 | Y96: =SUM(J96:X96) -> 0 | Z96: =SUM(AB96:AE96) -> 0 | AB96: =IF($Y96<1,ROUND($Y96,1),0) -> 0 | AC96: =IF($Y96>=1,ROUND($Y96,0),0) -> 0
E97: Co（仮置土） | G97: 機械 | H97: 積込 | Y97: =SUM(J97:X97) -> 0 | Z97: =SUM(AB97:AE97) -> 0 | AB97: =IF($Y97<1,ROUND($Y97,1),0) -> 0 | AC97: =IF($Y97>=1,ROUND($Y97,0),0) -> 0
E98: 鉄筋Co（仮置土） | G98: 機械 | H98: 積込 | Y98: =SUM(J98:X98) -> 0 | Z98: =SUM(AB98:AE98) -> 0 | AB98: =IF($Y98<1,ROUND($Y98,1),0) -> 0 | AC98: =IF($Y98>=1,ROUND($Y98,0),0) -> 0
C99: 殻運搬 （仮置場～ 処分地） | E99: As（車道） | H99: =AI99 -> 0 | Y99: =SUM(J99:X99) -> 0 | Z99: =SUM(AB99:AE99) -> 0 | AB99: =IF($Y99<1,ROUND($Y99,1),0) -> 0 | AC99: =IF($Y99>=1,ROUND($Y99,0),0) -> 0 | AG99: As（車道） | AH99: 15㎝超 | AJ99: ㎞
E100: As（歩道） | H100: =AI100 -> 0 | Y100: =SUM(J100:X100) -> 0 | Z100: =SUM(AB100:AE100) -> 0 | AB100: =IF($Y100<1,ROUND($Y100,1),0) -> 0 | AC100: =IF($Y100>=1,ROUND($Y100,0),0) -> 0 | AG100: As（歩道） | AH100: 15㎝超
E101: Co（舗装） | H101: =AI101 -> 0 | Y101: =SUM(J101:X101) -> 0 | Z101: =SUM(AB101:AE101) -> 0 | AB101: =IF($Y101<1,ROUND($Y101,1),0) -> 0 | AC101: =IF($Y101>=1,ROUND($Y101,0),0) -> 0 | AG101: Co（舗装） | AH101: 15㎝超 | AJ101: ㎞
E102: Co（構造物） | H102: =AI102 -> 0 | Y102: =SUM(J102:X102) -> 0 | Z102: =SUM(AB102:AE102) -> 0 | AB102: =IF($Y102<1,ROUND($Y102,1),0) -> 0 | AC102: =IF($Y102>=1,ROUND($Y102,0),0) -> 0 | AG102: Co（構造物） | AH102: 機械 | AJ102: ㎞
...

Sheet 総括表（舗装工事）
B1: 数量総括表（舗装工事-1）
B2: 舗装復旧工事・舗装工事
B4: ='舗装（集計）'!L1 -> 東白川特2高層配水池揚水管取替工事
B5: 名 称 | D5: 摘 要 | I5: 舗装本復旧 | J5: その他 | K5: 計 | L5: 設計書 | O5: 数値基準
O6: 0.1 | P6: 1 | Q6: 10 | R6: 100
B7: 舗装版切断 (舗装工事) | D7: As | E7: t≦15㎝ | I7: 648.1 | K7: =SUM(I7:J7) -> 648.1 | L7: =SUM(O7:R7) -> 650 | O7: =IF($K7<1,ROUND($K7,1),0) -> 0 | P7: =IF(AND($K7>=1,$K7<100),ROUND($K7,0),0) -> 0 | Q7: =IF($K7>=100,ROUND($K7,-1),0) -> 650
E8: 15㎝<t≦30㎝ | K8: =SUM(I8:J8) -> 0 | L8: =SUM(O8:R8) -> 0 | O8: =IF($K8<1,ROUND($K8,1),0) -> 0 | P8: =IF(AND($K8>=1,$K8<100),ROUND($K8,0),0) -> 0 | Q8: =IF($K8>=100,ROUND($K8,-1),0) -> 0
D9: Co | E9: t≦15㎝ | K9: =SUM(I9:J9) -> 0 | L9: =SUM(O9:R9) -> 0 | O9: =IF($K9<1,ROUND($K9,1),0) -> 0 | P9: =IF(AND($K9>=1,$K9<100),ROUND($K9,0),0) -> 0 | Q9: =IF($K9>=100,ROUND($K9,-1),0) -> 0
E10: 15㎝<t≦30㎝ | K10: =SUM(I10:J10) -> 0 | L10: =SUM(O10:R10) -> 0 | O10: =IF($K10<1,ROUND($K10,1),0) -> 0 | P10: =IF(AND($K10>=1,$K10<100),ROUND($K10,0),0) -> 0 | Q10: =IF($K10>=100,ROUND($K10,-1),0) -> 0
B11: 舗 装 版 破 砕 （ 舗 装 工 事 ） | C11: 人力 | D11: As | E11: 4㎝以下 | H11: 4 | K11: =SUM(I11:J11) -> 0 | L11: =SUM(O11:R11) -> 0 | O11: =IF($K11<1,ROUND($K11,1),0) -> 0 | P11: =IF(AND($K11>=1,$K11<1000),ROUND($K11,0),0) -> 0 | Q11: =IF($K11>=1000,ROUND($K11,-1),0) -> 0
E12: 10㎝以下 | H12: 5 | K12: =SUM(I12:J12) -> 0 | L12: =SUM(P12:R12) -> 0
H13: 10 | K13: =SUM(I13:J13) -> 0 | L13: =SUM(P13:R13) -> 0
K14: =SUM(I14:J14) -> 0 | L14: =SUM(P14:R14) -> 0
H15: 計 | K15: =SUM(K12:K14) -> 0 | L15: =SUM(O15:R15) -> 0 | O15: =IF($K15<1,ROUND($K15,1),0) -> 0 | P15: =IF(AND($K15>=1,$K15<1000),ROUND($K15,0),0) -> 0 | Q15: =IF($K15>=1000,ROUND($K15,-1),0) -> 0
E16: 15㎝以下 | H16: 15 | K16: =SUM(I16:J16) -> 0 | L16: =SUM(P16:R16) -> 0
H17: 14 | K17: =SUM(I17:J17) -> 0 | L17: =SUM(P17:R17) -> 0
H18: 計 | K18: =SUM(K16:K17) -> 0 | L18: =SUM(O18:R18) -> 0 | O18: =IF($K18<1,ROUND($K18,1),0) -> 0 | P18: =IF(AND($K18>=1,$K18<1000),ROUND($K18,0),0) -> 0 | Q18: =IF($K18>=1000,ROUND($K18,-1),0) -> 0
E19: 15㎝超 | H19: 20 | K19: =SUM(I19:J19) -> 0 | L19: =SUM(O19:R19) -> 0 | O19: =IF($K19<1,ROUND($K19,1),0) -> 0 | P19: =IF(AND($K19>=1,$K19<1000),ROUND($K19,0),0) -> 0 | Q19: =IF($K19>=1000,ROUND($K19,-1),0) -> 0
D20: Co | E20: 4㎝以下 | H20: 4 | K20: =SUM(I20:J20) -> 0 | L20: =SUM(O20:R20) -> 0 | O20: =IF($K20<1,ROUND($K20,1),0) -> 0 | P20: =IF(AND($K20>=1,$K20<1000),ROUND($K20,0),0) -> 0 | Q20: =IF($K20>=1000,ROUND($K20,-1),0) -> 0
E21: 10㎝以下 | H21: 8 | K21: =SUM(I21:J21) -> 0 | L21: =SUM(O21:R21) -> 0 | O21: =IF($K21<1,ROUND($K21,1),0) -> 0 | P21: =IF(AND($K21>=1,$K21<1000),ROUND($K21,0),0) -> 0 | Q21: =IF($K21>=1000,ROUND($K21,-1),0) -> 0
E22: 15㎝以下 | H22: 14 | K22: =SUM(I22:J22) -> 0 | L22: =SUM(O22:R22) -> 0 | O22: =IF($K22<1,ROUND($K22,1),0) -> 0 | P22: =IF(AND($K22>=1,$K22<1000),ROUND($K22,0),0) -> 0 | Q22: =IF($K22>=1000,ROUND($K22,-1),0) -> 0
E23: 15㎝超 | H23: 20 | K23: =SUM(I23:J23) -> 0 | L23: =SUM(O23:R23) -> 0 | O23: =IF($K23<1,ROUND($K23,1),0) -> 0 | P23: =IF(AND($K23>=1,$K23<1000),ROUND($K23,0),0) -> 0 | Q23: =IF($K23>=1000,ROUND($K23,-1),0) -> 0
C24: 機械 | D24: As | E24: 15㎝以下 | H24: 4 | I24: ='舗装（集計）'!AD25 -> 82.4 | K24: =SUM(I24:J24) -> 82.4 | L24: =SUM(P24:R24) -> 0
H25: 5 | I25: ='舗装（集計）'!AD26 -> 1763.4 | K25: =SUM(I25:J25) -> 1763.4 | L25: =SUM(P25:R25) -> 0
H26: 10 | I26: ='舗装（集計）'!AD27 -> 3484.51 | K26: =SUM(I26:J26) -> 3484.51 | L26: =SUM(P26:R26) -> 0
H27: 14 | K27: =SUM(I27:J27) -> 0 | L27: =SUM(P27:R27) -> 0
H28: 15 | I28: ='舗装（集計）'!AD28 -> 728.88 | K28: =SUM(I28:J28) -> 728.88
H29: アスカーブ | J29: 0.61 | K29: =SUM(I29:J29) -> 0.61 | L29: =SUM(P29:R29) -> 0
K30: =SUM(I30:J30) -> 0 | L30: =SUM(P30:R30) -> 0
H31: 計 | K31: =SUM(K24:K30) -> 6059.8 | L31: =SUM(O31:R31) -> 6060 | O31: =IF($K31<1,ROUND($K31,1),0) -> 0 | P31: =IF(AND($K31>=1,$K31<1000),ROUND($K31,0),0) -> 0 | Q31: =IF($K31>=1000,ROUND($K31,-1),0) -> 6060
E32: 15㎝超 | H32: 20 | K32: =SUM(I32:J32) -> 0 | L32: =SUM(O32:R32) -> 0 | O32: =IF($K32<1,ROUND($K32,1),0) -> 0 | P32: =IF(AND($K32>=1,$K32<1000),ROUND($K32,0),0) -> 0 | Q32: =IF($K32>=1000,ROUND($K32,-1),0) -> 0
D33: Co | E33: 10㎝以下 | H33: 8 | K33: =SUM(I33:J33) -> 0 | L33: =SUM(O33:R33) -> 0 | O33: =IF($K33<1,ROUND($K33,1),0) -> 0 | P33: =IF(AND($K33>=1,$K33<1000),ROUND($K33,0),0) -> 0 | Q33: =IF($K33>=1000,ROUND($K33,-1),0) -> 0
E34: 15㎝以下 | H34: 15 | I34: ='舗装（集計）'!AG25+'舗装（集計）'!AG26 -> 119.61 | K34: =SUM(I34:J34) -> 119.61 | L34: =SUM(O34:R34) -> 120 | O34: =IF($K34<1,ROUND($K34,1),0) -> 0 | P34: =IF(AND($K34>=1,$K34<1000),ROUND($K34,0),0) -> 120 | Q34: =IF($K34>=1000,ROUND($K34,-1),0) -> 0
E35: 15㎝超 | H35: 20 | K35: =SUM(I35:J35) -> 0 | L35: =SUM(O35:R35) -> 0 | O35: =IF($K35<1,ROUND($K35,1),0) -> 0 | P35: =IF(AND($K35>=1,$K35<1000),ROUND($K35,0),0) -> 0 | Q35: =IF($K35>=1000,ROUND($K35,-1),0) -> 0
B36: 路面切削工 | D36: 路面切削工 | G36: 5 | K36: =SUM(I36:J36) -> 0 | L36: =SUM(O36:R36) -> 0 | O36: =IF($K36<1,ROUND($K36,1),0) -> 0 | P36: =IF(AND($K36>=1,$K36<1000),ROUND($K36,0),0) -> 0 | Q36: =IF($K36>=1000,ROUND($K36,-1),0) -> 0
D37: 切削ｵｰﾊﾞｰﾚｲ | G37: 5 | K37: =SUM(I37:J37) -> 0 | L37: =SUM(O37:R37) -> 0 | O37: =IF($K37<1,ROUND($K37,1),0) -> 0 | P37: =IF(AND($K37>=1,$K37<1000),ROUND($K37,0),0) -> 0 | Q37: =IF($K37>=1000,ROUND($K37,-1),0) -> 0
B38: Co構造物取壊し工 | D38: 無筋Co | J38: 4.53 | K38: =SUM(I38:J38) -> 4.53 | L38: =SUM(O38:R38) -> 5 | O38: =IF($K38<1,ROUND($K38,1),0) -> 0 | P38: =IF($K38>=1,ROUND($K38,0),0) -> 5
D39: 鉄筋Co | K39: =SUM(I39:J39) -> 0 | L39: =SUM(O39:R39) -> 0 | O39: =IF($K39<1,ROUND($K39,1),0) -> 0 | P39: =IF($K39>=1,ROUND($K39,0),0) -> 0
B40: 殻 運 搬 | C40: 殻運搬 （現場～仮置場） | D40: 舗装版 破砕 | E40: 15㎝以下 | G40: =V40 -> 4.2 | K40: =SUM(I40:J40) -> 0 | L40: =SUM(O40:R40) -> 0 | O40: =IF($K40<1,ROUND($K40,1),0) -> 0 | P40: =IF($K40>=1,ROUND($K40,0),0) -> 0 | T40: 舗装版破砕工 | U40: 15㎝以下 | V40: 4.2 | W40: ㎞
E41: 15㎝超 | G41: =V41 -> 4.2 | K41: =SUM(I41:J41) -> 0 | L41: =SUM(O41:R41) -> 0 | O41: =IF($K41<1,ROUND($K41,1),0) -> 0 | P41: =IF($K41>=1,ROUND($K41,0),0) -> 0 | U41: 15㎝超 | V41: 4.2 | W41: ㎞
D42: Co取壊 | E42: 無筋 | G42: 4.2 | K42: =SUM(I42:J42) -> 0 | L42: =SUM(O42:R42) -> 0 | O42: =IF($K42<1,ROUND($K42,1),0) -> 0 | P42: =IF($K42>=1,ROUND($K42,0),0) -> 0 | T42: Co構造物取壊し | U42: 無筋 | V42: 4.2 | W42: km
E43: 鉄筋 | G43: =V43 -> 4.2 | K43: =SUM(I43:J43) -> 0 | L43: =SUM(O43:R43) -> 0 | O43: =IF($K43<1,ROUND($K43,1),0) -> 0 | P43: =IF($K43>=1,ROUND($K43,0),0) -> 0 | U43: 鉄筋 | V43: 4.2 | W43: ㎞
C44: 殻運搬 （現場～処分地） | D44: As ・ 車道 | E44: 15㎝以下 | G44: =V44 -> 0 | I44: ='舗装（集計）'!M23 -> 541.883 | J44: 0.61 | K44: =SUM(I44:J44) -> 542.493 | L44: =SUM(O44:R44) -> 542 | O44: =IF($K44<1,ROUND($K44,1),0) -> 0 | P44: =IF($K44>=1,ROUND($K44,0),0) -> 542 | T44: 舗装版破砕工 （As・車道） | U44: 15㎝以下 | W44: ㎞
E45: 15㎝超 | G45: =V45 -> 0 | K45: =SUM(I45:J45) -> 0 | L45: =SUM(O45:R45) -> 0 | O45: =IF($K45<1,ROUND($K45,1),0) -> 0 | P45: =IF($K45>=1,ROUND($K45,0),0) -> 0 | U45: 15㎝超 | W45: ㎞
D46: As ・ 歩道 | E46: 15㎝以下 | G46: =V46 -> 0 | I46: ='舗装（集計）'!M25 -> 7.366 | K46: =SUM(I46:J46) -> 7.366 | L46: =SUM(O46:R46) -> 7 | O46: =IF($K46<1,ROUND($K46,1),0) -> 0 | P46: =IF($K46>=1,ROUND($K46,0),0) -> 7 | T46: 舗装版破砕工 （As・歩道） | U46: 15㎝以下 | W46: ㎞
E47: 15㎝超 | G47: =V47 -> 0 | K47: =SUM(I47:J47) -> 0 | L47: =SUM(O47:R47) -> 0 | O47: =IF($K47<1,ROUND($K47,1),0) -> 0 | P47: =IF($K47>=1,ROUND($K47,0),0) -> 0 | U47: 15㎝超 | W47: ㎞
D48: Co ・ 舗装 | E48: 15㎝以下 | G48: =V48 -> 0 | I48: ='舗装（集計）'!P23 -> 17.9325 | K48: =SUM(I48:J48) -> 17.9325 | L48: =SUM(O48:R48) -> 18 | O48: =IF($K48<1,ROUND($K48,1),0) -> 0 | P48: =IF($K48>=1,ROUND($K48,0),0) -> 18 | T48: 舗装版破砕工 （Co） | U48: 15㎝以下 | W48: ㎞
E49: 15㎝超 | G49: =V49 -> 0 | K49: =SUM(I49:J49) -> 0 | L49: =SUM(O49:R49) -> 0 | O49: =IF($K49<1,ROUND($K49,1),0) -> 0 | P49: =IF($K49>=1,ROUND($K49,0),0) -> 0 | U49: 15㎝超 | W49: ㎞
D50: Co ・ 取壊 | E50: 無筋 | G50: =V50 -> 0 | J50: 4.53 | K50: =SUM(I50:J50) -> 4.53 | L50: =SUM(O50:R50) -> 5 | O50: =IF($K50<1,ROUND($K50,1),0) -> 0 | P50: =IF($K50>=1,ROUND($K50,0),0) -> 5 | T50: Co構造物取壊し | U50: 無筋 | W50: ㎞
E51: 鉄筋 | G51: =V51 -> 0 | K51: =SUM(I51:J51) -> 0 | L51: =SUM(O51:R51) -> 0 | O51: =IF($K51<1,ROUND($K51,1),0) -> 0 | P51: =IF($K51>=1,ROUND($K51,0),0) -> 0 | U51: 鉄筋 | W51: ㎞
C52: 積込み | D52: As（仮置土） | F52: 機械 | G52: 積込 | K52: =SUM(I52:J52) -> 0 | L52: =SUM(O52:R52) -> 0 | O52: =IF($K52<1,ROUND($K52,1),0) -> 0 | P52: =IF($K52>=1,ROUND($K52,0),0) -> 0
D53: Co（仮置土） | F53: 機械 | G53: 積込 | K53: =SUM(I53:J53) -> 0 | L53: =SUM(O53:R53) -> 0 | O53: =IF($K53<1,ROUND($K53,1),0) -> 0 | P53: =IF($K53>=1,ROUND($K53,0),0) -> 0
D54: 鉄筋Co（仮置土） | F54: 機械 | G54: 積込 | K54: =SUM(I54:J54) -> 0 | L54: =SUM(O54:R54) -> 0 | O54: =IF($K54<1,ROUND($K54,1),0) -> 0 | P54: =IF($K54>=1,ROUND($K54,0),0) -> 0
C55: 殻運搬 （仮置場～処分地） | D55: As（車道） | G55: =V55 -> 0 | K55: =SUM(I55:J55) -> 0 | L55: =SUM(O55:R55) -> 0 | O55: =IF($K55<1,ROUND($K55,1),0) -> 0 | P55: =IF($K55>=1,ROUND($K55,0),0) -> 0 | U55: 15㎝超 | W55: ㎞
D56: As（歩道） | G56: =V56 -> 0 | K56: =SUM(I56:J56) -> 0 | L56: =SUM(O56:R56) -> 0 | O56: =IF($K56<1,ROUND($K56,1),0) -> 0 | P56: =IF($K56>=1,ROUND($K56,0),0) -> 0 | U56: 15㎝超 | W56: ㎞
D57: Co（舗装） | G57: =V57 -> 0 | K57: =SUM(I57:J57) -> 0 | L57: =SUM(O57:R57) -> 0 | O57: =IF($K57<1,ROUND($K57,1),0) -> 0 | P57: =IF($K57>=1,ROUND($K57,0),0) -> 0 | U57: 15㎝超 | W57: ㎞
D58: Co（構造物） | G58: =V58 -> 0 | K58: =SUM(I58:J58) -> 0 | L58: =SUM(O58:R58) -> 0 | O58: =IF($K58<1,ROUND($K58,1),0) -> 0 | P58: =IF($K58>=1,ROUND($K58,0),0) -> 0 | U58: 機械 | W58: ㎞
B59: 切削廃材処理 | D59: 切削廃材処分 | H59: 5 | I59: =I37*H59/100 -> 0 | K59: =SUM(I59:J59) -> 0 | L59: =SUM(O59:R59) -> 0 | P59: =IF($K59<1000,ROUND($K59,0),0) -> 0 | Q59: =IF($K59>=1000,ROUND($K59,-1),0) -> 0
B60: (廃路盤材) 路盤掘削 | C60: すき取り・積込み | D60: 廃路盤材 | F60: 人力 | K60: =SUM(I60:J60) -> 0 | L60: =SUM(O60:R60) -> 0 | O60: =IF($K60<1,ROUND($K60,1),0) -> 0 | P60: =IF(AND($K60>=1,$K60<10),ROUND($K60,0),0) -> 0 | Q60: =IF(AND($K60>=10,$K60<1000),ROUND($K60,-1),0) -> 0 | R60: =IF($K60>=1000,ROUND($K60,-2),0) -> 0
D61: 廃路盤材 | F61: 機械 | K61: =SUM(I61:J61) -> 0 | L61: =SUM(O61:R61) -> 0 | O61: =IF($K61<1,ROUND($K61,1),0) -> 0 | P61: =IF(AND($K61>=1,$K61<10),ROUND($K61,0),0) -> 0 | Q61: =IF(AND($K61>=10,$K61<1000),ROUND($K61,-1),0) -> 0 | R61: =IF($K61>=1000,ROUND($K61,-2),0) -> 0
D62: 廃路盤材 | F62: 機械 | K62: =SUM(I62:J62) -> 0 | L62: =SUM(O62:R62) -> 0 | O62: =IF($K62<1,ROUND($K62,1),0) -> 0 | P62: =IF(AND($K62>=1,$K62<10),ROUND($K62,0),0) -> 0 | Q62: =IF(AND($K62>=10,$K62<1000),ROUND($K62,-1),0) -> 0 | R62: =IF($K62>=1000,ROUND($K62,-2),0) -> 0
D63: 廃路盤材 | F63: 機械 | I63: ='舗装（土量）'!AD26 -> 311.9465 | K63: =SUM(I63:J63) -> 311.9465 | L63: =SUM(O63:R63) -> 310 | O63: =IF($K63<1,ROUND($K63,1),0) -> 0 | P63: =IF(AND($K63>=1,$K63<10),ROUND($K63,0),0) -> 0 | Q63: =IF(AND($K63>=10,$K63<1000),ROUND($K63,-1),0) -> 310 | R63: =IF($K63>=1000,ROUND($K63,-2),0) -> 0
C64: 土砂運搬 （現場～仮置場） | D64: =T64 -> 廃路盤材 | F64: 人力 | G64: =V64 -> 4.2 | K64: =SUM(I64:J64) -> 0 | L64: =SUM(O64:R64) -> 0 | O64: =IF($K64<1,ROUND($K64,1),0) -> 0 | P64: =IF(AND($K64>=1,$K64<10),ROUND($K64,0),0) -> 0 | Q64: =IF($K64>=10,ROUND($K64,-1),0) -> 0 | T64: 廃路盤材 | U64: 人力 | V64: 4.2 | W64: ㎞
D65: =T65 -> 廃路盤材 | F65: 機械 | G65: =V65 -> 4.2 | K65: =SUM(I65:J65) -> 0 | L65: =SUM(O65:R65) -> 0 | O65: =IF($K65<1,ROUND($K65,1),0) -> 0 | P65: =IF(AND($K65>=1,$K65<10),ROUND($K65,0),0) -> 0 | Q65: =IF($K65>=10,ROUND($K65,-1),0) -> 0 | T65: 廃路盤材 | U65: 0.35 | V65: 4.2 | W65: ㎞
D66: =T66 -> 廃路盤材 | F66: 機械 | G66: =V66 -> 4.2 | K66: =SUM(I66:J66) -> 0 | L66: =SUM(O66:R66) -> 0 | O66: =IF($K66<1,ROUND($K66,1),0) -> 0 | P66: =IF(AND($K66>=1,$K66<10),ROUND($K66,0),0) -> 0 | Q66: =IF($K66>=10,ROUND($K66,-1),0) -> 0 | T66: 廃路盤材 | U66: 0.6 | V66: 4.2 | W66: ㎞
B67: (土砂) 路盤掘削 | C67: すき取り・積込み | D67: 砂質土 | F67: 人力 | K67: =SUM(I67:J67) -> 0 | L67: =SUM(O67:R67) -> 0 | O67: =IF($K67<1,ROUND($K67,1),0) -> 0 | P67: =IF(AND($K67>=1,$K67<10),ROUND($K67,0),0) -> 0 | Q67: =IF(AND($K67>=10,$K67<1000),ROUND($K67,-1),0) -> 0 | R67: =IF($K67>=1000,ROUND($K67,-2),0) -> 0
D68: 砂質土 | F68: 機械 | K68: =SUM(I68:J68) -> 0 | L68: =SUM(O68:R68) -> 0 | O68: =IF($K68<1,ROUND($K68,1),0) -> 0 | P68: =IF(AND($K68>=1,$K68<10),ROUND($K68,0),0) -> 0 | Q68: =IF(AND($K68>=10,$K68<1000),ROUND($K68,-1),0) -> 0 | R68: =IF($K68>=1000,ROUND($K68,-2),0) -> 0
D69: 砂質土 | F69: 機械 | K69: =SUM(I69:J69) -> 0 | L69: =SUM(O69:R69) -> 0 | O69: =IF($K69<1,ROUND($K69,1),0) -> 0 | P69: =IF(AND($K69>=1,$K69<10),ROUND($K69,0),0) -> 0 | Q69: =IF(AND($K69>=10,$K69<1000),ROUND($K69,-1),0) -> 0 | R69: =IF($K69>=1000,ROUND($K69,-2),0) -> 0
D70: 砂質土 | F70: 機械 | I70: ='舗装（土量）'!AD36 -> 3.025 | K70: =SUM(I70:J70) -> 3.025 | L70: =SUM(O70:R70) -> 3 | O70: =IF($K70<1,ROUND($K70,1),0) -> 0 | P70: =IF(AND($K70>=1,$K70<10),ROUND($K70,0),0) -> 3 | Q70: =IF(AND($K70>=10,$K70<1000),ROUND($K70,-1),0) -> 0 | R70: =IF($K70>=1000,ROUND($K70,-2),0) -> 0
C71: 土砂運搬 （現場～仮置場） | D71: =T71 -> 土砂 | F71: 人力 | G71: =V71 -> 4.2 | K71: =SUM(I71:J71) -> 0 | L71: =SUM(O71:R71) -> 0 | O71: =IF($K71<1,ROUND($K71,1),0) -> 0 | P71: =IF(AND($K71>=1,$K71<10),ROUND($K71,0),0) -> 0 | Q71: =IF($K71>=10,ROUND($K71,-1),0) -> 0 | T71: 土砂 | U71: 人力 | V71: 4.2 | W71: ㎞
D72: =T72 -> 土砂 | F72: 機械 | G72: =V72 -> 4.2 | K72: =SUM(I72:J72) -> 0 | L72: =SUM(O72:R72) -> 0 | O72: =IF($K72<1,ROUND($K72,1),0) -> 0 | P72: =IF(AND($K72>=1,$K72<10),ROUND($K72,0),0) -> 0 | Q72: =IF($K72>=10,ROUND($K72,-1),0) -> 0 | T72: 土砂 | U72: 0.35 | V72: 4.2 | W72: ㎞
D73: =T73 -> 土砂 | F73: 機械 | G73: =V73 -> 4.2 | K73: =SUM(I73:J73) -> 0 | L73: =SUM(O73:R73) -> 0 | O73: =IF($K73<1,ROUND($K73,1),0) -> 0 | P73: =IF(AND($K73>=1,$K73<10),ROUND($K73,0),0) -> 0 | Q73: =IF($K73>=10,ROUND($K73,-1),0) -> 0 | T73: 土砂 | U73: 0.6 | V73: 4.2 | W73: ㎞
B74: 数量総括表（舗装工事-2）
B75: 舗装復旧工事・舗装工事
B77: =B4 -> 東白川特2高層配水池揚水管取替工事
B78: 名 称 | D78: 摘 要 | I78: 舗装本復旧 | J78: その他 | K78: 計 | L78: 設計書 | M78: 施工厚 （As+路盤) | O78: 数値基準
O79: 0.1 | P79: 1 | Q79: 10 | R79: 100
B80: (廃路盤材) 発生土処理 | C80: 土砂運搬 （現場～処分地） | D80: =T80 -> 廃路盤材 | F80: 人力 | G80: =V80 -> 0 | K80: =SUM(I80:J80) -> 0 | L80: =SUM(O80:R80) -> 0 | O80: =IF($K80<1,ROUND($K80,1),0) -> 0 | P80: =IF(AND($K80>=1,$K80<10),ROUND($K80,0),0) -> 0 | Q80: =IF($K80>=10,ROUND($K80,-1),0) -> 0 | T80: 廃路盤材 | U80: 人力 | W80: ㎞
D81: =T81 -> 廃路盤材 | F81: 機械 | G81: =V81 -> 0 | K81: =SUM(I81:J81) -> 0 | L81: =SUM(O81:R81) -> 0 | O81: =IF($K81<1,ROUND($K81,1),0) -> 0 | P81: =IF(AND($K81>=1,$K81<10),ROUND($K81,0),0) -> 0 | Q81: =IF($K81>=10,ROUND($K81,-1),0) -> 0 | T81: 廃路盤材 | U81: 0.35 | W81: ㎞
D82: =T82 -> 廃路盤材 | F82: 機械 | G82: =V82 -> 0 | K82: =SUM(I82:J82) -> 0 | L82: =SUM(O82:R82) -> 0 | O82: =IF($K82<1,ROUND($K82,1),0) -> 0 | P82: =IF(AND($K82>=1,$K82<10),ROUND($K82,0),0) -> 0 | Q82: =IF($K82>=10,ROUND($K82,-1),0) -> 0 | T82: 廃路盤材 | U82: 0.35 | W82: ㎞
D83: =T83 -> 廃路盤材 | F83: 機械 | G83: =V83 -> 0 | I83: ='舗装（土量）'!AD49 -> 311.9465 | K83: =SUM(I83:J83) -> 311.9465 | L83: =SUM(O83:R83) -> 310 | O83: =IF($K83<1,ROUND($K83,1),0) -> 0 | P83: =IF(AND($K83>=1,$K83<10),ROUND($K83,0),0) -> 0 | Q83: =IF($K83>=10,ROUND($K83,-1),0) -> 310 | T83: 廃路盤材 | U83: 0.6 | W83: ㎞
C84: 積込み | D84: 廃路盤材 | F84: 機械 | I84: =SUM(I77:I79) -> 0 | J84: =SUM(J77:J79) -> 0 | K84: =SUM(I84:J84) -> 0 | L84: =SUM(O84:R84) -> 0 | O84: =IF($K84<1,ROUND($K84,1),0) -> 0 | P84: =IF(AND($K84>=1,$K84<10),ROUND($K84,0),0) -> 0 | Q84: =IF(AND($K84>=10,$K84<1000),ROUND($K84,-1),0) -> 0 | R84: =IF($K84>=1000,ROUND($K84,-2),0) -> 0
C85: 土砂運搬 （仮置場～処分地） | D85: =T85 -> 廃路盤材 | F85: 機械 | G85: =V85 -> 0 | I85: =I84 -> 0 | J85: =J84 -> 0 | K85: =SUM(I85:J85) -> 0 | L85: =SUM(O85:R85) -> 0 | O85: =IF($K85<1,ROUND($K85,1),0) -> 0 | P85: =IF(AND($K85>=1,$K85<10),ROUND($K85,0),0) -> 0 | Q85: =IF($K85>=10,ROUND($K85,-1),0) -> 0 | T85: 廃路盤材 | U85: 人力 | W85: ㎞
D86: =T86 -> 0 | F86: 機械 | G86: =V86 -> 0 | K86: =SUM(I86:J86) -> 0 | L86: =SUM(O86:R86) -> 0 | O86: =IF($K86<1,ROUND($K86,1),0) -> 0 | P86: =IF(AND($K86>=1,$K86<10),ROUND($K86,0),0) -> 0 | Q86: =IF($K86>=10,ROUND($K86,-1),0) -> 0 | U86: 0.6 | W86: ㎞
B87: (土砂) 発生土処理 | C87: 土砂運搬 （現場～処分地） | D87: =T87 -> 土砂 | F87: 人力 | G87: =V87 -> 0 | K87: =SUM(I87:J87) -> 0 | L87: =SUM(O87:R87) -> 0 | O87: =IF($K87<1,ROUND($K87,1),0) -> 0 | P87: =IF(AND($K87>=1,$K87<10),ROUND($K87,0),0) -> 0 | Q87: =IF($K87>=10,ROUND($K87,-1),0) -> 0 | T87: 土砂 | U87: 人力 | W87: ㎞
D88: =T88 -> 土砂 | F88: 機械 | G88: =V88 -> 0 | K88: =SUM(I88:J88) -> 0 | L88: =SUM(O88:R88) -> 0 | O88: =IF($K88<1,ROUND($K88,1),0) -> 0 | P88: =IF(AND($K88>=1,$K88<10),ROUND($K88,0),0) -> 0 | Q88: =IF($K88>=10,ROUND($K88,-1),0) -> 0 | T88: 土砂 | U88: 0.35 | W88: ㎞
D89: =T89 -> 土砂 | F89: 機械 | G89: =V89 -> 0 | K89: =SUM(I89:J89) -> 0 | L89: =SUM(O89:R89) -> 0 | O89: =IF($K89<1,ROUND($K89,1),0) -> 0 | P89: =IF(AND($K89>=1,$K89<10),ROUND($K89,0),0) -> 0 | Q89: =IF($K89>=10,ROUND($K89,-1),0) -> 0 | T89: 土砂 | U89: 0.35 | W89: ㎞
D90: =T90 -> 土砂 | F90: 機械 | G90: =V90 -> 0 | I90: ='舗装（土量）'!AD59 -> 3.025 | K90: =SUM(I90:J90) -> 3.025 | L90: =SUM(O90:R90) -> 3 | O90: =IF($K90<1,ROUND($K90,1),0) -> 0 | P90: =IF(AND($K90>=1,$K90<10),ROUND($K90,0),0) -> 3 | Q90: =IF($K90>=10,ROUND($K90,-1),0) -> 0 | T90: 土砂 | U90: 0.6 | W90: ㎞
C91: 積込み | D91: 土砂 | F91: 機械 | I91: =SUM(I84:I86) -> 0 | J91: =SUM(J84:J86) -> 0 | K91: =SUM(I91:J91) -> 0 | L91: =SUM(O91:R91) -> 0 | O91: =IF($K91<1,ROUND($K91,1),0) -> 0 | P91: =IF(AND($K91>=1,$K91<10),ROUND($K91,0),0) -> 0 | Q91: =IF(AND($K91>=10,$K91<1000),ROUND($K91,-1),0) -> 0 | R91: =IF($K91>=1000,ROUND($K91,-2),0) -> 0
C92: 土砂運搬 （仮置場～処分地） | D92: =T92 -> 土砂 | F92: 機械 | G92: =V92 -> 0 | I92: =I91 -> 0 | J92: =J91 -> 0 | K92: =SUM(I92:J92) -> 0 | L92: =SUM(O92:R92) -> 0 | O92: =IF($K92<1,ROUND($K92,1),0) -> 0 | P92: =IF(AND($K92>=1,$K92<10),ROUND($K92,0),0) -> 0 | Q92: =IF($K92>=10,ROUND($K92,-1),0) -> 0 | T92: 土砂 | U92: 人力 | W92: ㎞
D93: =T93 -> 0 | F93: 機械 | G93: =V93 -> 0 | K93: =SUM(I93:J93) -> 0 | L93: =SUM(O93:R93) -> 0 | O93: =IF($K93<1,ROUND($K93,1),0) -> 0 | P93: =IF(AND($K93>=1,$K93<10),ROUND($K93,0),0) -> 0 | Q93: =IF($K93>=10,ROUND($K93,-1),0) -> 0 | U93: 0.6 | W93: ㎞
B94: 舗装復旧 | D94: 2-2 | G94: 掘削部 | H94: 3.0<W | I94: ='舗装（集計）'!F14 -> 324.92 | K94: =SUM(I94:J94) -> 324.92 | L94: =SUM(O94:R94) -> 325 | M94: 15 | O94: =IF($K94<1,ROUND($K94,1),0) -> 0 | P94: =IF(AND($K94>=1,$K94<1000),ROUND($K94,0),0) -> 325 | Q94: =IF($K94>=1000,ROUND($K94,-1),0) -> 0
D95: 2-2 | G95: 影響部 | H95: 3.0<W | I95: ='舗装（集計）'!F15 -> 728.88 | K95: =SUM(I95:J95) -> 728.88 | L95: =SUM(O95:R95) -> 729 | M95: 20 | O95: =IF($K95<1,ROUND($K95,1),0) -> 0 | P95: =IF(AND($K95>=1,$K95<1000),ROUND($K95,0),0) -> 729 | Q95: =IF($K95>=1000,ROUND($K95,-1),0) -> 0 | T95: 標 示 | U95: 内容 | V95: 実延長幅15cm | W95: 数量 | X95: 延長計 | Y95: 摘要
D96: 3 | G96: 掘削部 | H96: 3.0<W | I96: ='舗装（集計）'!G14 -> 1697.71 | K96: =SUM(I96:J96) -> 1697.71 | L96: =SUM(O96:R96) -> 1700 | M96: 10 | O96: =IF($K96<1,ROUND($K96,1),0) -> 0 | P96: =IF(AND($K96>=1,$K96<1000),ROUND($K96,0),0) -> 0 | Q96: =IF($K96>=1000,ROUND($K96,-1),0) -> 1700 | T96: ↷ | U96: 回転禁止 | V96: 12.19 | X96: =ROUNDDOWN(V96*W96,1) -> 0
D97: 3 | G97: 影響部 | H97: 3.0<W | I97: ='舗装（集計）'!G15 -> 3122.29 | K97: =SUM(I97:J97) -> 3122.29 | L97: =SUM(O97:R97) -> 3120 | M97: 15 | O97: =IF($K97<1,ROUND($K97,1),0) -> 0 | P97: =IF(AND($K97>=1,$K97<1000),ROUND($K97,0),0) -> 0 | Q97: =IF($K97>=1000,ROUND($K97,-1),0) -> 3120 | T97: × | U97: 〃 | V97: 9.47 | X97: =ROUNDDOWN(V97*W97,1) -> 0
D98: 7 | G98: 掘削部 | H98: 3.0<W | I98: ='舗装（集計）'!H14 -> 58.89 | K98: =SUM(I98:J98) -> 58.89 | L98: =SUM(O98:R98) -> 59 | M98: 15 | O98: =IF($K98<1,ROUND($K98,1),0) -> 0 | P98: =IF(AND($K98>=1,$K98<1000),ROUND($K98,0),0) -> 59 | Q98: =IF($K98>=1000,ROUND($K98,-1),0) -> 0 | T98: 20 | U98: 速度文字 | V98: 15.1 | X98: =ROUNDDOWN(V98*W98,1) -> 0
D99: 7 | G99: 影響部 | H99: 3.0<W | I99: ='舗装（集計）'!H15 -> 118.71 | K99: =SUM(I99:J99) -> 118.71 | L99: =SUM(O99:R99) -> 119 | M99: 20 | O99: =IF($K99<1,ROUND($K99,1),0) -> 0 | P99: =IF(AND($K99>=1,$K99<1000),ROUND($K99,0),0) -> 119 | Q99: =IF($K99>=1000,ROUND($K99,-1),0) -> 0 | T99: 30 | U99: 〃 | V99: 15.7 | X99: =ROUNDDOWN(V99*W99,1) -> 0
D100: 10 | G100: 掘削部 | H100: 2.4≦W | I100: ='舗装（集計）'!F31 -> 3.36 | K100: =SUM(I100:J100) -> 3.36 | L100: =SUM(O100:R100) -> 3 | M100: 4 | O100: =IF($K100<1,ROUND($K100,1),0) -> 0 | P100: =IF(AND($K100>=1,$K100<1000),ROUND($K100,0),0) -> 3 | Q100: =IF($K100>=1000,ROUND($K100,-1),0) -> 0 | T100: 40 | U100: 〃 | V100: 19.1 | X100: =ROUNDDOWN(V100*W100,1) -> 0
D101: 10 | G101: 影響部 | H101: 2.4≦W | I101: ='舗装（集計）'!F32 -> 0.34 | K101: =SUM(I101:J101) -> 0.34 | L101: =SUM(O101:R101) -> 0.3 | M101: 9 | O101: =IF($K101<1,ROUND($K101,1),0) -> 0.3 | P101: =IF(AND($K101>=1,$K101<1000),ROUND($K101,0),0) -> 0 | Q101: =IF($K101>=1000,ROUND($K101,-1),0) -> 0 | T101: 50 | U101: 〃 | V101: 17.9 | X101: =ROUNDDOWN(V101*W101,1) -> 0
D102: 10乗→10-1乗 | G102: 掘削部 | H102: 2.4≦W | I102: ='舗装（集計）'!G31 -> 6.8 | K102: =SUM(I102:J102) -> 6.8 | L102: =SUM(O102:R102) -> 7 | M102: 10 | O102: =IF($K102<1,ROUND($K102,1),0) -> 0 | P102: =IF(AND($K102>=1,$K102<1000),ROUND($K102,0),0) -> 7 | Q102: =IF($K102>=1000,ROUND($K102,-1),0) -> 0 | T102: 60 | U102: 〃 | V102: 21 | X102: =ROUNDDOWN(V102*W102,1) -> 0
...

Sheet 延長表
AG2: 掘削幅
AG3: 矢板無 | AJ3: 矢板有
AG4: 口径 | AJ4: 口径
AH5: 新設 | AI5: 取替・撤去 | AK5: 新設 | AL5: 取替・撤去
AG6: PEφ50 | AH6: 0.6 | AI6: 0.6 | AJ6: PEφ50 | AK6: 0.9
AG7: PEφ75 | AH7: 0.6 | AI7: 0.6 | AJ7: PEφ75 | AK7: 0.9
AG8: 75 | AH8: 0.6 | AI8: 0.8 | AJ8: 75 | AK8: 0.9 | AL8: 0.9
AG9: 100 | AH9: 0.6 | AI9: 0.8 | AJ9: 100 | AK9: 0.9 | AL9: 0.9
AG10: 150 | AH10: 0.6 | AI10: 0.8 | AJ10: 150 | AK10: 0.9 | AL10: 0.9
AG11: 200 | AH11: 0.6 | AI11: 0.8 | AJ11: 200 | AK11: 0.9 | AL11: 0.9
AG12: 300 | AH12: 0.7 | AI12: 0.8 | AJ12: 300 | AK12: 0.9 | AL12: 0.9
AG13: 400 | AJ13: 400 | AK13: 1 | AL13: 1
AG14: 500 | AJ14: 500 | AK14: 1.1 | AL14: 1.1
AG15: 600 | AJ15: 600 | AK15: 1.2 | AL15: 1.2
AG16: 700 | AJ16: 700 | AK16: 1.5 | AL16: 1.5
AG17: 800 | AJ17: 800 | AK17: 1.6 | AL17: 1.6
AG18: 900 | AJ18: 900 | AK18: 1.9 | AL18: 1.9
B29: ■延長表 | T29: 工事名： | U29: =表紙!$C$2 -> 東白川特2高層配水池揚水管取替工事
B30: 口 径 | E30: 矢板 有無 | F30: 掘削幅 | G30: 土工延長 | H30: 舗装別掘削延長 | T30: 据付・撤去延長 | V30: 弁栓類室 据付・撤去工 | AD30: 連 絡 箇 所
H31: 車 道 | N31: 歩 道 | S31: 合 計 | T31: 据 付 | U31: 撤 去 | V31: 据 付 | AA31: 撤 去
H32: 2-2号工 | I32: 3号工 | J32: 7号工 | M32: 計 | N32: １０号工 | O32: 10乗→10-1乗 | P32: 10→10-1号工 | R32: 計 | V32: 電送ピット | W32: 空気弁 | X32: 仕切弁（車） | Y32: 仕切弁（歩） | AA32: 電送ピット | AB32: 空気弁 | AC32: 仕切弁
B33: ■一般部
B34: SP300A | C34: =IF(B34="","","→") -> → | D34: SP300A | E34: 有 | F34: 0.9 | G34: =S34 -> 1.5 | J34: 1.5 | M34: =SUM(H34:L34) -> 1.5 | R34: =SUM(N34:Q34) -> 0 | S34: =M34+R34 -> 1.5 | T34: =S34-AD34*0.5 -> 1 | U34: =S34-AD34*0.5 -> 1 | W34: 1 | AB34: 1 | AD34: 1
B35: SP300A | C35: =IF(B35="","","→") -> → | D35: SP400A | E35: 有 | F35: 1 | G35: =S35 -> 233.5 | I35: 206.3 | J35: 27.2 | M35: =SUM(H35:L35) -> 233.5 | R35: =SUM(N35:Q35) -> 0 | S35: =M35+R35 -> 233.5 | T35: =S35-AD35*0.5 -> 233.5 | U35: =S35-AD35*0.5 -> 233.5 | V35: 1 | W35: 2
B36: SP300A | C36: =IF(B36="","","→") -> → | D36: 400 | E36: 有 | F36: 1 | G36: =S36 -> 86.6 | H36: 5.6 | I36: 78.2 | J36: 2.8 | M36: =SUM(H36:L36) -> 86.6 | R36: =SUM(N36:Q36) -> 0 | S36: =M36+R36 -> 86.6 | T36: =S36-AD36*0.5 -> 86.6 | U36: =S36-AD36*0.5 -> 86.6 | AA36: 1
B37: SP400A | C37: =IF(B37="","","→") -> → | D37: 400 | E37: 有 | F37: 1 | G37: =S37 -> 448.03 | I37: 448.03 | M37: =SUM(H37:L37) -> 448.03 | R37: =SUM(N37:Q37) -> 0 | S37: =M37+R37 -> 448.03 | T37: =S37-AD37*0.8 -> 448.03 | U37: =S37-AD37*0.8 -> 448.03 | V37: 7 | W37: 7 | AA37: 4 | AB37: 1
F38: =IF(B38="",0,IF(E38="有",MAX(VLOOKUP(B38,掘削幅矢板,3,FALSE),VLOOKUP(D38,掘削幅矢板,2,FALSE)),MAX(VLOOKUP(B38,掘削幅,3,FALSE),VLOOKUP(D38,掘削幅,2,FALSE)))) -> 0 | G38: =S38 -> 0 | M38: =SUM(H38:L38) -> 0 | R38: =SUM(N38:Q38) -> 0 | S38: =M38+R38 -> 0
B39: 電送管φ80×2 | G39: =S39 -> 0 | M39: =SUM(H39:L39) -> 0 | R39: =SUM(N39:Q39) -> 0 | S39: =M39+R39 -> 0 | T39: =4.7*2 -> 9.4
B40: 電送管φ80×2 | G40: =S40 -> 0 | M40: =SUM(H40:L40) -> 0 | R40: =SUM(N40:Q40) -> 0 | S40: =M40+R40 -> 0 | T40: =(233.5+86.6+446.8)*2 -> 1533.8
B41: ■新設部
B42: SP80A | E42: 有 | F42: 0.9 | G42: =S42 -> 1.6 | I42: 1.6 | M42: =SUM(H42:L42) -> 1.6 | R42: =SUM(N42:Q42) -> 0 | S42: =M42+R42 -> 1.6 | T42: =S42-AD42*0.5 -> 1.1 | AD42: 1
B43: SP400A | E43: 有 | F43: 1 | G43: =S43 -> 225.8 | I43: 222.1 | J43: 3.7 | M43: =SUM(H43:L43) -> 225.8 | R43: =SUM(N43:Q43) -> 0 | S43: =M43+R43 -> 225.8 | T43: =S43 -> 225.8 | V43: 6 | W43: 1
B44: 400 | E44: 有 | F44: =IF(B44="",0,IF(E44="有",VLOOKUP(B44,掘削幅矢板,2,FALSE),VLOOKUP(B44,掘削幅,2,FALSE))) -> 1 | G44: =S44 -> 105.2 | H44: 72.3 | I44: 21.2 | M44: =SUM(H44:L44) -> 93.5 | O44: 2.7 | P44: 9 | R44: =SUM(N44:Q44) -> 11.7 | S44: =M44+R44 -> 105.2 | T44: =S44-X44*0.47-Y44*0.47-AD44*0.8 -> 103.46 | V44: 3 | W44: 2 | X44: 1 | Y44: 1 | AD44: 1
B45: 200 | F45: =IF(B45="",0,IF(E45="有",VLOOKUP(B45,掘削幅矢板,2,FALSE),VLOOKUP(B45,掘削幅,2,FALSE))) -> 0.6 | G45: =S45 -> 42.09 | I45: 34.75 | M45: =SUM(H45:L45) -> 34.75 | P45: 7.34 | R45: =SUM(N45:Q45) -> 7.34 | S45: =M45+R45 -> 42.09 | T45: =S45-X45*0.3-Y45*0.3-AD45*0.5 -> 41.19 | X45: 2 | Y45: 1
B46: 300 | F46: =IF(B46="",0,IF(E46="有",VLOOKUP(B46,掘削幅矢板,2,FALSE),VLOOKUP(B46,掘削幅,2,FALSE))) -> 0.7 | G46: =S46 -> 1.515 | I46: 1.01 | M46: =SUM(H46:L46) -> 1.01 | P46: 0.505 | R46: =SUM(N46:Q46) -> 0.505 | S46: =M46+R46 -> 1.515 | T46: =S46-X46*0.4-Y46*0.4-AD46*0.5 -> 1.515
F47: =IF(B47="",0,IF(E47="有",VLOOKUP(B47,掘削幅矢板,2,FALSE),VLOOKUP(B47,掘削幅,2,FALSE))) -> 0 | G47: =S47 -> 0 | M47: =SUM(H47:L47) -> 0 | R47: =SUM(N47:Q47) -> 0 | S47: =M47+R47 -> 0
B48: 電送管φ80×2 | G48: =S48 -> 0 | M48: =SUM(H48:L48) -> 0 | R48: =SUM(N48:Q48) -> 0 | S48: =M48+R48 -> 0 | T48: =(214.1+93.7)*2 -> 615.6
B49: ■撤去部
B50: SP250A | F50: 0.8 | G50: =S50 -> 3 | H50: 3 | M50: =SUM(H50:L50) -> 3 | R50: =SUM(N50:Q50) -> 0 | S50: =M50+R50 -> 3 | U50: =S50-AD50*0.5 -> 2.5 | AD50: 1
B51: SP300A | F51: 0.8 | G51: =S51 -> 703.3 | H51: 229.9 | I51: 441.4 | J51: 29.8 | M51: =SUM(H51:L51) -> 701.1 | N51: 2.2 | R51: =SUM(N51:Q51) -> 2.2 | S51: =M51+R51 -> 703.3 | U51: =S51-AD51*0.5 -> 702.3 | AA51: 2 | AB51: 3 | AD51: 2
B52: SP400A | E52: 有 | F52: 1 | G52: =S52 -> 12.8 | H52: 5.1 | I52: 3.6 | M52: =SUM(H52:L52) -> 8.7 | O52: 4.1 | R52: =SUM(N52:Q52) -> 4.1 | S52: =M52+R52 -> 12.8 | U52: =S52-AD52*0.8 -> 11.2 | AD52: 2
B53: 電送管φ82×2 | G53: =S53 -> 0 | M53: =SUM(H53:L53) -> 0 | R53: =SUM(N53:Q53) -> 0 | S53: =M53+R53 -> 0 | U53: =(21.9+183.9)*2 -> 411.6
B54: 電送管φ82×2 | G54: =S54 -> 0 | M54: =SUM(H54:L54) -> 0 | R54: =SUM(N54:Q54) -> 0 | S54: =M54+R54 -> 0 | U54: =(3.6+5.6+87.6)*2 -> 193.6
B55: 電送管φ82×2 | F55: 0.8 | G55: =S55 -> 499.2 | H55: 69.5 | I55: 427.7 | M55: =SUM(H55:L55) -> 497.2 | N55: 2 | R55: =SUM(N55:Q55) -> 2 | S55: =M55+R55 -> 499.2 | U55: =S55*2 -> 998.4 | AA55: 10
B56: 電送管φ82×4 | F56: 0.8 | G56: =S56 -> 309.2 | I56: 274.4 | J56: 34.8 | M56: =SUM(H56:L56) -> 309.2 | R56: =SUM(N56:Q56) -> 0 | S56: =M56+R56 -> 309.2 | U56: =S56*4 -> 1236.8 | AA56: 4
B57: 合 計 | G57: =SUM(G34:G56) -> 2673.335 | H57: =SUM(H34:H56) -> 385.4 | I57: =SUM(I34:I56) -> 2160.29 | J57: =SUM(J34:J56) -> 99.8 | K57: =SUM(K34:K56) -> 0 | L57: =SUM(L34:L56) -> 0 | M57: =SUM(M34:M56) -> 2645.49 | N57: =SUM(N34:N56) -> 4.2 | ... AD57: =SUM(AD34:AD56) -> 8
B58: ■給水付替
F59: 0.6 | G59: =S59 -> 0 | M59: =SUM(H59:L59) -> 0 | R59: =SUM(N59:Q59) -> 0 | S59: =M59+R59 -> 0
B60: ■給水2度堀
B61: 本管側 | M61: =SUM(H61:L61) -> 0 | R61: =SUM(N61:Q61) -> 0 | S61: =M61+R61 -> 0
B62: 止水側 | M62: =SUM(H62:L62) -> 0 | R62: =SUM(N62:Q62) -> 0 | S62: =M62+R62 -> 0
B63: ■仮配水管
B64: φ100以下 | F64: 0.4 | M64: =SUM(H64:L64) -> 0 | R64: =SUM(N64:Q64) -> 0 | S64: =M64+R64 -> 0
F65: 0.4 | M65: =SUM(H65:L65) -> 0 | R65: =SUM(N65:Q65) -> 0 | S65: =M65+R65 -> 0

Sheet 試掘（舗50
A1: =IF(AK43="×","■試験掘（PEφ50～φ300）【新設】 （PEφ50～PEφ75）【取替】 舗装復旧積算用集計表","■試験掘（PEφ50～φ300）【新設】（PEφ50～φ75）【取替】 舗装復旧積算用集計表No.1") -> ■試験掘（PEφ50～φ300）【新設】 （PEφ50～PEφ75）【取替】 舗装復旧積算用集計表 | L1: 工事名： | O1: =表紙!C2 -> 東白川特2高層配水池揚水管取替工事 | U1: =IF(AK43="×","二枚目使用する時は印刷範囲へ(※掘削延長を入力すると１Pも含め様式変換されます)","■試験掘（ＰＥφ50～φ150）【新設】 舗装復旧積算用集計表No.2") -> 二枚目使用する時は印刷範囲へ(※掘削延長を入力すると１Pも含め様式変換されます) | AF1: 工事名： | AI1: □□（○○）配水管取替工事
B2: =IF(AK43="×","□掘削面積","□掘削面積No.1") -> □掘削面積 | M2: =IF(AK43="×","□舗装切断工","□舗装切断工No.1") -> □舗装切断工 | V2: □掘削面積No.2 | AG2: □舗装切断工No.2
C3: 在来舗装 | E3: 3 | H3: 10→10-1 | N3: 種別・舗装厚 | P3: 合 計 | Q3: 種別・舗装厚 | S3: 合 計 | W3: 在来舗装 | Y3: 3 | AB3: 10 | AH3: 種別・舗装厚 | AJ3: 合 計 | AK3: 種別・舗装厚 | AM3: 合 計
C4: 復旧号工 | E4: 5 | H4: 5 | N4: As | O4: t≦15 | P4: =F43+F47+F51+F55+F59+F63 -> 3.6 | Q4: Co | R4: t≦15 | S4: =I43+I47+I51+I55+I59+I63 -> 0 | W4: 復旧号工 | Y4: 5 | AB4: 5 | AH4: As | AI4: t≦15 | AJ4: =Z43+Z47+Z51+Z55+Z59+Z63 -> 0 | AK4: Co | AL4: t≦15 | AM4: =AC43+AC47+AC51+AC55+AC59+AC63 -> 0
C5: 区 分 | E5: 車 道 | H5: 歩 道 | N5: As | O5: 15<t≦30 | P5: =F44+F48+F52+F56+F60+F64 -> 0 | Q5: Co | R5: 15<t≦30 | S5: =I44+I48+I52+I56+I60+I64 -> 0 | W5: 区 分 | Y5: 車 道 | AB5: 歩 道 | AH5: As | AI5: 15<t≦30 | AJ5: =Z44+Z48+Z52+Z56+Z60+Z64 -> 0 | AK5: Co | AL5: 15<t≦30 | AM5: =AC44+AC48+AC52+AC56+AC60+AC64 -> 0
C6: 施工区分 | E6: 昼間施工 | H6: 昼間施工 | N6: As | O6: 30<t≦40 | P6: =F45+F49+F53+F57+F61+F65 -> 0 | W6: 施工区分 | Y6: 昼間施工 | AB6: 昼間施工 | AH6: As | AI6: 30<t≦40 | AJ6: =Z45+Z49+Z53+Z57+Z61+Z65 -> 0
C7: 管布設延長 | E7: =延長表!I45 -> 34.75 | F7: 20 | G7: =ROUNDUP(E7/F7,0) -> 2 | H7: =延長表!P45 -> 7.34 | I7: 20 | J7: =ROUNDUP(H7/I7,0) -> 1 | W7: 管布設延長 | Z7: 20 | AA7: =ROUNDUP(Y7/Z7,0) -> 0 | AC7: 20 | AD7: =ROUNDUP(AB7/AC7,0) -> 0
C8: 掘削面積 | E8: =G7 -> 2 | F8: 0.6 | G8: =ROUND(E8*F8,2) -> 1.2 | H8: =J7 -> 1 | I8: 0.6 | J8: =ROUND(H8*I8,2) -> 0.6 | W8: 掘削面積 | Y8: =AA7 -> 0 | Z8: 0.6 | AA8: =ROUND(Y8*Z8,2) -> 0 | AB8: =AD7 -> 0 | AC8: 0.6 | AD8: =ROUND(AB8*AC8,2) -> 0
C9: 合 計 | E9: =SUM(G8:G8) -> 1.2 | H9: =SUM(J8:J8) -> 0.6 | M9: =IF(AK43="×","□舗装版破砕工（人力）","□舗装版破砕工（人力）No.1") -> □舗装版破砕工（人力） | W9: 合 計 | Y9: =SUM(AA8:AA8) -> 0 | AB9: =SUM(AD8:AD8) -> 0 | AG9: □舗装版破砕工（人力）No.2
C10: 舗装版破砕工 | E10: As | H10: As | N10: 種別・舗装厚 | P10: 合 計 | Q10: 種別・舗装厚 | S10: 合 計 | W10: 舗装版破砕工 | Y10: As | AB10: As | AH10: 種別・舗装厚 | AJ10: 合 計 | AK10: 種別・舗装厚 | AM10: 合 計
E11: 10 | H11: 4 | N11: As | O11: =IF(MAX($E$381:$E$420)<ROW()-10,"",INDEX($D$381:$D$420,MATCH(ROW()-10,$E$381:$E$420,0),1)) -> 4 | P11: =SUMIF($D$381:$D$420,O11,$F$381:$F$420) -> 0.6 | Q11: Co | R11: =IF(MAX($G$381:$G$420)<ROW()-10,"",INDEX($D$381:$D$420,MATCH(ROW()-10,$G$381:$G$420,0),1)) | S11: =SUMIF($D$381:$D$420,R11,$H$381:$H$420) -> 0 | Y11: 10 | AB11: 4 | AH11: As | AI11: =IF(MAX($Y$381:$Y$420)<ROW()-10,"",INDEX($X$381:$X$420,MATCH(ROW()-10,$Y$381:$Y$420,0),1)) | AJ11: =SUMIF($X$381:$X$420,AI11,$Z$381:$Z$420) -> 0 | AK11: Co | AL11: =IF(MAX($AA$381:$AA$420)<ROW()-10,"",INDEX($X$381:$X$420,MATCH(ROW()-10,$AA$381:$AA$420,0),1)) | AM11: =SUMIF($X$381:$X$420,AL11,$AB$381:$AB$420) -> 0
C12: 先行路盤 | E12: 発生土（再使用） | N12: As | O12: =IF(MAX($E$381:$E$420)<ROW()-10,"",INDEX($D$381:$D$420,MATCH(ROW()-10,$E$381:$E$420,0),1)) -> 10 | P12: =SUMIF($D$381:$D$420,O12,$F$381:$F$420) -> 1.2 | Q12: Co | R12: =IF(MAX($G$381:$G$420)<ROW()-10,"",INDEX($D$381:$D$420,MATCH(ROW()-10,$G$381:$G$420,0),1)) | S12: =SUMIF($D$381:$D$420,R12,$H$381:$H$420) -> 0 | W12: 先行路盤 | Y12: 発生土（再使用） | AB12: 発生土（再使用） | AH12: As | AI12: =IF(MAX($Y$381:$Y$420)<ROW()-10,"",INDEX($X$381:$X$420,MATCH(ROW()-10,$Y$381:$Y$420,0),1)) | AJ12: =SUMIF($X$381:$X$420,AI12,$Z$381:$Z$420) -> 0 | AK12: Co | AL12: =IF(MAX($AA$381:$AA$420)<ROW()-10,"",INDEX($X$381:$X$420,MATCH(ROW()-10,$AA$381:$AA$420,0),1)) | AM12: =SUMIF($X$381:$X$420,AL12,$AB$381:$AB$420) -> 0
E13: 25 | N13: As | O13: =IF(MAX($E$381:$E$420)<ROW()-10,"",INDEX($D$381:$D$420,MATCH(ROW()-10,$E$381:$E$420,0),1)) | P13: =SUMIF($D$381:$D$420,O13,$F$381:$F$420) -> 0 | Q13: Co | R13: =IF(MAX($G$381:$G$420)<ROW()-10,"",INDEX($D$381:$D$420,MATCH(ROW()-10,$G$381:$G$420,0),1)) | S13: =SUMIF($D$381:$D$420,R13,$H$381:$H$420) -> 0 | Y13: 25 | AB13: 10 | AH13: As | AI13: =IF(MAX($Y$381:$Y$420)<ROW()-10,"",INDEX($X$381:$X$420,MATCH(ROW()-10,$Y$381:$Y$420,0),1)) | AJ13: =SUMIF($X$381:$X$420,AI13,$Z$381:$Z$420) -> 0 | AK13: Co | AL13: =IF(MAX($AA$381:$AA$420)<ROW()-10,"",INDEX($X$381:$X$420,MATCH(ROW()-10,$AA$381:$AA$420,0),1)) | AM13: =SUMIF($X$381:$X$420,AL13,$AB$381:$AB$420) -> 0
C14: 仮復旧 | E14: 5 | H14: 4 | N14: As | O14: =IF(MAX($E$381:$E$420)<ROW()-10,"",INDEX($D$381:$D$420,MATCH(ROW()-10,$E$381:$E$420,0),1)) | P14: =SUMIF($D$381:$D$420,O14,$F$381:$F$420) -> 0 | Q14: Co | R14: =IF(MAX($G$381:$G$420)<ROW()-10,"",INDEX($D$381:$D$420,MATCH(ROW()-10,$G$381:$G$420,0),1)) | S14: =SUMIF($D$381:$D$420,R14,$H$381:$H$420) -> 0 | W14: 仮復旧 | Y14: 5 | AB14: 4 | AH14: As | AI14: =IF(MAX($Y$381:$Y$420)<ROW()-10,"",INDEX($X$381:$X$420,MATCH(ROW()-10,$Y$381:$Y$420,0),1)) | AJ14: =SUMIF($X$381:$X$420,AI14,$Z$381:$Z$420) -> 0 | AK14: Co | AL14: =IF(MAX($AA$381:$AA$420)<ROW()-10,"",INDEX($X$381:$X$420,MATCH(ROW()-10,$AA$381:$AA$420,0),1)) | AM14: =SUMIF($X$381:$X$420,AL14,$AB$381:$AB$420) -> 0
C15: 在来舗装 | N15: As | O15: =IF(MAX($E$381:$E$420)<ROW()-10,"",INDEX($D$381:$D$420,MATCH(ROW()-10,$E$381:$E$420,0),1)) | P15: =SUMIF($D$381:$D$420,O15,$F$381:$F$420) -> 0 | Q15: Co | R15: =IF(MAX($G$381:$G$420)<ROW()-10,"",INDEX($D$381:$D$420,MATCH(ROW()-10,$G$381:$G$420,0),1)) | S15: =SUMIF($D$381:$D$420,R15,$H$381:$H$420) -> 0 | W15: 在来舗装 | Y15: 2 | AH15: As | AI15: =IF(MAX($Y$381:$Y$420)<ROW()-10,"",INDEX($X$381:$X$420,MATCH(ROW()-10,$Y$381:$Y$420,0),1)) | AJ15: =SUMIF($X$381:$X$420,AI15,$Z$381:$Z$420) -> 0 | AK15: Co | AL15: =IF(MAX($AA$381:$AA$420)<ROW()-10,"",INDEX($X$381:$X$420,MATCH(ROW()-10,$AA$381:$AA$420,0),1)) | AM15: =SUMIF($X$381:$X$420,AL15,$AB$381:$AB$420) -> 0
C16: 復旧号工 | N16: As | O16: =IF(MAX($E$381:$E$420)<ROW()-10,"",INDEX($D$381:$D$420,MATCH(ROW()-10,$E$381:$E$420,0),1)) | P16: =SUMIF($D$381:$D$420,O16,$F$381:$F$420) -> 0 | Q16: Co | R16: =IF(MAX($G$381:$G$420)<ROW()-10,"",INDEX($D$381:$D$420,MATCH(ROW()-10,$G$381:$G$420,0),1)) | S16: =SUMIF($D$381:$D$420,R16,$H$381:$H$420) -> 0 | W16: 復旧号工 | Y16: 5 | AH16: As | AI16: =IF(MAX($Y$381:$Y$420)<ROW()-10,"",INDEX($X$381:$X$420,MATCH(ROW()-10,$Y$381:$Y$420,0),1)) | AJ16: =SUMIF($X$381:$X$420,AI16,$Z$381:$Z$420) -> 0 | AK16: Co | AL16: =IF(MAX($AA$381:$AA$420)<ROW()-10,"",INDEX($X$381:$X$420,MATCH(ROW()-10,$AA$381:$AA$420,0),1)) | AM16: =SUMIF($X$381:$X$420,AL16,$AB$381:$AB$420) -> 0
C17: 区 分 | W17: 区 分 | Y17: 車 道
C18: 施工区分 | W18: 施工区分 | Y18: 昼間施工
C19: 管布設延長 | F19: 20 | G19: =ROUNDUP(E19/F19,0) -> 0 | I19: 20 | J19: =ROUNDUP(H19/I19,0) -> 0 | M19: □殻運搬(総計) | W19: 管布設延長 | Z19: 20 | AA19: =ROUNDUP(Y19/Z19,0) -> 0 | AC19: 20 | AD19: =ROUNDUP(AB19/AC19,0) -> 0
C20: 掘削面積 | E20: =G19 -> 0 | F20: 0.6 | G20: =ROUND(E20*F20,2) -> 0 | H20: =J19 -> 0 | I20: 0.6 | J20: =ROUND(H20*I20,2) -> 0 | N20: 種 別 | P20: 合 計 | Q20: 種 別 | S20: 合 計 | W20: 掘削面積 | Y20: =AA19 -> 0 | Z20: 0.6 | AA20: =ROUND(Y20*Z20,2) -> 0 | AB20: =AD19 -> 0 | AC20: 0.6 | AD20: =ROUND(AB20*AC20,2) -> 0
C21: 合 計 | E21: =SUM(G20:G20) -> 0 | H21: =SUM(J20:J20) -> 0 | N21: As（車道） | P21: =SUMPRODUCT($X$336:$X$375,$Z$336:$Z$375)/100+SUMPRODUCT($D$336:$D$375,$F$336:$F$375)/100 -> 0.12 | Q21: Co | S21: =SUMPRODUCT($X$381:$X$420,$AB$381:$AB$420)/100+SUMPRODUCT($D$381:$D$420,$H$381:$H$420)/100 -> 0 | W21: 合 計 | Y21: =SUM(AA20:AA20) -> 0 | AB21: =SUM(AD20:AD20) -> 0
C22: 舗装版破砕工 | N22: As（歩道） | P22: =SUMPRODUCT($X$336:$X$375,$Y$336:$Y$375)/100+SUMPRODUCT($D$336:$D$375,$E$336:$E$375)/100 -> 0.024 | Q22: 全種 | S22: =IF($Q$22="全種",$P$21+$S$21+$P$22,"0")+IF($Q$22="As（車道）＋As（歩道）",$P$21+$P$22,"0")+IF($Q$22="As（車道）＋Co",$P$21+$S$21,"0")+IF($Q$22="As（歩道）＋Co",$P$22+$S$21,"0") -> 0.144 | W22: 舗装版破砕工 | Y22: As | AB22: As
Y23: 15 | AB23: 10
C24: 先行路盤 | M24: =IF(AK43="×","□先行路盤（再使用）","□先行路盤（再使用）No.1") -> □先行路盤（再使用） | W24: 先行路盤 | Y24: 発生土（再使用） | AB24: 発生土（再使用） | AG24: □先行路盤（再使用）No.2
N25: 種別・路盤厚 | P25: 合 計 | Q25: 種別・路盤厚 | S25: 合 計 | Y25: 50 | AB25: 25 | AH25: 種別・路盤厚 | AJ25: 合 計 | AK25: 種別・路盤厚 | AM25: 合 計
C26: 仮復旧 | N26: 再使用 | O26: =IF(MAX($I$617:$I$676)<ROW()-25,"",INDEX($H$617:$H$676,MATCH(ROW()-25,$I$617:$I$676,0),1)) -> 25 | P26: =SUMIF($H$618:$H$677,O26,$J$618:$J$677) -> 1.2 | W26: 仮復旧 | Y26: 10 | AB26: 5 | AH26: 再使用 | AI26: =IF(MAX($AC$618:$AC$677)<ROW()-25,"",INDEX($AB$618:$AB$677,MATCH(ROW()-25,$AC$618:$AC$677,0),1)) | AJ26: =SUMIF($AB$618:$AB$677,AI26,$AD$618:$AD$677) -> 0
C27: 在来舗装 | N27: 再使用 | O27: =IF(MAX($I$617:$I$676)<ROW()-25,"",INDEX($H$617:$H$676,MATCH(ROW()-25,$I$617:$I$676,0),1)) | P27: =SUMIF($H$618:$H$677,O27,$J$618:$J$677) -> 0 | W27: 在来舗装 | AH27: 再使用 | AI27: =IF(MAX($AC$618:$AC$677)<ROW()-25,"",INDEX($AB$618:$AB$677,MATCH(ROW()-25,$AC$618:$AC$677,0),1)) | AJ27: =SUMIF($AB$618:$AB$677,AI27,$AD$618:$AD$677) -> 0
C28: 復旧号工 | N28: 再使用 | O28: =IF(MAX($I$617:$I$676)<ROW()-25,"",INDEX($H$617:$H$676,MATCH(ROW()-25,$I$617:$I$676,0),1)) | P28: =SUMIF($H$618:$H$677,O28,$J$618:$J$677) -> 0 | W28: 復旧号工 | AH28: 再使用 | AI28: =IF(MAX($AC$618:$AC$677)<ROW()-25,"",INDEX($AB$618:$AB$677,MATCH(ROW()-25,$AC$618:$AC$677,0),1)) | AJ28: =SUMIF($AB$618:$AB$677,AI28,$AD$618:$AD$677) -> 0
C29: 区 分 | N29: 再使用 | O29: =IF(MAX($I$617:$I$676)<ROW()-25,"",INDEX($H$617:$H$676,MATCH(ROW()-25,$I$617:$I$676,0),1)) | P29: =SUMIF($H$618:$H$677,O29,$J$618:$J$677) -> 0 | W29: 区 分 | Y29: 車 道 | AB29: 車 道 | AH29: 再使用 | AI29: =IF(MAX($AC$618:$AC$677)<ROW()-25,"",INDEX($AB$618:$AB$677,MATCH(ROW()-25,$AC$618:$AC$677,0),1)) | AJ29: =SUMIF($AB$618:$AB$677,AI29,$AD$618:$AD$677) -> 0
C30: 施工区分 | N30: 再使用 | O30: =IF(MAX($I$617:$I$676)<ROW()-25,"",INDEX($H$617:$H$676,MATCH(ROW()-25,$I$617:$I$676,0),1)) | P30: =SUMIF($H$618:$H$677,O30,$J$618:$J$677) -> 0 | W30: 施工区分 | Y30: 昼間施工 | AB30: 昼間施工 | AH30: 再使用 | AI30: =IF(MAX($AC$618:$AC$677)<ROW()-25,"",INDEX($AB$618:$AB$677,MATCH(ROW()-25,$AC$618:$AC$677,0),1)) | AJ30: =SUMIF($AB$618:$AB$677,AI30,$AD$618:$AD$677) -> 0
C31: 管布設延長 | F31: 20 | G31: =ROUNDUP(E31/F31,0) -> 0 | I31: 20 | J31: =ROUNDUP(H31/I31,0) -> 0 | N31: 再使用 | O31: =IF(MAX($I$617:$I$676)<ROW()-25,"",INDEX($H$617:$H$676,MATCH(ROW()-25,$I$617:$I$676,0),1)) | P31: =SUMIF($H$618:$H$677,O31,$J$618:$J$677) -> 0 | W31: 管布設延長 | Z31: 20 | AA31: =ROUNDUP(Y31/Z31,0) -> 0 | AC31: 20 | AD31: =ROUNDUP(AB31/AC31,0) -> 0 | AH31: 再使用 | AI31: =IF(MAX($AC$618:$AC$677)<ROW()-25,"",INDEX($AB$618:$AB$677,MATCH(ROW()-25,$AC$618:$AC$677,0),1)) | AJ31: =SUMIF($AB$618:$AB$677,AI31,$AD$618:$AD$677) -> 0
C32: 掘削面積 | E32: =G31 -> 0 | F32: 0.6 | G32: =ROUND(E32*F32,2) -> 0 | H32: =J31 -> 0 | I32: 0.6 | J32: =ROUND(H32*I32,2) -> 0 | O32: =IF(AK43="×","※先行路盤(再使用) 土量 計 ： H= ","※先行路盤(再使用) 土量No.1 計 ： ") -> ※先行路盤(再使用) 土量 計 ： H= | S32: =ROUND(SUMPRODUCT(O26:O31,P26:P31)/100+SUMPRODUCT(R26:R31,S26:S31)/100,2) -> 0.3 | W32: 掘削面積 | Y32: =AA31 -> 0 | Z32: 0.6 | AA32: =ROUND(Y32*Z32,2) -> 0 | AB32: =AD31 -> 0 | AC32: 0.6 | AD32: =ROUND(AB32*AC32,2) -> 0 | AI32: ※先行路盤(再使用) 土量No.1+No.2 計 ： H= | AM32: =IF(AK43="○",AK44+S32,"")
C33: 合 計 | E33: =SUM(G32:G32) -> 0 | H33: =SUM(J32:J32) -> 0 | M33: =IF(AK43="×","□仮復旧工","□仮復旧工No.1") -> □仮復旧工 | W33: 合 計 | Y33: =SUM(AA32:AA32) -> 0 | AB33: =SUM(AD32:AD32) -> 0 | AG33: □仮復旧工No.2
C34: 舗装版破砕工 | N34: 種別・舗装厚 | P34: 合 計 | Q34: 種別・舗装厚 | S34: 合 計 | W34: 舗装版破砕工 | Y34: As | AB34: As | AH34: 種別・舗装厚 | AJ34: 合 計 | AK34: 種別・舗装厚 | AM34: 合 計
N35: As | O35: =IF(MAX($I$380:$I$419)<ROW()-34,"",INDEX($D$380:$D$419,MATCH(ROW()-34,$I$380:$I$419,0),1)) -> 4 | P35: =SUMIF($D$381:$D$420,O35,$J$381:$J$420) -> 0.6 | Q35: As | R35: =IF(MAX($I$381:$I$420)<ROW()-30,"",INDEX($D$381:$D$420,MATCH(ROW()-30,$I$381:$I$420,0),1)) | S35: =SUMIF($D$381:$D$420,R35,$J$381:$J$420) -> 0 | AH35: As | AI35: =IF(MAX($AC$381:$AC$420)<ROW()-34,"",INDEX($X$381:$X$420,MATCH(ROW()-34,$AC$381:$AC$420,0),1)) | AJ35: =SUMIF($X$381:$X$420,AI35,$AD$381:$AD$420) -> 0 | AK35: As | AL35: =IF(MAX($AC$381:$AC$420)<ROW()-30,"",INDEX($X$381:$X$420,MATCH(ROW()-30,$AC$381:$AC$420,0),1)) | AM35: =SUMIF($X$381:$X$420,AL35,$AD$381:$AD$420) -> 0
C36: 先行路盤 | N36: As | O36: =IF(MAX($I$380:$I$419)<ROW()-34,"",INDEX($D$380:$D$419,MATCH(ROW()-34,$I$380:$I$419,0),1)) -> 5 | P36: =SUMIF($D$381:$D$420,O36,$J$381:$J$420) -> 1.2 | Q36: As | R36: =IF(MAX($I$381:$I$420)<ROW()-30,"",INDEX($D$381:$D$420,MATCH(ROW()-30,$I$381:$I$420,0),1)) | S36: =SUMIF($D$381:$D$420,R36,$J$381:$J$420) -> 0 | W36: 先行路盤 | Y36: 発生土（再使用） | AB36: 発生土（再使用） | AH36: As | AI36: =IF(MAX($AC$381:$AC$420)<ROW()-34,"",INDEX($X$381:$X$420,MATCH(ROW()-34,$AC$381:$AC$420,0),1)) | AJ36: =SUMIF($X$381:$X$420,AI36,$AD$381:$AD$420) -> 0 | AK36: As | AL36: =IF(MAX($AC$381:$AC$420)<ROW()-30,"",INDEX($X$381:$X$420,MATCH(ROW()-30,$AC$381:$AC$420,0),1)) | AM36: =SUMIF($X$381:$X$420,AL36,$AD$381:$AD$420) -> 0
N37: As | O37: =IF(MAX($I$380:$I$419)<ROW()-34,"",INDEX($D$380:$D$419,MATCH(ROW()-34,$I$380:$I$419,0),1)) | P37: =SUMIF($D$381:$D$420,O37,$J$381:$J$420) -> 0 | AH37: As | AI37: =IF(MAX($AC$381:$AC$420)<ROW()-34,"",INDEX($X$381:$X$420,MATCH(ROW()-34,$AC$381:$AC$420,0),1)) | AJ37: =SUMIF($X$381:$X$420,AI37,$AD$381:$AD$420) -> 0
C38: 仮復旧 | N38: As | O38: =IF(MAX($I$380:$I$419)<ROW()-34,"",INDEX($D$380:$D$419,MATCH(ROW()-34,$I$380:$I$419,0),1)) | P38: =SUMIF($D$381:$D$420,O38,$J$381:$J$420) -> 0 | W38: 仮復旧 | AH38: As | AI38: =IF(MAX($AC$381:$AC$420)<ROW()-34,"",INDEX($X$381:$X$420,MATCH(ROW()-34,$AC$381:$AC$420,0),1)) | AJ38: =SUMIF($X$381:$X$420,AI38,$AD$381:$AD$420) -> 0
O39: =IF(AK43="×","※仮復旧 土量 計 ： M= ","※仮復旧 土量No.1 計 ： ") -> ※仮復旧 土量 計 ： M= | S39: =ROUND(SUMPRODUCT(O35:O38,P35:P38)/100+SUMPRODUCT(R35:R38,S35:S38)/100,2) -> 0.08 | AI39: ※仮復旧 土量No.1+No.2 計 ： M= | AM39: =IF(AK43="○",AK45+S39,"")
B41: □だみー | V41: □だみー
D42: №1 | X42: №1
D43: As | E43: t≦15 | F43: =IF($E$10<>"As",0,IF($E$11<=15,ROUND(SUM($E$8:$E$8)*1.2,2),0)) -> 2.4 | G43: Co | H43: t≦15 | I43: =IF($E$10<>"Co",0,IF($E$11<=15,ROUND(SUM($E$8:$E$8)*1.2,2),0)) -> 0 | X43: As | Y43: t≦15 | Z43: =IF($Y$10<>"As",0,IF($Y$11<=15,ROUND(SUM($Y$8:$Y$8)*1.1,2),0)) -> 0 | AA43: Co | AB43: t≦15 | AC43: =IF($Y$10<>"Co",0,IF($Y$11<=15,ROUND(SUM($Y$8:$Y$8)*1.1,2),0)) -> 0 | AI43: 2枚目有 | AK43: =IF(SUM(Y9:AD9,Y21:AD21,Y33:AD33)=0,"×","○") -> ×
E44: 15<t≦30 | F44: =IF($E$10<>"As",0,IF(AND($E$11>15,$E$11<=30),ROUND(SUM($E$8:$E$8)*1.2,2),0)) -> 0 | H44: 15<t≦30 | I44: =IF($E$10<>"Co",0,IF(AND($E$11>15,$E$11<=30),ROUND(SUM($E$8:$E$8)*1.2,2),0)) -> 0 | Y44: 15<t≦30 | Z44: =IF($Y$10<>"As",0,IF(AND($Y$11>15,$Y$11<=30),ROUND(SUM($Y$8:$Y$8)*1.1,2),0)) -> 0 | AB44: 15<t≦30 | AC44: =IF($Y$10<>"Co",0,IF(AND($Y$11>15,$Y$11<=30),ROUND(SUM($Y$8:$Y$8)*1.1,2),0)) -> 0 | AI44: 先行路盤土量No2 | AK44: =ROUND(SUMPRODUCT(AI26:AI31,AJ26:AJ31)/100+SUMPRODUCT(AL26:AL31,AM26:AM31)/100,2) -> 0
E45: 30<t≦40 | F45: =IF($E$10<>"As",0,IF(AND($E$11>30,$E$11<=40),ROUND(SUM($E$8:$E$8)*1.2,2),0)) -> 0 | Y45: 30<t≦40 | Z45: =IF($Y$10<>"As",0,IF(AND($Y$11>30,$Y$11<=40),ROUND(SUM($Y$8:$Y$8)*1.1,2),0)) -> 0 | AI45: 仮復旧土量No2 | AK45: =ROUND(SUMPRODUCT(AI35:AI38,AJ35:AJ38)/100+SUMPRODUCT(AL35:AL38,AM35:AM38)/100,2) -> 0
D46: №2 | X46: №2
D47: As | E47: t≦15 | F47: =IF($H$10<>"As",0,IF($H$11<=15,ROUND(SUM($H$8:$H$8)*1.2,2),0)) -> 1.2 | G47: Co | H47: t≦15 | I47: =IF($H$10<>"Co",0,IF($H$11<=15,ROUND(SUM($H$8:$H$8)*1.2,2),0)) -> 0 | X47: As | Y47: t≦15 | Z47: =IF($AB$10<>"As",0,IF($AB$11<=15,ROUND(SUM($AB$8:$AB$8)*1.1,2),0)) -> 0 | AA47: Co | AB47: t≦15 | AC47: =IF($AB$10<>"Co",0,IF($AB$11<=15,ROUND(SUM($AB$8:$AB$8)*1.1,2),0)) -> 0
E48: 15<t≦30 | F48: =IF($H$10<>"As",0,IF(AND($H$11>15,$H$11<=30),ROUND(SUM($H$8:$H$8)*1.2,2),0)) -> 0 | H48: 15<t≦30 | I48: =IF($H$10<>"Co",0,IF(AND($H$11>15,$H$11<=30),ROUND(SUM($H$8:$H$8)*1.2,2),0)) -> 0 | Y48: 15<t≦30 | Z48: =IF($AB$10<>"As",0,IF(AND($AB$11>15,$AB$11<=30),ROUND(SUM($AB$8:$AB$8)*1.1,2),0)) -> 0 | AB48: 15<t≦30 | AC48: =IF($AB$10<>"Co",0,IF(AND($AB$11>15,$AB$11<=30),ROUND(SUM($AB$8:$AB$8)*1.1,2),0)) -> 0
E49: 30<t≦40 | F49: =IF($H$10<>"As",0,IF(AND($H$11>30,$H$11<=40),ROUND(SUM($H$8:$H$8)*1.2,2),0)) -> 0 | Y49: 30<t≦40 | Z49: =IF($AB$10<>"As",0,IF(AND($AB$11>30,$AB$11<=40),ROUND(SUM($AB$8:$AB$8)*1.1,2),0)) -> 0
D50: №3 | X50: №3
D51: As | E51: t≦15 | F51: =IF($E$22<>"As",0,IF($E$23<=15,ROUND(SUM($E$20:$E$20)*1.2,2),0)) -> 0 | G51: Co | H51: t≦15 | I51: =IF($E$22<>"Co",0,IF($E$23<=15,ROUND(SUM($E$20:$E$20)*1.2,2),0)) -> 0 | X51: As | Y51: t≦15 | Z51: =IF($Y$22<>"As",0,IF($Y$23<=15,ROUND(SUM($Y$20:$Y$20)*1.1,2),0)) -> 0 | AA51: Co | AB51: t≦15 | AC51: =IF($Y$22<>"Co",0,IF($Y$23<=15,ROUND(SUM($Y$20:$Y$20)*1.1,2),0)) -> 0
E52: 15<t≦30 | F52: =IF($E$22<>"As",0,IF(AND($E$23>15,$E$23<=30),ROUND(SUM($E$20:$E$20)*1.2,2),0)) -> 0 | H52: 15<t≦30 | I52: =IF($E$22<>"Co",0,IF(AND($E$23>15,$E$23<=30),ROUND(SUM($E$20:$E$20)*1.2,2),0)) -> 0 | Y52: 15<t≦30 | Z52: =IF($Y$22<>"As",0,IF(AND($Y$23>15,$Y$23<=30),ROUND(SUM($Y$20:$Y$20)*1.1,2),0)) -> 0 | AB52: 15<t≦30 | AC52: =IF($Y$22<>"Co",0,IF(AND($Y$23>15,$Y$23<=30),ROUND(SUM($Y$20:$Y$20)*1.1,2),0)) -> 0
E53: 30<t≦40 | F53: =IF($E$22<>"As",0,IF(AND($E$23>30,$E$23<=40),ROUND(SUM($E$20:$E$20)*1.2,2),0)) -> 0 | Y53: 30<t≦40 | Z53: =IF($Y$22<>"As",0,IF(AND($Y$23>30,$Y$23<=40),ROUND(SUM($Y$20:$Y$20)*1.1,2),0)) -> 0
D54: №4 | X54: №4
D55: As | E55: t≦15 | F55: =IF($H$22<>"As",0,IF($H$23<=15,ROUND(SUM($H$20:$H$20)*1.2,2),0)) -> 0 | G55: Co | H55: t≦15 | I55: =IF($H$22<>"Co",0,IF($H$23<=15,ROUND(SUM($H$20:$H$20)*1.2,2),0)) -> 0 | X55: As | Y55: t≦15 | Z55: =IF($AB$22<>"As",0,IF($AB$23<=15,ROUND(SUM($AB$20:$AB$20)*1.1,2),0)) -> 0 | AA55: Co | AB55: t≦15 | AC55: =IF($AB$22<>"Co",0,IF($AB$23<=15,ROUND(SUM($AB$20:$AB$20)*1.1,2),0)) -> 0
E56: 15<t≦30 | F56: =IF($H$22<>"As",0,IF(AND($H$23>15,$H$23<=30),ROUND(SUM($H$20:$H$20)*1.2,2),0)) -> 0 | H56: 15<t≦30 | I56: =IF($H$22<>"Co",0,IF(AND($H$23>15,$H$23<=30),ROUND(SUM($H$20:$H$20)*1.2,2),0)) -> 0 | Y56: 15<t≦30 | Z56: =IF($AB$22<>"As",0,IF(AND($AB$23>15,$AB$23<=30),ROUND(SUM($AB$20:$AB$20)*1.1,2),0)) -> 0 | AB56: 15<t≦30 | AC56: =IF($AB$22<>"Co",0,IF(AND($AB$23>15,$AB$23<=30),ROUND(SUM($AB$20:$AB$20)*1.1,2),0)) -> 0
E57: 30<t≦40 | F57: =IF($H$22<>"As",0,IF(AND($H$23>30,$H$23<=40),ROUND(SUM($H$20:$H$20)*1.2,2),0)) -> 0 | Y57: 30<t≦40 | Z57: =IF($AB$22<>"As",0,IF(AND($AB$23>30,$AB$23<=40),ROUND(SUM($AB$20:$AB$20)*1.1,2),0)) -> 0
D58: №5 | X58: №5
D59: As | E59: t≦15 | F59: =IF($E$34<>"As",0,IF($E$35<=15,ROUND(SUM($E$32:$E$32)*1.2,2),0)) -> 0 | G59: Co | H59: t≦15 | I59: =IF($E$34<>"Co",0,IF($E$35<=15,ROUND(SUM($E$32:$E$32)*1.2,2),0)) -> 0 | X59: As | Y59: t≦15 | Z59: =IF($Y$34<>"As",0,IF($Y$35<=15,ROUND(SUM($Y$32:$Y$32)*1.1,2),0)) -> 0 | AA59: Co | AB59: t≦15 | AC59: =IF($Y$34<>"Co",0,IF($Y$35<=15,ROUND(SUM($Y$32:$Y$32)*1.1,2),0)) -> 0
E60: 15<t≦30 | F60: =IF($E$34<>"As",0,IF(AND($E$35>15,$E$35<=30),ROUND(SUM($E$32:$E$32)*1.2,2),0)) -> 0 | H60: 15<t≦30 | I60: =IF($E$34<>"Co",0,IF(AND($E$35>15,$E$35<=30),ROUND(SUM($E$32:$E$32)*1.2,2),0)) -> 0 | Y60: 15<t≦30 | Z60: =IF($Y$34<>"As",0,IF(AND($Y$35>15,$Y$35<=30),ROUND(SUM($Y$32:$Y$32)*1.1,2),0)) -> 0 | AB60: 15<t≦30 | AC60: =IF($Y$34<>"Co",0,IF(AND($Y$35>15,$Y$35<=30),ROUND(SUM($Y$32:$Y$32)*1.1,2),0)) -> 0
E61: 30<t≦40 | F61: =IF($E$34<>"As",0,IF(AND($E$35>30,$E$35<=40),ROUND(SUM($E$32:$E$32)*1.2,2),0)) -> 0 | Y61: 30<t≦40 | Z61: =IF($Y$34<>"As",0,IF(AND($Y$35>30,$Y$35<=40),ROUND(SUM($Y$32:$Y$32)*1.1,2),0)) -> 0
D62: №6 | X62: №6
D63: As | E63: t≦15 | F63: =IF($H$34<>"As",0,IF($H$35<=15,ROUND(SUM($H$32:$H$32)*1.2,2),0)) -> 0 | G63: Co | H63: t≦15 | I63: =IF($H$34<>"Co",0,IF($H$35<=15,ROUND(SUM($H$32:$H$32)*1.2,2),0)) -> 0 | X63: As | Y63: t≦15 | Z63: =IF($AB$34<>"As",0,IF($AB$35<=15,ROUND(SUM($AB$32:$AB$32)*1.1,2),0)) -> 0 | AA63: Co | AB63: t≦15 | AC63: =IF($AB$34<>"Co",0,IF($AB$35<=15,ROUND(SUM($AB$32:$AB$32)*1.1,2),0)) -> 0
E64: 15<t≦30 | F64: =IF($H$34<>"As",0,IF(AND($H$35>15,$H$35<=30),ROUND(SUM($H$32:$H$32)*1.2,2),0)) -> 0 | H64: 15<t≦30 | I64: =IF($H$34<>"Co",0,IF(AND($H$35>15,$H$35<=30),ROUND(SUM($H$32:$H$32)*1.2,2),0)) -> 0 | Y64: 15<t≦30 | Z64: =IF($AB$34<>"As",0,IF(AND($AB$35>15,$AB$35<=30),ROUND(SUM($AB$32:$AB$32)*1.1,2),0)) -> 0 | AB64: 15<t≦30 | AC64: =IF($AB$34<>"Co",0,IF(AND($AB$35>15,$AB$35<=30),ROUND(SUM($AB$32:$AB$32)*1.1,2),0)) -> 0
E65: 30<t≦40 | F65: =IF($H$34<>"As",0,IF(AND($H$35>30,$H$35<=40),ROUND(SUM($H$32:$H$32)*1.2,2),0)) -> 0 | Y65: 30<t≦40 | Z65: =IF($AB$34<>"As",0,IF(AND($AB$35>30,$AB$35<=40),ROUND(SUM($AB$32:$AB$32)*1.1,2),0)) -> 0
B68: □だみー | V68: □だみー
D69: №1 | X69: №1
E70: As | G70: Co | I70: 仮復旧 | Y70: As | AA70: Co | AC70: 仮復旧
E71: 歩道 | F71: 車道 | G71: 歩道 | H71: 車道 | I71: 歩道 | J71: 車道 | Y71: 歩道 | Z71: 車道 | AA71: 歩道 | AB71: 車道 | AC71: 歩道 | AD71: 車道
D72: 1 | E72: =IF($E$10<>"As",0,IF($E$5<>"歩 道",0,SUMIF($E$11,D72,$E$9))) -> 0 | F72: =IF($E$10<>"As",0,IF($E$5<>"車 道",0,SUMIF($E$11,D72,$E$9))) -> 0 | G72: =IF($E$10<>"Co",0,IF($E$5<>"歩 道",0,SUMIF($E$11,D72,$E$9))) -> 0 | H72: =IF($E$10<>"Co",0,IF($E$5<>"車 道",0,SUMIF($E$11,D72,$E$9))) -> 0 | I72: =IF($E$5<>"歩 道",0,SUMIF($E$14,D72,$E$9)) -> 0 | J72: =IF($E$5<>"車 道",0,SUMIF($E$14,D72,$E$9)) -> 0 | X72: 1 | Y72: =IF($Y$10<>"As",0,IF($Y$5<>"歩 道",0,SUMIF($Y$11,X72,$Y$9))) -> 0 | Z72: =IF($Y$10<>"As",0,IF($Y$5<>"車 道",0,SUMIF($Y$11,X72,$Y$9))) -> 0 | AA72: =IF($Y$10<>"Co",0,IF($Y$5<>"歩 道",0,SUMIF($Y$11,X72,$Y$9))) -> 0 | AB72: =IF($Y$10<>"Co",0,IF($Y$5<>"車 道",0,SUMIF($Y$11,X72,$Y$9))) -> 0 | AC72: =IF($Y$5<>"歩 道",0,SUMIF($Y$14,X72,$Y$9)) -> 0 | AD72: =IF($Y$5<>"車 道",0,SUMIF($Y$14,X72,$Y$9)) -> 0
D73: 2 | E73: =IF($E$10<>"As",0,IF($E$5<>"歩 道",0,SUMIF($E$11,D73,$E$9))) -> 0 | F73: =IF($E$10<>"As",0,IF($E$5<>"車 道",0,SUMIF($E$11,D73,$E$9))) -> 0 | G73: =IF($E$10<>"Co",0,IF($E$5<>"歩 道",0,SUMIF($E$11,D73,$E$9))) -> 0 | H73: =IF($E$10<>"Co",0,IF($E$5<>"車 道",0,SUMIF($E$11,D73,$E$9))) -> 0 | I73: =IF($E$5<>"歩 道",0,SUMIF($E$14,D73,$E$9)) -> 0 | J73: =IF($E$5<>"車 道",0,SUMIF($E$14,D73,$E$9)) -> 0 | X73: 2 | Y73: =IF($Y$10<>"As",0,IF($Y$5<>"歩 道",0,SUMIF($Y$11,X73,$Y$9))) -> 0 | Z73: =IF($Y$10<>"As",0,IF($Y$5<>"車 道",0,SUMIF($Y$11,X73,$Y$9))) -> 0 | AA73: =IF($Y$10<>"Co",0,IF($Y$5<>"歩 道",0,SUMIF($Y$11,X73,$Y$9))) -> 0 | AB73: =IF($Y$10<>"Co",0,IF($Y$5<>"車 道",0,SUMIF($Y$11,X73,$Y$9))) -> 0 | AC73: =IF($Y$5<>"歩 道",0,SUMIF($Y$14,X73,$Y$9)) -> 0 | AD73: =IF($Y$5<>"車 道",0,SUMIF($Y$14,X73,$Y$9)) -> 0
D74: 3 | E74: =IF($E$10<>"As",0,IF($E$5<>"歩 道",0,SUMIF($E$11,D74,$E$9))) -> 0 | F74: =IF($E$10<>"As",0,IF($E$5<>"車 道",0,SUMIF($E$11,D74,$E$9))) -> 0 | G74: =IF($E$10<>"Co",0,IF($E$5<>"歩 道",0,SUMIF($E$11,D74,$E$9))) -> 0 | H74: =IF($E$10<>"Co",0,IF($E$5<>"車 道",0,SUMIF($E$11,D74,$E$9))) -> 0 | I74: =IF($E$5<>"歩 道",0,SUMIF($E$14,D74,$E$9)) -> 0 | J74: =IF($E$5<>"車 道",0,SUMIF($E$14,D74,$E$9)) -> 0 | X74: 3 | Y74: =IF($Y$10<>"As",0,IF($Y$5<>"歩 道",0,SUMIF($Y$11,X74,$Y$9))) -> 0 | Z74: =IF($Y$10<>"As",0,IF($Y$5<>"車 道",0,SUMIF($Y$11,X74,$Y$9))) -> 0 | AA74: =IF($Y$10<>"Co",0,IF($Y$5<>"歩 道",0,SUMIF($Y$11,X74,$Y$9))) -> 0 | AB74: =IF($Y$10<>"Co",0,IF($Y$5<>"車 道",0,SUMIF($Y$11,X74,$Y$9))) -> 0 | AC74: =IF($Y$5<>"歩 道",0,SUMIF($Y$14,X74,$Y$9)) -> 0 | AD74: =IF($Y$5<>"車 道",0,SUMIF($Y$14,X74,$Y$9)) -> 0
D75: 4 | E75: =IF($E$10<>"As",0,IF($E$5<>"歩 道",0,SUMIF($E$11,D75,$E$9))) -> 0 | F75: =IF($E$10<>"As",0,IF($E$5<>"車 道",0,SUMIF($E$11,D75,$E$9))) -> 0 | G75: =IF($E$10<>"Co",0,IF($E$5<>"歩 道",0,SUMIF($E$11,D75,$E$9))) -> 0 | H75: =IF($E$10<>"Co",0,IF($E$5<>"車 道",0,SUMIF($E$11,D75,$E$9))) -> 0 | I75: =IF($E$5<>"歩 道",0,SUMIF($E$14,D75,$E$9)) -> 0 | J75: =IF($E$5<>"車 道",0,SUMIF($E$14,D75,$E$9)) -> 0 | X75: 4 | Y75: =IF($Y$10<>"As",0,IF($Y$5<>"歩 道",0,SUMIF($Y$11,X75,$Y$9))) -> 0 | Z75: =IF($Y$10<>"As",0,IF($Y$5<>"車 道",0,SUMIF($Y$11,X75,$Y$9))) -> 0 | AA75: =IF($Y$10<>"Co",0,IF($Y$5<>"歩 道",0,SUMIF($Y$11,X75,$Y$9))) -> 0 | AB75: =IF($Y$10<>"Co",0,IF($Y$5<>"車 道",0,SUMIF($Y$11,X75,$Y$9))) -> 0 | AC75: =IF($Y$5<>"歩 道",0,SUMIF($Y$14,X75,$Y$9)) -> 0 | AD75: =IF($Y$5<>"車 道",0,SUMIF($Y$14,X75,$Y$9)) -> 0
D76: 5 | E76: =IF($E$10<>"As",0,IF($E$5<>"歩 道",0,SUMIF($E$11,D76,$E$9))) -> 0 | F76: =IF($E$10<>"As",0,IF($E$5<>"車 道",0,SUMIF($E$11,D76,$E$9))) -> 0 | G76: =IF($E$10<>"Co",0,IF($E$5<>"歩 道",0,SUMIF($E$11,D76,$E$9))) -> 0 | H76: =IF($E$10<>"Co",0,IF($E$5<>"車 道",0,SUMIF($E$11,D76,$E$9))) -> 0 | I76: =IF($E$5<>"歩 道",0,SUMIF($E$14,D76,$E$9)) -> 0 | J76: =IF($E$5<>"車 道",0,SUMIF($E$14,D76,$E$9)) -> 1.2 | X76: 5 | Y76: =IF($Y$10<>"As",0,IF($Y$5<>"歩 道",0,SUMIF($Y$11,X76,$Y$9))) -> 0 | Z76: =IF($Y$10<>"As",0,IF($Y$5<>"車 道",0,SUMIF($Y$11,X76,$Y$9))) -> 0 | AA76: =IF($Y$10<>"Co",0,IF($Y$5<>"歩 道",0,SUMIF($Y$11,X76,$Y$9))) -> 0 | AB76: =IF($Y$10<>"Co",0,IF($Y$5<>"車 道",0,SUMIF($Y$11,X76,$Y$9))) -> 0 | AC76: =IF($Y$5<>"歩 道",0,SUMIF($Y$14,X76,$Y$9)) -> 0 | AD76: =IF($Y$5<>"車 道",0,SUMIF($Y$14,X76,$Y$9)) -> 0
D77: 6 | E77: =IF($E$10<>"As",0,IF($E$5<>"歩 道",0,SUMIF($E$11,D77,$E$9))) -> 0 | F77: =IF($E$10<>"As",0,IF($E$5<>"車 道",0,SUMIF($E$11,D77,$E$9))) -> 0 | G77: =IF($E$10<>"Co",0,IF($E$5<>"歩 道",0,SUMIF($E$11,D77,$E$9))) -> 0 | H77: =IF($E$10<>"Co",0,IF($E$5<>"車 道",0,SUMIF($E$11,D77,$E$9))) -> 0 | I77: =IF($E$5<>"歩 道",0,SUMIF($E$14,D77,$E$9)) -> 0 | J77: =IF($E$5<>"車 道",0,SUMIF($E$14,D77,$E$9)) -> 0 | X77: 6 | Y77: =IF($Y$10<>"As",0,IF($Y$5<>"歩 道",0,SUMIF($Y$11,X77,$Y$9))) -> 0 | Z77: =IF($Y$10<>"As",0,IF($Y$5<>"車 道",0,SUMIF($Y$11,X77,$Y$9))) -> 0 | AA77: =IF($Y$10<>"Co",0,IF($Y$5<>"歩 道",0,SUMIF($Y$11,X77,$Y$9))) -> 0 | AB77: =IF($Y$10<>"Co",0,IF($Y$5<>"車 道",0,SUMIF($Y$11,X77,$Y$9))) -> 0 | AC77: =IF($Y$5<>"歩 道",0,SUMIF($Y$14,X77,$Y$9)) -> 0 | AD77: =IF($Y$5<>"車 道",0,SUMIF($Y$14,X77,$Y$9)) -> 0
D78: 7 | E78: =IF($E$10<>"As",0,IF($E$5<>"歩 道",0,SUMIF($E$11,D78,$E$9))) -> 0 | F78: =IF($E$10<>"As",0,IF($E$5<>"車 道",0,SUMIF($E$11,D78,$E$9))) -> 0 | G78: =IF($E$10<>"Co",0,IF($E$5<>"歩 道",0,SUMIF($E$11,D78,$E$9))) -> 0 | H78: =IF($E$10<>"Co",0,IF($E$5<>"車 道",0,SUMIF($E$11,D78,$E$9))) -> 0 | I78: =IF($E$5<>"歩 道",0,SUMIF($E$14,D78,$E$9)) -> 0 | J78: =IF($E$5<>"車 道",0,SUMIF($E$14,D78,$E$9)) -> 0 | X78: 7 | Y78: =IF($Y$10<>"As",0,IF($Y$5<>"歩 道",0,SUMIF($Y$11,X78,$Y$9))) -> 0 | Z78: =IF($Y$10<>"As",0,IF($Y$5<>"車 道",0,SUMIF($Y$11,X78,$Y$9))) -> 0 | AA78: =IF($Y$10<>"Co",0,IF($Y$5<>"歩 道",0,SUMIF($Y$11,X78,$Y$9))) -> 0 | AB78: =IF($Y$10<>"Co",0,IF($Y$5<>"車 道",0,SUMIF($Y$11,X78,$Y$9))) -> 0 | AC78: =IF($Y$5<>"歩 道",0,SUMIF($Y$14,X78,$Y$9)) -> 0 | AD78: =IF($Y$5<>"車 道",0,SUMIF($Y$14,X78,$Y$9)) -> 0
D79: 8 | E79: =IF($E$10<>"As",0,IF($E$5<>"歩 道",0,SUMIF($E$11,D79,$E$9))) -> 0 | F79: =IF($E$10<>"As",0,IF($E$5<>"車 道",0,SUMIF($E$11,D79,$E$9))) -> 0 | G79: =IF($E$10<>"Co",0,IF($E$5<>"歩 道",0,SUMIF($E$11,D79,$E$9))) -> 0 | H79: =IF($E$10<>"Co",0,IF($E$5<>"車 道",0,SUMIF($E$11,D79,$E$9))) -> 0 | I79: =IF($E$5<>"歩 道",0,SUMIF($E$14,D79,$E$9)) -> 0 | J79: =IF($E$5<>"車 道",0,SUMIF($E$14,D79,$E$9)) -> 0 | X79: 8 | Y79: =IF($Y$10<>"As",0,IF($Y$5<>"歩 道",0,SUMIF($Y$11,X79,$Y$9))) -> 0 | Z79: =IF($Y$10<>"As",0,IF($Y$5<>"車 道",0,SUMIF($Y$11,X79,$Y$9))) -> 0 | AA79: =IF($Y$10<>"Co",0,IF($Y$5<>"歩 道",0,SUMIF($Y$11,X79,$Y$9))) -> 0 | AB79: =IF($Y$10<>"Co",0,IF($Y$5<>"車 道",0,SUMIF($Y$11,X79,$Y$9))) -> 0 | AC79: =IF($Y$5<>"歩 道",0,SUMIF($Y$14,X79,$Y$9)) -> 0 | AD79: =IF($Y$5<>"車 道",0,SUMIF($Y$14,X79,$Y$9)) -> 0
D80: 9 | E80: =IF($E$10<>"As",0,IF($E$5<>"歩 道",0,SUMIF($E$11,D80,$E$9))) -> 0 | F80: =IF($E$10<>"As",0,IF($E$5<>"車 道",0,SUMIF($E$11,D80,$E$9))) -> 0 | G80: =IF($E$10<>"Co",0,IF($E$5<>"歩 道",0,SUMIF($E$11,D80,$E$9))) -> 0 | H80: =IF($E$10<>"Co",0,IF($E$5<>"車 道",0,SUMIF($E$11,D80,$E$9))) -> 0 | I80: =IF($E$5<>"歩 道",0,SUMIF($E$14,D80,$E$9)) -> 0 | J80: =IF($E$5<>"車 道",0,SUMIF($E$14,D80,$E$9)) -> 0 | X80: 9 | Y80: =IF($Y$10<>"As",0,IF($Y$5<>"歩 道",0,SUMIF($Y$11,X80,$Y$9))) -> 0 | Z80: =IF($Y$10<>"As",0,IF($Y$5<>"車 道",0,SUMIF($Y$11,X80,$Y$9))) -> 0 | AA80: =IF($Y$10<>"Co",0,IF($Y$5<>"歩 道",0,SUMIF($Y$11,X80,$Y$9))) -> 0 | AB80: =IF($Y$10<>"Co",0,IF($Y$5<>"車 道",0,SUMIF($Y$11,X80,$Y$9))) -> 0 | AC80: =IF($Y$5<>"歩 道",0,SUMIF($Y$14,X80,$Y$9)) -> 0 | AD80: =IF($Y$5<>"車 道",0,SUMIF($Y$14,X80,$Y$9)) -> 0
D81: 10 | E81: =IF($E$10<>"As",0,IF($E$5<>"歩 道",0,SUMIF($E$11,D81,$E$9))) -> 0 | F81: =IF($E$10<>"As",0,IF($E$5<>"車 道",0,SUMIF($E$11,D81,$E$9))) -> 1.2 | G81: =IF($E$10<>"Co",0,IF($E$5<>"歩 道",0,SUMIF($E$11,D81,$E$9))) -> 0 | H81: =IF($E$10<>"Co",0,IF($E$5<>"車 道",0,SUMIF($E$11,D81,$E$9))) -> 0 | I81: =IF($E$5<>"歩 道",0,SUMIF($E$14,D81,$E$9)) -> 0 | J81: =IF($E$5<>"車 道",0,SUMIF($E$14,D81,$E$9)) -> 0 | X81: 10 | Y81: =IF($Y$10<>"As",0,IF($Y$5<>"歩 道",0,SUMIF($Y$11,X81,$Y$9))) -> 0 | Z81: =IF($Y$10<>"As",0,IF($Y$5<>"車 道",0,SUMIF($Y$11,X81,$Y$9))) -> 0 | AA81: =IF($Y$10<>"Co",0,IF($Y$5<>"歩 道",0,SUMIF($Y$11,X81,$Y$9))) -> 0 | AB81: =IF($Y$10<>"Co",0,IF($Y$5<>"車 道",0,SUMIF($Y$11,X81,$Y$9))) -> 0 | AC81: =IF($Y$5<>"歩 道",0,SUMIF($Y$14,X81,$Y$9)) -> 0 | AD81: =IF($Y$5<>"車 道",0,SUMIF($Y$14,X81,$Y$9)) -> 0
D82: 11 | E82: =IF($E$10<>"As",0,IF($E$5<>"歩 道",0,SUMIF($E$11,D82,$E$9))) -> 0 | F82: =IF($E$10<>"As",0,IF($E$5<>"車 道",0,SUMIF($E$11,D82,$E$9))) -> 0 | G82: =IF($E$10<>"Co",0,IF($E$5<>"歩 道",0,SUMIF($E$11,D82,$E$9))) -> 0 | H82: =IF($E$10<>"Co",0,IF($E$5<>"車 道",0,SUMIF($E$11,D82,$E$9))) -> 0 | I82: =IF($E$5<>"歩 道",0,SUMIF($E$14,D82,$E$9)) -> 0 | J82: =IF($E$5<>"車 道",0,SUMIF($E$14,D82,$E$9)) -> 0 | X82: 11 | Y82: =IF($Y$10<>"As",0,IF($Y$5<>"歩 道",0,SUMIF($Y$11,X82,$Y$9))) -> 0 | Z82: =IF($Y$10<>"As",0,IF($Y$5<>"車 道",0,SUMIF($Y$11,X82,$Y$9))) -> 0 | AA82: =IF($Y$10<>"Co",0,IF($Y$5<>"歩 道",0,SUMIF($Y$11,X82,$Y$9))) -> 0 | AB82: =IF($Y$10<>"Co",0,IF($Y$5<>"車 道",0,SUMIF($Y$11,X82,$Y$9))) -> 0 | AC82: =IF($Y$5<>"歩 道",0,SUMIF($Y$14,X82,$Y$9)) -> 0 | AD82: =IF($Y$5<>"車 道",0,SUMIF($Y$14,X82,$Y$9)) -> 0
D83: 12 | E83: =IF($E$10<>"As",0,IF($E$5<>"歩 道",0,SUMIF($E$11,D83,$E$9))) -> 0 | F83: =IF($E$10<>"As",0,IF($E$5<>"車 道",0,SUMIF($E$11,D83,$E$9))) -> 0 | G83: =IF($E$10<>"Co",0,IF($E$5<>"歩 道",0,SUMIF($E$11,D83,$E$9))) -> 0 | H83: =IF($E$10<>"Co",0,IF($E$5<>"車 道",0,SUMIF($E$11,D83,$E$9))) -> 0 | I83: =IF($E$5<>"歩 道",0,SUMIF($E$14,D83,$E$9)) -> 0 | J83: =IF($E$5<>"車 道",0,SUMIF($E$14,D83,$E$9)) -> 0 | X83: 12 | Y83: =IF($Y$10<>"As",0,IF($Y$5<>"歩 道",0,SUMIF($Y$11,X83,$Y$9))) -> 0 | Z83: =IF($Y$10<>"As",0,IF($Y$5<>"車 道",0,SUMIF($Y$11,X83,$Y$9))) -> 0 | AA83: =IF($Y$10<>"Co",0,IF($Y$5<>"歩 道",0,SUMIF($Y$11,X83,$Y$9))) -> 0 | AB83: =IF($Y$10<>"Co",0,IF($Y$5<>"車 道",0,SUMIF($Y$11,X83,$Y$9))) -> 0 | AC83: =IF($Y$5<>"歩 道",0,SUMIF($Y$14,X83,$Y$9)) -> 0 | AD83: =IF($Y$5<>"車 道",0,SUMIF($Y$14,X83,$Y$9)) -> 0
... D111: 40 | E111: =IF($E$10<>"As",0,IF($E$5<>"歩 道",0,SUMIF($E$11,D111,$E$9))) -> 0 | F111: =IF($E$10<>"As",0,IF($E$5<>"車 道",0,SUMIF($E$11,D111,$E$9))) -> 0 | G111: =IF($E$10<>"Co",0,IF($E$5<>"歩 道",0,SUMIF($E$11,D111,$E$9))) -> 0 | H111: =IF($E$10<>"Co",0,IF($E$5<>"車 道",0,SUMIF($E$11,D111,$E$9))) -> 0 | I111: =IF($E$5<>"歩 道",0,SUMIF($E$14,D111,$E$9)) -> 0 | J111: =IF($E$5<>"車 道",0,SUMIF($E$14,D111,$E$9)) -> 0 | X111: 40 | Y111: =IF($Y$10<>"As",0,IF($Y$5<>"歩 道",0,SUMIF($Y$11,X111,$Y$9))) -> 0 | Z111: =IF($Y$10<>"As",0,IF($Y$5<>"車 道",0,SUMIF($Y$11,X111,$Y$9))) -> 0 | AA111: =IF($Y$10<>"Co",0,IF($Y$5<>"歩 道",0,SUMIF($Y$11,X111,$Y$9))) -> 0 | AB111: =IF($Y$10<>"Co",0,IF($Y$5<>"車 道",0,SUMIF($Y$11,X111,$Y$9))) -> 0 | AC111: =IF($Y$5<>"歩 道",0,SUMIF($Y$14,X111,$Y$9)) -> 0 | AD111: =IF($Y$5<>"車 道",0,SUMIF($Y$14,X111,$Y$9)) -> 0
D113: №2 | X113: №2
E114: As | G114: Co | I114: 仮復旧 | Y114: As | AA114: Co | AC114: 仮復旧
E115: 歩道 | F115: 車道 | G115: 歩道 | H115: 車道 | I115: 歩道 | J115: 車道 | Y115: 歩道 | Z115: 車道 | AA115: 歩道 | AB115: 車道 | AC115: 歩道 | AD115: 車道
D116: 1 | E116: =IF($H$10<>"As",0,IF($H$5<>"歩 道",0,SUMIF($H$11,D116,$H$9))) -> 0 | F116: =IF($H$10<>"As",0,IF($H$5<>"車 道",0,SUMIF($H$11,D116,$H$9))) -> 0 | G116: =IF($H$10<>"Co",0,IF($H$5<>"歩 道",0,SUMIF($H$11,D116,$H$9))) -> 0 | H116: =IF($H$10<>"Co",0,IF($H$5<>"車 道",0,SUMIF($H$11,D116,$H$9))) -> 0 | I116: =IF($H$5<>"歩 道",0,SUMIF($H$14,D116,$H$9)) -> 0 | J116: =IF($H$5<>"車 道",0,SUMIF($H$14,D116,$H$9)) -> 0 | X116: 1 | Y116: =IF($AB$10<>"As",0,IF($AB$5<>"歩 道",0,SUMIF($AB$11,X116,$AB$9))) -> 0 | Z116: =IF($AB$10<>"As",0,IF($AB$5<>"車 道",0,SUMIF($AB$11,X116,$AB$9))) -> 0 | AA116: =IF($AB$10<>"Co",0,IF($AB$5<>"歩 道",0,SUMIF($AB$11,X116,$AB$9))) -> 0 | AB116: =IF($AB$10<>"Co",0,IF($AB$5<>"車 道",0,SUMIF($AB$11,X116,$AB$9))) -> 0 | AC116: =IF($AB$5<>"歩 道",0,SUMIF($AB$14,X116,$AB$9)) -> 0 | AD116: =IF($AB$5<>"車 道",0,SUMIF($AB$14,X116,$AB$9)) -> 0
D117: 2 | E117: =IF($H$10<>"As",0,IF($H$5<>"歩 道",0,SUMIF($H$11,D117,$H$9))) -> 0 | F117: =IF($H$10<>"As",0,IF($H$5<>"車 道",0,SUMIF($H$11,D117,$H$9))) -> 0 | G117: =IF($H$10<>"Co",0,IF($H$5<>"歩 道",0,SUMIF($H$11,D117,$H$9))) -> 0 | H117: =IF($H$10<>"Co",0,IF($H$5<>"車 道",0,SUMIF($H$11,D117,$H$9))) -> 0 | I117: =IF($H$5<>"歩 道",0,SUMIF($H$14,D117,$H$9)) -> 0 | J117: =IF($H$5<>"車 道",0,SUMIF($H$14,D117,$H$9)) -> 0 | X117: 2 | Y117: =IF($AB$10<>"As",0,IF($AB$5<>"歩 道",0,SUMIF($AB$11,X117,$AB$9))) -> 0 | Z117: =IF($AB$10<>"As",0,IF($AB$5<>"車 道",0,SUMIF($AB$11,X117,$AB$9))) -> 0 | AA117: =IF($AB$10<>"Co",0,IF($AB$5<>"歩 道",0,SUMIF($AB$11,X117,$AB$9))) -> 0 | AB117: =IF($AB$10<>"Co",0,IF($AB$5<>"車 道",0,SUMIF($AB$11,X117,$AB$9))) -> 0 | AC117: =IF($AB$5<>"歩 道",0,SUMIF($AB$14,X117,$AB$9)) -> 0 | AD117: =IF($AB$5<>"車 道",0,SUMIF($AB$14,X117,$AB$9)) -> 0
D118: 3 | E118: =IF($H$10<>"As",0,IF($H$5<>"歩 道",0,SUMIF($H$11,D118,$H$9))) -> 0 | F118: =IF($H$10<>"As",0,IF($H$5<>"車 道",0,SUMIF($H$11,D118,$H$9))) -> 0 | G118: =IF($H$10<>"Co",0,IF($H$5<>"歩 道",0,SUMIF($H$11,D118,$H$9))) -> 0 | H118: =IF($H$10<>"Co",0,IF($H$5<>"車 道",0,SUMIF($H$11,D118,$H$9))) -> 0 | I118: =IF($H$5<>"歩 道",0,SUMIF($H$14,D118,$H$9)) -> 0 | J118: =IF($H$5<>"車 道",0,SUMIF($H$14,D118,$H$9)) -> 0 | X118: 3 | Y118: =IF($AB$10<>"As",0,IF($AB$5<>"歩 道",0,SUMIF($AB$11,X118,$AB$9))) -> 0 | Z118: =IF($AB$10<>"As",0,IF($AB$5<>"車 道",0,SUMIF($AB$11,X118,$AB$9))) -> 0 | AA118: =IF($AB$10<>"Co",0,IF($AB$5<>"歩 道",0,SUMIF($AB$11,X118,$AB$9))) -> 0 | AB118: =IF($AB$10<>"Co",0,IF($AB$5<>"車 道",0,SUMIF($AB$11,X118,$AB$9))) -> 0 | AC118: =IF($AB$5<>"歩 道",0,SUMIF($AB$14,X118,$AB$9)) -> 0 | AD118: =IF($AB$5<>"車 道",0,SUMIF($AB$14,X118,$AB$9)) -> 0
D119: 4 | E119: =IF($H$10<>"As",0,IF($H$5<>"歩 道",0,SUMIF($H$11,D119,$H$9))) -> 0.6 | F119: =IF($H$10<>"As",0,IF($H$5<>"車 道",0,SUMIF($H$11,D119,$H$9))) -> 0 | G119: =IF($H$10<>"Co",0,IF($H$5<>"歩 道",0,SUMIF($H$11,D119,$H$9))) -> 0 | H119: =IF($H$10<>"Co",0,IF($H$5<>"車 道",0,SUMIF($H$11,D119,$H$9))) -> 0 | I119: =IF($H$5<>"歩 道",0,SUMIF($H$14,D119,$H$9)) -> 0.6 | J119: =IF($H$5<>"車 道",0,SUMIF($H$14,D119,$H$9)) -> 0 | X119: 4 | Y119: =IF($AB$10<>"As",0,IF($AB$5<>"歩 道",0,SUMIF($AB$11,X119,$AB$9))) -> 0 | Z119: =IF($AB$10<>"As",0,IF($AB$5<>"車 道",0,SUMIF($AB$11,X119,$AB$9))) -> 0 | AA119: =IF($AB$10<>"Co",0,IF($AB$5<>"歩 道",0,SUMIF($AB$11,X119,$AB$9))) -> 0 | AB119: =IF($AB$10<>"Co",0,IF($AB$5<>"車 道",0,SUMIF($AB$11,X119,$AB$9))) -> 0 | AC119: =IF($AB$5<>"歩 道",0,SUMIF($AB$14,X119,$AB$9)) -> 0 | AD119: =IF($AB$5<>"車 道",0,SUMIF($AB$14,X119,$AB$9)) -> 0
D120: 5 | E120: =IF($H$10<>"As",0,IF($H$5<>"歩 道",0,SUMIF($H$11,D120,$H$9))) -> 0 | F120: =IF($H$10<>"As",0,IF($H$5<>"車 道",0,SUMIF($H$11,D120,$H$9))) -> 0 | G120: =IF($H$10<>"Co",0,IF($H$5<>"歩 道",0,SUMIF($H$11,D120,$H$9))) -> 0 | H120: =IF($H$10<>"Co",0,IF($H$5<>"車 道",0,SUMIF($H$11,D120,$H$9))) -> 0 | I120: =IF($H$5<>"歩 道",0,SUMIF($H$14,D120,$H$9)) -> 0 | J120: =IF($H$5<>"車 道",0,SUMIF($H$14,D120,$H$9)) -> 0 | X120: 5 | Y120: =IF($AB$10<>"As",0,IF($AB$5<>"歩 道",0,SUMIF($AB$11,X120,$AB$9))) -> 0 | Z120: =IF($AB$10<>"As",0,IF($AB$5<>"車 道",0,SUMIF($AB$11,X120,$AB$9))) -> 0 | AA120: =IF($AB$10<>"Co",0,IF($AB$5<>"歩 道",0,SUMIF($AB$11,X120,$AB$9))) -> 0 | AB120: =IF($AB$10<>"Co",0,IF($AB$5<>"車 道",0,SUMIF($AB$11,X120,$AB$9))) -> 0 | AC120: =IF($AB$5<>"歩 道",0,SUMIF($AB$14,X120,$AB$9)) -> 0 | AD120: =IF($AB$5<>"車 道",0,SUMIF($AB$14,X120,$AB$9)) -> 0
D121: 6 | E121: =IF($H$10<>"As",0,IF($H$5<>"歩 道",0,SUMIF($H$11,D121,$H$9))) -> 0 | F121: =IF($H$10<>"As",0,IF($H$5<>"車 道",0,SUMIF($H$11,D121,$H$9))) -> 0 | G121: =IF($H$10<>"Co",0,IF($H$5<>"歩 道",0,SUMIF($H$11,D121,$H$9))) -> 0 | H121: =IF($H$10<>"Co",0,IF($H$5<>"車 道",0,SUMIF($H$11,D121,$H$9))) -> 0 | I121: =IF($H$5<>"歩 道",0,SUMIF($H$14,D121,$H$9)) -> 0 | J121: =IF($H$5<>"車 道",0,SUMIF($H$14,D121,$H$9)) -> 0 | X121: 6 | Y121: =IF($AB$10<>"As",0,IF($AB$5<>"歩 道",0,SUMIF($AB$11,X121,$AB$9))) -> 0 | Z121: =IF($AB$10<>"As",0,IF($AB$5<>"車 道",0,SUMIF($AB$11,X121,$AB$9))) -> 0 | AA121: =IF($AB$10<>"Co",0,IF($AB$5<>"歩 道",0,SUMIF($AB$11,X121,$AB$9))) -> 0 | AB121: =IF($AB$10<>"Co",0,IF($AB$5<>"車 道",0,SUMIF($AB$11,X121,$AB$9))) -> 0 | AC121: =IF($AB$5<>"歩 道",0,SUMIF($AB$14,X121,$AB$9)) -> 0 | AD121: =IF($AB$5<>"車 道",0,SUMIF($AB$14,X121,$AB$9)) -> 0
D122: 7 | E122: =IF($H$10<>"As",0,IF($H$5<>"歩 道",0,SUMIF($H$11,D122,$H$9))) -> 0 | F122: =IF($H$10<>"As",0,IF($H$5<>"車 道",0,SUMIF($H$11,D122,$H$9))) -> 0 | G122: =IF($H$10<>"Co",0,IF($H$5<>"歩 道",0,SUMIF($H$11,D122,$H$9))) -> 0 | H122: =IF($H$10<>"Co",0,IF($H$5<>"車 道",0,SUMIF($H$11,D122,$H$9))) -> 0 | I122: =IF($H$5<>"歩 道",0,SUMIF($H$14,D122,$H$9)) -> 0 | J122: =IF($H$5<>"車 道",0,SUMIF($H$14,D122,$H$9)) -> 0 | X122: 7 | Y122: =IF($AB$10<>"As",0,IF($AB$5<>"歩 道",0,SUMIF($AB$11,X122,$AB$9))) -> 0 | Z122: =IF($AB$10<>"As",0,IF($AB$5<>"車 道",0,SUMIF($AB$11,X122,$AB$9))) -> 0 | AA122: =IF($AB$10<>"Co",0,IF($AB$5<>"歩 道",0,SUMIF($AB$11,X122,$AB$9))) -> 0 | AB122: =IF($AB$10<>"Co",0,IF($AB$5<>"車 道",0,SUMIF($AB$11,X122,$AB$9))) -> 0 | AC122: =IF($AB$5<>"歩 道",0,SUMIF($AB$14,X122,$AB$9)) -> 0 | AD122: =IF($AB$5<>"車 道",0,SUMIF($AB$14,X122,$AB$9)) -> 0
D123: 8 | E123: =IF($H$10<>"As",0,IF($H$5<>"歩 道",0,SUMIF($H$11,D123,$H$9))) -> 0 | F123: =IF($H$10<>"As",0,IF($H$5<>"車 道",0,SUMIF($H$11,D123,$H$9))) -> 0 | G123: =IF($H$10<>"Co",0,IF($H$5<>"歩 道",0,SUMIF($H$11,D123,$H$9))) -> 0 | H123: =IF($H$10<>"Co",0,IF($H$5<>"車 道",0,SUMIF($H$11,D123,$H$9))) -> 0 | I123: =IF($H$5<>"歩 道",0,SUMIF($H$14,D123,$H$9)) -> 0 | J123: =IF($H$5<>"車 道",0,SUMIF($H$14,D123,$H$9)) -> 0 | X123: 8 | Y123: =IF($AB$10<>"As",0,IF($AB$5<>"歩 道",0,SUMIF($AB$11,X123,$AB$9))) -> 0 | Z123: =IF($AB$10<>"As",0,IF($AB$5<>"車 道",0,SUMIF($AB$11,X123,$AB$9))) -> 0 | AA123: =IF($AB$10<>"Co",0,IF($AB$5<>"歩 道",0,SUMIF($AB$11,X123,$AB$9))) -> 0 | AB123: =IF($AB$10<>"Co",0,IF($AB$5<>"車 道",0,SUMIF($AB$11,X123,$AB$9))) -> 0 | AC123: =IF($AB$5<>"歩 道",0,SUMIF($AB$14,X123,$AB$9)) -> 0 | AD123: =IF($AB$5<>"車 道",0,SUMIF($AB$14,X123,$AB$9)) -> 0
D124: 9 | E124: =IF($H$10<>"As",0,IF($H$5<>"歩 道",0,SUMIF($H$11,D124,$H$9))) -> 0 | F124: =IF($H$10<>"As",0,IF($H$5<>"車 道",0,SUMIF($H$11,D124,$H$9))) -> 0 | G124: =IF($H$10<>"Co",0,IF($H$5<>"歩 道",0,SUMIF($H$11,D124,$H$9))) -> 0 | H124: =IF($H$10<>"Co",0,IF($H$5<>"車 道",0,SUMIF($H$11,D124,$H$9))) -> 0 | I124: =IF($H$5<>"歩 道",0,SUMIF($H$14,D124,$H$9)) -> 0 | J124: =IF($H$5<>"車 道",0,SUMIF($H$14,D124,$H$9)) -> 0 | X124: 9 | Y124: =IF($AB$10<>"As",0,IF($AB$5<>"歩 道",0,SUMIF($AB$11,X124,$AB$9))) -> 0 | Z124: =IF($AB$10<>"As",0,IF($AB$5<>"車 道",0,SUMIF($AB$11,X124,$AB$9))) -> 0 | AA124: =IF($AB$10<>"Co",0,IF($AB$5<>"歩 道",0,SUMIF($AB$11,X124,$AB$9))) -> 0 | AB124: =IF($AB$10<>"Co",0,IF($AB$5<>"車 道",0,SUMIF($AB$11,X124,$AB$9))) -> 0 | AC124: =IF($AB$5<>"歩 道",0,SUMIF($AB$14,X124,$AB$9)) -> 0 | AD124: =IF($AB$5<>"車 道",0,SUMIF($AB$14,X124,$AB$9)) -> 0
D125: 10 | E125: =IF($H$10<>"As",0,IF($H$5<>"歩 道",0,SUMIF($H$11,D125,$H$9))) -> 0 | F125: =IF($H$10<>"As",0,IF($H$5<>"車 道",0,SUMIF($H$11,D125,$H$9))) -> 0 | G125: =IF($H$10<>"Co",0,IF($H$5<>"歩 道",0,SUMIF($H$11,D125,$H$9))) -> 0 | H125: =IF($H$10<>"Co",0,IF($H$5<>"車 道",0,SUMIF($H$11,D125,$H$9))) -> 0 | I125: =IF($H$5<>"歩 道",0,SUMIF($H$14,D125,$H$9)) -> 0 | J125: =IF($H$5<>"車 道",0,SUMIF($H$14,D125,$H$9)) -> 0 | X125: 10 | Y125: =IF($AB$10<>"As",0,IF($AB$5<>"歩 道",0,SUMIF($AB$11,X125,$AB$9))) -> 0 | Z125: =IF($AB$10<>"As",0,IF($AB$5<>"車 道",0,SUMIF($AB$11,X125,$AB$9))) -> 0 | AA125: =IF($AB$10<>"Co",0,IF($AB$5<>"歩 道",0,SUMIF($AB$11,X125,$AB$9))) -> 0 | AB125: =IF($AB$10<>"Co",0,IF($AB$5<>"車 道",0,SUMIF($AB$11,X125,$AB$9))) -> 0 | AC125: =IF($AB$5<>"歩 道",0,SUMIF($AB$14,X125,$AB$9)) -> 0 | AD125: =IF($AB$5<>"車 道",0,SUMIF($AB$14,X125,$AB$9)) -> 0
D126: 11 | E126: =IF($H$10<>"As",0,IF($H$5<>"歩 道",0,SUMIF($H$11,D126,$H$9))) -> 0 | F126: =IF($H$10<>"As",0,IF($H$5<>"車 道",0,SUMIF($H$11,D126,$H$9))) -> 0 | G126: =IF($H$10<>"Co",0,IF($H$5<>"歩 道",0,SUMIF($H$11,D126,$H$9))) -> 0 | H126: =IF($H$10<>"Co",0,IF($H$5<>"車 道",0,SUMIF($H$11,D126,$H$9))) -> 0 | I126: =IF($H$5<>"歩 道",0,SUMIF($H$14,D126,$H$9)) -> 0 | J126: =IF($H$5<>"車 道",0,SUMIF($H$14,D126,$H$9)) -> 0 | X126: 11 | Y126: =IF($AB$10<>"As",0,IF($AB$5<>"歩 道",0,SUMIF($AB$11,X126,$AB$9))) -> 0 | Z126: =IF($AB$10<>"As",0,IF($AB$5<>"車 道",0,SUMIF($AB$11,X126,$AB$9))) -> 0 | AA126: =IF($AB$10<>"Co",0,IF($AB$5<>"歩 道",0,SUMIF($AB$11,X126,$AB$9))) -> 0 | AB126: =IF($AB$10<>"Co",0,IF($AB$5<>"車 道",0,SUMIF($AB$11,X126,$AB$9))) -> 0 | AC126: =IF($AB$5<>"歩 道",0,SUMIF($AB$14,X126,$AB$9)) -> 0 | AD126: =IF($AB$5<>"車 道",0,SUMIF($AB$14,X126,$AB$9)) -> 0
D127: 12 | E127: =IF($H$10<>"As",0,IF($H$5<>"歩 道",0,SUMIF($H$11,D127,$H$9))) -> 0 | F127: =IF($H$10<>"As",0,IF($H$5<>"車 道",0,SUMIF($H$11,D127,$H$9))) -> 0 | G127: =IF($H$10<>"Co",0,IF($H$5<>"歩 道",0,SUMIF($H$11,D127,$H$9))) -> 0 | H127: =IF($H$10<>"Co",0,IF($H$5<>"車 道",0,SUMIF($H$11,D127,$H$9))) -> 0 | I127: =IF($H$5<>"歩 道",0,SUMIF($H$14,D127,$H$9)) -> 0 | J127: =IF($H$5<>"車 道",0,SUMIF($H$14,D127,$H$9)) -> 0 | X127: 12 | Y127: =IF($AB$10<>"As",0,IF($AB$5<>"歩 道",0,SUMIF($AB$11,X127,$AB$9))) -> 0 | Z127: =IF($AB$10<>"As",0,IF($AB$5<>"車 道",0,SUMIF($AB$11,X127,$AB$9))) -> 0 | AA127: =IF($AB$10<>"Co",0,IF($AB$5<>"歩 道",0,SUMIF($AB$11,X127,$AB$9))) -> 0 | AB127: =IF($AB$10<>"Co",0,IF($AB$5<>"車 道",0,SUMIF($AB$11,X127,$AB$9))) -> 0 | AC127: =IF($AB$5<>"歩 道",0,SUMIF($AB$14,X127,$AB$9)) -> 0 | AD127: =IF($AB$5<>"車 道",0,SUMIF($AB$14,X127,$AB$9)) -> 0
... D155: 40 | E155: =IF($H$10<>"As",0,IF($H$5<>"歩 道",0,SUMIF($H$11,D155,$H$9))) -> 0 | F155: =IF($H$10<>"As",0,IF($H$5<>"車 道",0,SUMIF($H$11,D155,$H$9))) -> 0 | G155: =IF($H$10<>"Co",0,IF($H$5<>"歩 道",0,SUMIF($H$11,D155,$H$9))) -> 0 | H155: =IF($H$10<>"Co",0,IF($H$5<>"車 道",0,SUMIF($H$11,D155,$H$9))) -> 0 | I155: =IF($H$5<>"歩 道",0,SUMIF($H$14,D155,$H$9)) -> 0 | J155: =IF($H$5<>"車 道",0,SUMIF($H$14,D155,$H$9)) -> 0 | X155: 40 | Y155: =IF($AB$10<>"As",0,IF($AB$5<>"歩 道",0,SUMIF($AB$11,X155,$AB$9))) -> 0 | Z155: =IF($AB$10<>"As",0,IF($AB$5<>"車 道",0,SUMIF($AB$11,X155,$AB$9))) -> 0 | AA155: =IF($AB$10<>"Co",0,IF($AB$5<>"歩 道",0,SUMIF($AB$11,X155,$AB$9))) -> 0 | AB155: =IF($AB$10<>"Co",0,IF($AB$5<>"車 道",0,SUMIF($AB$11,X155,$AB$9))) -> 0 | AC155: =IF($AB$5<>"歩 道",0,SUMIF($AB$14,X155,$AB$9)) -> 0 | AD155: =IF($AB$5<>"車 道",0,SUMIF($AB$14,X155,$AB$9)) -> 0
D157: №3 | X157: №3
E158: As | G158: Co | I158: 仮復旧 | Y158: As | AA158: Co | AC158: 仮復旧
E159: 歩道 | F159: 車道 | G159: 歩道 | H159: 車道 | I159: 歩道 | J159: 車道 | Y159: 歩道 | Z159: 車道 | AA159: 歩道 | AB159: 車道 | AC159: 歩道 | AD159: 車道
...

Sheet 試掘（土50
A1: ■試験掘（PEφ50～φ300）【新設】 （PEφ50～PEφ75）【取替】 土工事積算用集計表 | O1: 工事名： | T1: =表紙!C2 -> 東白川特2高層配水池揚水管取替工事
B2: □舗装数量
C3: ○舗装版取壊 数量 | J3: □As殻Co殻運搬（現場～仮置場） | U3: ≪※ | W3: 仮置無し | X3: の場合≫
D4: 舗装種別 | F4: 掘削面積 | G4: 舗装厚 | O4: F1
D5: 3 | E5: As車道 | F5: ='試掘（舗50'!E9 -> 1.2 | G5: 0.1 | H5: =ROUND(F5*G5,2) -> 0.12 | L5: As（車道） | N5: （ | O5: =IF($W$3="仮置無し",0,$H$17) -> 0 | P5: ） | AC5: = | AD5: =O5 -> 0
H6: =ROUND(F6*G6,2) -> 0 | O6: F2
H7: =ROUND(F7*G7,2) -> 0 | L7: As（歩道） | N7: （ | O7: =IF($W$3="仮置無し",0,$H$30) -> 0 | P7: ） | AC7: = | AD7: =O7 -> 0
H8: =ROUND(F8*G8,2) -> 0 | O8: G
H9: =ROUND(F9*G9,2) -> 0 | L9: Co | N9: （ | O9: =IF($W$3="仮置無し",0,$H$43) -> 0 | P9: ） | AC9: = | AD9: =O9 -> 0
H10: =ROUND(F10*G10,2) -> 0
H11: =ROUND(F11*G11,2) -> 0 | J11: □掘削
H12: =ROUND(F12*G12,2) -> 0 | K12: ●全体土量 | O12: 試掘箇所数 | AD12: A
H13: =ROUND(F13*G13,2) -> 0 | L13: 試掘全体土量 | N13: （ | O13: =SUM('試掘（舗50'!AA7,'試掘（舗50'!AD7,'試掘（舗50'!AA19,'試掘（舗50'!AD19,'試掘（舗50'!AA31,'試掘（舗50'!AD31,'試掘（舗50'!G7,'試掘（舗50'!J7,'試掘（舗50'!G19,'試掘（舗50'!J19,'試掘（舗50'!G31,'試掘（舗50'!J31) -> 3 | P13: ） | Q13: × | R13: =ROUND(0.6*1*1.2,2) -> 0.72 | AC13: = | AD13: =ROUND(O13*R13,2) -> 2.16
H14: =ROUND(F14*G14,2) -> 0 | K14: ●全体床堀土量 | O14: A | S14: F1 | W14: F2 | AA14: G | AD14: B1
H15: =ROUND(F15*G15,2) -> 0 | L15: 全体床堀土量 | N15: （ | O15: =$AD$13 -> 2.16 | P15: ） | Q15: - | R15: （ | S15: =$H$17 -> 0.12 | T15: ） | U15: - | V15: （ | W15: =$H$30 -> 0.02 | X15: ） | Y15: - | Z15: （ | AA15: =$H$43 -> 0 | AB15: ） | AC15: = | AD15: =O15-S15-W15-AA15 -> 2.02
H16: =ROUND(F16*G16,2) -> 0 | K16: ●床 堀 | O16: B1
D17: （F1）As車道部 取壊 数量 | H17: =SUM(H5:H16) -> 0.12 | L17: 砂質土（人力） | N17: （ | O17: =$AD$15 -> 2.02 | P17: ） | AC17: = | AD17: =O17 -> 2.02
D18: 10→10-1 | E18: As歩道 | F18: ='試掘（舗50'!H9 -> 0.6 | G18: 0.04 | H18: =ROUND(F18*G18,2) -> 0.02 | K18: ●全体埋戻土量 | O18: A | S18: H | W18: M | AD18: B2
F19: ='試掘（舗50'!E21 -> 0 | H19: =ROUND(F19*G19,2) -> 0 | L19: 全体埋戻土量 | N19: （ | O19: =$AD$13 -> 2.16 | P19: ） | Q19: - | R19: （ | S19: =IF('試掘（舗50'!AM32="",'試掘（舗50'!S32,'試掘（舗50'!AM32) -> 0.3 | T19: ） | U19: - | V19: （ | W19: =IF('試掘（舗50'!AM39="",'試掘（舗50'!S39,'試掘（舗50'!AM39) -> 0.08 | X19: ） | AC19: = | AD19: =O19-S19-W19 -> 1.78
F20: ='試掘（舗50'!H21 -> 0 | H20: =ROUND(F20*G20,2) -> 0 | K20: ●土砂運搬（現場～仮置場） | O20: B1 | S20: B2 | AD20: B3
H21: =ROUND(F21*G21,2) -> 0 | L21: 砂質土（機械） | N21: （ | O21: =$AD$15 -> 2.02 | P21: ） | Q21: - | R21: （ | S21: =$AD$19 -> 1.78 | T21: ） | AC21: = | AD21: =O21-S21 -> 0.24
H22: =ROUND(F22*G22,2) -> 0
H23: =ROUND(F23*G23,2) -> 0
H24: =ROUND(F24*G24,2) -> 0
H25: =ROUND(F25*G25,2) -> 0 | J25: □埋戻し | O25: B2
H26: =ROUND(F26*G26,2) -> 0 | L26: 発生土（機械） | N26: （ | O26: =$AD$19 -> 1.78 | P26: ） | AC26: = | AD26: =O26 -> 1.78
H27: =ROUND(F27*G27,2) -> 0
H28: =ROUND(F28*G28,2) -> 0 | J28: =IF(W3="仮置有り","□As殻Co殻運搬処理（仮置場～処分地）","□As殻Co殻運搬処理（現場～処分地）") -> □As殻Co殻運搬処理（現場～処分地）
H29: =ROUND(F29*G29,2) -> 0 | K29: ●仮置土積込工 | O29: F1 | S29: F2 | U29: ≪※ | W29: =W3 -> 仮置無し | X29: の場合≫
D30: （F2）As歩道部 取壊 数量 | H30: =SUM(H18:H29) -> 0.02 | L30: As | N30: （ | O30: =IF($W$3="仮置無し",0,$H$17) -> 0 | P30: ） | Q30: + | R30: （ | S30: =IF($W$3="仮置無し",0,$H$30) -> 0 | T30: ） | AC30: = | AD30: =O30+S30 -> 0
E31: Co | H31: =ROUND(F31*G31,2) -> 0 | O31: G
H32: =ROUND(F32*G32,2) -> 0 | L32: Co | N32: （ | O32: =IF($W$3="仮置無し",0,$H$43) -> 0 | P32: ） | AC32: = | AD32: =O32 -> 0
H33: =ROUND(F33*G33,2) -> 0 | K33: ●殻運搬処理 | O33: F1
H34: =ROUND(F34*G34,2) -> 0 | L34: As（車道） | N34: （ | O34: =$H$17 -> 0.12 | P34: ） | AC34: = | AD34: =O34 -> 0.12
H35: =ROUND(F35*G35,2) -> 0 | O35: F2
H36: =ROUND(F36*G36,2) -> 0 | L36: As（歩道） | N36: （ | O36: =$H$30 -> 0.02 | P36: ） | AC36: = | AD36: =O36 -> 0.02
H37: =ROUND(F37*G37,2) -> 0 | O37: G
H38: =ROUND(F38*G38,2) -> 0 | L38: Co | N38: （ | O38: =$H$43 -> 0 | P38: ） | AC38: = | AD38: =O38 -> 0
H39: =ROUND(F39*G39,2) -> 0
H40: =ROUND(F40*G40,2) -> 0 | J40: □残土運搬処理（仮置場～処分地）
H41: =ROUND(F41*G41,2) -> 0 | K41: ●仮置土積込工（残土量） | O41: B3
H42: =ROUND(F42*G42,2) -> 0 | L42: 砂質土 | N42: （ | O42: =$AD$21 -> 0.24 | P42: ） | AC42: = | AD42: =O42 -> 0.24
D43: （G）Co部 取壊 数量 | H43: =SUM(H31:H42) -> 0 | K43: ●残土運搬処理 | O43: B3
L44: 砂質土 | N44: （ | O44: =$AD$21 -> 0.24 | P44: ） | AC44: = | AD44: =O44 -> 0.24
C45: ○先行路盤・仮復旧 数量
D46: （H）先行路盤（再使用） 数量 | H46: =SUM('試掘（舗50'!S32,'試掘（舗50'!AK44) -> 0.3
D47: （M）仮復旧 数量 | H47: =SUM('試掘（舗50'!S39,'試掘（舗50'!AK45) -> 0.08

Sheet 試掘（舗300
A1: =IF(AK43="×","■試験掘（φ300）【新設】 舗装復旧積算用集計表","■試験掘（φ300）【新設】 舗装復旧積算用集計表No.1") -> ■試験掘（φ300）【新設】 舗装復旧積算用集計表 | L1: 工事名： | O1: =表紙!C2 -> 東白川特2高層配水池揚水管取替工事 | U1: =IF(AK43="×","二枚目使用する時は印刷範囲へ(※掘削延長を入力すると１Pも含め様式変換されます)","■試験掘（φ200～φ300）【新設】 舗装復旧積算用集計表No.2") -> 二枚目使用する時は印刷範囲へ(※掘削延長を入力すると１Pも含め様式変換されます) | AF1: 工事名： | AI1: =表紙!C2 -> 東白川特2高層配水池揚水管取替工事
B2: =IF(AK43="×","□掘削面積","□掘削面積No.1") -> □掘削面積 | M2: =IF(AK43="×","□舗装切断工","□舗装切断工No.1") -> □舗装切断工 | V2: □掘削面積No.2 | AG2: □舗装切断工No.2
C3: 在来舗装 | E3: 3 | H3: 10→10-1 | N3: 種別・舗装厚 | P3: 合 計 | Q3: 種別・舗装厚 | S3: 合 計 | W3: 在来舗装 | Y3: 3 | AB3: 10 | AH3: 種別・舗装厚 | AJ3: 合 計 | AK3: 種別・舗装厚 | AM3: 合 計
C4: 復旧号工 | E4: 5 | H4: 5 | N4: As | O4: t≦15 | P4: =F43+F47+F51+F55+F59+F63 -> 0 | Q4: Co | R4: t≦15 | S4: =I43+I47+I51+I55+I59+I63 -> 0 | W4: 復旧号工 | Y4: 5 | AB4: 5 | AH4: As | AI4: t≦15 | AJ4: =Z43+Z47+Z51+Z55+Z59+Z63 -> 0 | AK4: Co | AL4: t≦15 | AM4: =AC43+AC47+AC51+AC55+AC59+AC63 -> 0
C5: 区 分 | E5: 車 道 | H5: 歩 道 | N5: As | O5: 15<t≦30 | P5: =F44+F48+F52+F56+F60+F64 -> 0 | Q5: Co | R5: 15<t≦30 | S5: =I44+I48+I52+I56+I60+I64 -> 0 | W5: 区 分 | Y5: 車 道 | AB5: 歩 道 | AH5: As | AI5: 15<t≦30 | AJ5: =Z44+Z48+Z52+Z56+Z60+Z64 -> 0 | AK5: Co | AL5: 15<t≦30 | AM5: =AC44+AC48+AC52+AC56+AC60+AC64 -> 0
C6: 施工区分 | E6: 昼間施工 | H6: 昼間施工 | N6: As | O6: 30<t≦40 | P6: =F45+F49+F53+F57+F61+F65 -> 0 | W6: 施工区分 | Y6: 昼間施工 | AB6: 昼間施工 | AH6: As | AI6: 30<t≦40 | AJ6: =Z45+Z49+Z53+Z57+Z61+Z65 -> 0
C7: 管布設延長 | F7: 20 | G7: =ROUNDUP(E7/F7,0) -> 0 | I7: 20 | J7: =ROUNDUP(H7/I7,0) -> 0 | W7: 管布設延長 | Z7: 20 | AA7: =ROUNDUP(Y7/Z7,0) -> 0 | AC7: 20 | AD7: =ROUNDUP(AB7/AC7,0) -> 0
C8: 掘削面積 | E8: =G7 -> 0 | F8: 0.7 | G8: =ROUND(E8*F8,2) -> 0 | H8: =J7 -> 0 | I8: 0.7 | J8: =ROUND(H8*I8,2) -> 0 | W8: 掘削面積 | Y8: =AA7 -> 0 | Z8: 0.7 | AA8: =ROUND(Y8*Z8,2) -> 0 | AB8: =AD7 -> 0 | AC8: 0.7 | AD8: =ROUND(AB8*AC8,2) -> 0
C9: 合 計 | E9: =SUM(G8:G8) -> 0 | H9: =SUM(J8:J8) -> 0 | M9: =IF(AK43="×","□舗装版破砕工（人力）","□舗装版破砕工（人力）No.1") -> □舗装版破砕工（人力） | W9: 合 計 | Y9: =SUM(AA8:AA8) -> 0 | AB9: =SUM(AD8:AD8) -> 0 | AG9: □舗装版破砕工（人力）No.2
C10: 舗装版破砕工 | E10: As | H10: As | N10: 種別・舗装厚 | P10: 合 計 | Q10: 種別・舗装厚 | S10: 合 計 | W10: 舗装版破砕工 | Y10: As | AB10: As | AH10: 種別・舗装厚 | AJ10: 合 計 | AK10: 種別・舗装厚 | AM10: 合 計
E11: 10 | H11: 4 | N11: As | O11: =IF(MAX($E$381:$E$420)<ROW()-10,"",INDEX($D$381:$D$420,MATCH(ROW()-10,$E$381:$E$420,0),1)) | P11: =SUMIF($D$381:$D$420,O11,$F$381:$F$420) -> 0 | Q11: Co | R11: =IF(MAX($G$381:$G$420)<ROW()-10,"",INDEX($D$381:$D$420,MATCH(ROW()-10,$G$381:$G$420,0),1)) | S11: =SUMIF($D$381:$D$420,R11,$H$381:$H$420) -> 0 | Y11: 10 | AB11: 4 | AH11: As | AI11: =IF(MAX($Y$381:$Y$420)<ROW()-10,"",INDEX($X$381:$X$420,MATCH(ROW()-10,$Y$381:$Y$420,0),1)) | AJ11: =SUMIF($X$381:$X$420,AI11,$Z$381:$Z$420) -> 0 | AK11: Co | AL11: =IF(MAX($AA$381:$AA$420)<ROW()-10,"",INDEX($X$381:$X$420,MATCH(ROW()-10,$AA$381:$AA$420,0),1)) | AM11: =SUMIF($X$381:$X$420,AL11,$AB$381:$AB$420) -> 0
C12: 先行路盤 | E12: 発生土（再使用） | N12: As | O12: =IF(MAX($E$381:$E$420)<ROW()-10,"",INDEX($D$381:$D$420,MATCH(ROW()-10,$E$381:$E$420,0),1)) | P12: =SUMIF($D$381:$D$420,O12,$F$381:$F$420) -> 0 | Q12: Co | R12: =IF(MAX($G$381:$G$420)<ROW()-10,"",INDEX($D$381:$D$420,MATCH(ROW()-10,$G$381:$G$420,0),1)) | S12: =SUMIF($D$381:$D$420,R12,$H$381:$H$420) -> 0 | W12: 先行路盤 | Y12: 発生土（再使用） | AB12: 発生土（再使用） | AH12: As | AI12: =IF(MAX($Y$381:$Y$420)<ROW()-10,"",INDEX($X$381:$X$420,MATCH(ROW()-10,$Y$381:$Y$420,0),1)) | AJ12: =SUMIF($X$381:$X$420,AI12,$Z$381:$Z$420) -> 0 | AK12: Co | AL12: =IF(MAX($AA$381:$AA$420)<ROW()-10,"",INDEX($X$381:$X$420,MATCH(ROW()-10,$AA$381:$AA$420,0),1)) | AM12: =SUMIF($X$381:$X$420,AL12,$AB$381:$AB$420) -> 0
E13: 25 | N13: As | O13: =IF(MAX($E$381:$E$420)<ROW()-10,"",INDEX($D$381:$D$420,MATCH(ROW()-10,$E$381:$E$420,0),1)) | P13: =SUMIF($D$381:$D$420,O13,$F$381:$F$420) -> 0 | Q13: Co | R13: =IF(MAX($G$381:$G$420)<ROW()-10,"",INDEX($D$381:$D$420,MATCH(ROW()-10,$G$381:$G$420,0),1)) | S13: =SUMIF($D$381:$D$420,R13,$H$381:$H$420) -> 0 | Y13: 25 | AB13: 10 | AH13: As | AI13: =IF(MAX($Y$381:$Y$420)<ROW()-10,"",INDEX($X$381:$X$420,MATCH(ROW()-10,$Y$381:$Y$420,0),1)) | AJ13: =SUMIF($X$381:$X$420,AI13,$Z$381:$Z$420) -> 0 | AK13: Co | AL13: =IF(MAX($AA$381:$AA$420)<ROW()-10,"",INDEX($X$381:$X$420,MATCH(ROW()-10,$AA$381:$AA$420,0),1)) | AM13: =SUMIF($X$381:$X$420,AL13,$AB$381:$AB$420) -> 0
C14: 仮復旧 | E14: 5 | H14: 4 | N14: As | O14: =IF(MAX($E$381:$E$420)<ROW()-10,"",INDEX($D$381:$D$420,MATCH(ROW()-10,$E$381:$E$420,0),1)) | P14: =SUMIF($D$381:$D$420,O14,$F$381:$F$420) -> 0 | Q14: Co | R14: =IF(MAX($G$381:$G$420)<ROW()-10,"",INDEX($D$381:$D$420,MATCH(ROW()-10,$G$381:$G$420,0),1)) | S14: =SUMIF($D$381:$D$420,R14,$H$381:$H$420) -> 0 | W14: 仮復旧 | Y14: 5 | AB14: 4 | AH14: As | AI14: =IF(MAX($Y$381:$Y$420)<ROW()-10,"",INDEX($X$381:$X$420,MATCH(ROW()-10,$Y$381:$Y$420,0),1)) | AJ14: =SUMIF($X$381:$X$420,AI14,$Z$381:$Z$420) -> 0 | AK14: Co | AL14: =IF(MAX($AA$381:$AA$420)<ROW()-10,"",INDEX($X$381:$X$420,MATCH(ROW()-10,$AA$381:$AA$420,0),1)) | AM14: =SUMIF($X$381:$X$420,AL14,$AB$381:$AB$420) -> 0
C15: 在来舗装 | N15: As | O15: =IF(MAX($E$381:$E$420)<ROW()-10,"",INDEX($D$381:$D$420,MATCH(ROW()-10,$E$381:$E$420,0),1)) | P15: =SUMIF($D$381:$D$420,O15,$F$381:$F$420) -> 0 | Q15: Co | R15: =IF(MAX($G$381:$G$420)<ROW()-10,"",INDEX($D$381:$D$420,MATCH(ROW()-10,$G$381:$G$420,0),1)) | S15: =SUMIF($D$381:$D$420,R15,$H$381:$H$420) -> 0 | W15: 在来舗装 | Y15: 2 | AH15: As | AI15: =IF(MAX($Y$381:$Y$420)<ROW()-10,"",INDEX($X$381:$X$420,MATCH(ROW()-10,$Y$381:$Y$420,0),1)) | AJ15: =SUMIF($X$381:$X$420,AI15,$Z$381:$Z$420) -> 0 | AK15: Co | AL15: =IF(MAX($AA$381:$AA$420)<ROW()-10,"",INDEX($X$381:$X$420,MATCH(ROW()-10,$AA$381:$AA$420,0),1)) | AM15: =SUMIF($X$381:$X$420,AL15,$AB$381:$AB$420) -> 0
C16: 復旧号工 | N16: As | O16: =IF(MAX($E$381:$E$420)<ROW()-10,"",INDEX($D$381:$D$420,MATCH(ROW()-10,$E$381:$E$420,0),1)) | P16: =SUMIF($D$381:$D$420,O16,$F$381:$F$420) -> 0 | Q16: Co | R16: =IF(MAX($G$381:$G$420)<ROW()-10,"",INDEX($D$381:$D$420,MATCH(ROW()-10,$G$381:$G$420,0),1)) | S16: =SUMIF($D$381:$D$420,R16,$H$381:$H$420) -> 0 | W16: 復旧号工 | Y16: 5 | AH16: As | AI16: =IF(MAX($Y$381:$Y$420)<ROW()-10,"",INDEX($X$381:$X$420,MATCH(ROW()-10,$Y$381:$Y$420,0),1)) | AJ16: =SUMIF($X$381:$X$420,AI16,$Z$381:$Z$420) -> 0 | AK16: Co | AL16: =IF(MAX($AA$381:$AA$420)<ROW()-10,"",INDEX($X$381:$X$420,MATCH(ROW()-10,$AA$381:$AA$420,0),1)) | AM16: =SUMIF($X$381:$X$420,AL16,$AB$381:$AB$420) -> 0
C17: 区 分 | W17: 区 分 | Y17: 車 道
C18: 施工区分 | W18: 施工区分 | Y18: 昼間施工
C19: 管布設延長 | F19: 20 | G19: =ROUNDUP(E19/F19,0) -> 0 | I19: 20 | J19: =ROUNDUP(H19/I19,0) -> 0 | M19: □殻運搬(総計) | W19: 管布設延長 | Z19: 20 | AA19: =ROUNDUP(Y19/Z19,0) -> 0 | AC19: 20 | AD19: =ROUNDUP(AB19/AC19,0) -> 0
C20: 掘削面積 | E20: =G19 -> 0 | F20: 0.7 | G20: =ROUND(E20*F20,2) -> 0 | H20: =J19 -> 0 | I20: 0.7 | J20: =ROUND(H20*I20,2) -> 0 | N20: 種 別 | P20: 合 計 | Q20: 種 別 | S20: 合 計 | W20: 掘削面積 | Y20: =AA19 -> 0 | Z20: 0.7 | AA20: =ROUND(Y20*Z20,2) -> 0 | AB20: =AD19 -> 0 | AC20: 0.7 | AD20: =ROUND(AB20*AC20,2) -> 0
C21: 合 計 | E21: =SUM(G20:G20) -> 0 | H21: =SUM(J20:J20) -> 0 | N21: As（車道） | P21: =SUMPRODUCT($X$336:$X$375,$Z$336:$Z$375)/100+SUMPRODUCT($D$336:$D$375,$F$336:$F$375)/100 -> 0 | Q21: Co | S21: =SUMPRODUCT($X$381:$X$420,$AB$381:$AB$420)/100+SUMPRODUCT($D$381:$D$420,$H$381:$H$420)/100 -> 0 | W21: 合 計 | Y21: =SUM(AA20:AA20) -> 0 | AB21: =SUM(AD20:AD20) -> 0
C22: 舗装版破砕工 | N22: As（歩道） | P22: =SUMPRODUCT($X$336:$X$375,$Y$336:$Y$375)/100+SUMPRODUCT($D$336:$D$375,$E$336:$E$375)/100 -> 0 | Q22: 全種 | S22: =IF($Q$22="全種",$P$21+$S$21+$P$22,"0")+IF($Q$22="As（車道）＋As（歩道）",$P$21+$P$22,"0")+IF($Q$22="As（車道）＋Co",$P$21+$S$21,"0")+IF($Q$22="As（歩道）＋Co",$P$22+$S$21,"0") -> 0 | W22: 舗装版破砕工 | Y22: As | AB22: As
Y23: 15 | AB23: 10
C24: 先行路盤 | M24: =IF(AK43="×","□先行路盤（再使用）","□先行路盤（再使用）No.1") -> □先行路盤（再使用） | W24: 先行路盤 | Y24: 発生土（再使用） | AB24: 発生土（再使用） | AG24: □先行路盤（再使用）No.2
N25: 種別・路盤厚 | P25: 合 計 | Q25: 種別・路盤厚 | S25: 合 計 | Y25: 50 | AB25: 25 | AH25: 種別・路盤厚 | AJ25: 合 計 | AK25: 種別・路盤厚 | AM25: 合 計
C26: 仮復旧 | N26: 再使用 | O26: =IF(MAX($I$618:$I$677)<ROW()-25,"",INDEX($H$618:$H$677,MATCH(ROW()-25,$I$618:$I$677,0),1)) | P26: =SUMIF($H$618:$H$677,O26,$J$618:$J$677) -> 0 | W26: 仮復旧 | Y26: 10 | AB26: 5 | AH26: 再使用 | AI26: =IF(MAX($AC$618:$AC$677)<ROW()-25,"",INDEX($AB$618:$AB$677,MATCH(ROW()-25,$AC$618:$AC$677,0),1)) | AJ26: =SUMIF($AB$618:$AB$677,AI26,$AD$618:$AD$677) -> 0
C27: 在来舗装 | N27: 再使用 | O27: =IF(MAX($I$618:$I$677)<ROW()-25,"",INDEX($H$618:$H$677,MATCH(ROW()-25,$I$618:$I$677,0),1)) | P27: =SUMIF($H$618:$H$677,O27,$J$618:$J$677) -> 0 | W27: 在来舗装 | AH27: 再使用 | AI27: =IF(MAX($AC$618:$AC$677)<ROW()-25,"",INDEX($AB$618:$AB$677,MATCH(ROW()-25,$AC$618:$AC$677,0),1)) | AJ27: =SUMIF($AB$618:$AB$677,AI27,$AD$618:$AD$677) -> 0
C28: 復旧号工 | N28: 再使用 | O28: =IF(MAX($I$618:$I$677)<ROW()-25,"",INDEX($H$618:$H$677,MATCH(ROW()-25,$I$618:$I$677,0),1)) | P28: =SUMIF($H$618:$H$677,O28,$J$618:$J$677) -> 0 | W28: 復旧号工 | AH28: 再使用 | AI28: =IF(MAX($AC$618:$AC$677)<ROW()-25,"",INDEX($AB$618:$AB$677,MATCH(ROW()-25,$AC$618:$AC$677,0),1)) | AJ28: =SUMIF($AB$618:$AB$677,AI28,$AD$618:$AD$677) -> 0
C29: 区 分 | N29: 再使用 | O29: =IF(MAX($I$618:$I$677)<ROW()-25,"",INDEX($H$618:$H$677,MATCH(ROW()-25,$I$618:$I$677,0),1)) | P29: =SUMIF($H$618:$H$677,O29,$J$618:$J$677) -> 0 | W29: 区 分 | Y29: 車 道 | AB29: 車 道 | AH29: 再使用 | AI29: =IF(MAX($AC$618:$AC$677)<ROW()-25,"",INDEX($AB$618:$AB$677,MATCH(ROW()-25,$AC$618:$AC$677,0),1)) | AJ29: =SUMIF($AB$618:$AB$677,AI29,$AD$618:$AD$677) -> 0
C30: 施工区分 | N30: 再使用 | O30: =IF(MAX($I$618:$I$677)<ROW()-25,"",INDEX($H$618:$H$677,MATCH(ROW()-25,$I$618:$I$677,0),1)) | P30: =SUMIF($H$618:$H$677,O30,$J$618:$J$677) -> 0 | W30: 施工区分 | Y30: 昼間施工 | AB30: 昼間施工 | AH30: 再使用 | AI30: =IF(MAX($AC$618:$AC$677)<ROW()-25,"",INDEX($AB$618:$AB$677,MATCH(ROW()-25,$AC$618:$AC$677,0),1)) | AJ30: =SUMIF($AB$618:$AB$677,AI30,$AD$618:$AD$677) -> 0
C31: 管布設延長 | F31: 20 | G31: =ROUNDUP(E31/F31,0) -> 0 | I31: 20 | J31: =ROUNDUP(H31/I31,0) -> 0 | N31: 再使用 | O31: =IF(MAX($I$618:$I$677)<ROW()-25,"",INDEX($H$618:$H$677,MATCH(ROW()-25,$I$618:$I$677,0),1)) | P31: =SUMIF($H$618:$H$677,O31,$J$618:$J$677) -> 0 | W31: 管布設延長 | Z31: 20 | AA31: =ROUNDUP(Y31/Z31,0) -> 0 | AC31: 20 | AD31: =ROUNDUP(AB31/AC31,0) -> 0 | AH31: 再使用 | AI31: =IF(MAX($AC$618:$AC$677)<ROW()-25,"",INDEX($AB$618:$AB$677,MATCH(ROW()-25,$AC$618:$AC$677,0),1)) | AJ31: =SUMIF($AB$618:$AB$677,AI31,$AD$618:$AD$677) -> 0
C32: 掘削面積 | E32: =G31 -> 0 | F32: 0.7 | G32: =ROUND(E32*F32,2) -> 0 | H32: =J31 -> 0 | I32: 0.7 | J32: =ROUND(H32*I32,2) -> 0 | O32: =IF(AK43="×","※先行路盤(再使用) 土量 計 ： H= ","※先行路盤(再使用) 土量No.1 計 ： ") -> ※先行路盤(再使用) 土量 計 ： H= | S32: =ROUND(SUMPRODUCT(O26:O31,P26:P31)/100+SUMPRODUCT(R26:R31,S26:S31)/100,2) -> 0 | W32: 掘削面積 | Y32: =AA31 -> 0 | Z32: 0.7 | AA32: =ROUND(Y32*Z32,2) -> 0 | AB32: =AD31 -> 0 | AC32: 0.7 | AD32: =ROUND(AB32*AC32,2) -> 0 | AI32: ※先行路盤(再使用) 土量No.1+No.2 計 ： H= | AM32: =IF(AK43="○",AK44+S32,"")
C33: 合 計 | E33: =SUM(G32:G32) -> 0 | H33: =SUM(J32:J32) -> 0 | M33: =IF(AK43="×","□仮復旧工","□仮復旧工No.1") -> □仮復旧工 | W33: 合 計 | Y33: =SUM(AA32:AA32) -> 0 | AB33: =SUM(AD32:AD32) -> 0 | AG33: □仮復旧工No.2
C34: 舗装版破砕工 | N34: 種別・舗装厚 | P34: 合 計 | Q34: 種別・舗装厚 | S34: 合 計 | W34: 舗装版破砕工 | Y34: As | AB34: As | AH34: 種別・舗装厚 | AJ34: 合 計 | AK34: 種別・舗装厚 | AM34: 合 計
N35: As | O35: =IF(MAX($I$381:$I$420)<ROW()-34,"",INDEX($D$381:$D$420,MATCH(ROW()-34,$I$381:$I$420,0),1)) | P35: =SUMIF($D$381:$D$420,O35,$J$381:$J$420) -> 0 | Q35: As | R35: =IF(MAX($I$381:$I$420)<ROW()-30,"",INDEX($D$381:$D$420,MATCH(ROW()-30,$I$381:$I$420,0),1)) | S35: =SUMIF($D$381:$D$420,R35,$J$381:$J$420) -> 0 | AH35: As | AI35: =IF(MAX($AC$381:$AC$420)<ROW()-34,"",INDEX($X$381:$X$420,MATCH(ROW()-34,$AC$381:$AC$420,0),1)) | AJ35: =SUMIF($X$381:$X$420,AI35,$AD$381:$AD$420) -> 0 | AK35: As | AL35: =IF(MAX($AC$381:$AC$420)<ROW()-30,"",INDEX($X$381:$X$420,MATCH(ROW()-30,$AC$381:$AC$420,0),1)) | AM35: =SUMIF($X$381:$X$420,AL35,$AD$381:$AD$420) -> 0
C36: 先行路盤 | N36: As | O36: =IF(MAX($I$381:$I$420)<ROW()-34,"",INDEX($D$381:$D$420,MATCH(ROW()-34,$I$381:$I$420,0),1)) | P36: =SUMIF($D$381:$D$420,O36,$J$381:$J$420) -> 0 | Q36: As | R36: =IF(MAX($I$381:$I$420)<ROW()-30,"",INDEX($D$381:$D$420,MATCH(ROW()-30,$I$381:$I$420,0),1)) | S36: =SUMIF($D$381:$D$420,R36,$J$381:$J$420) -> 0 | W36: 先行路盤 | Y36: 発生土（再使用） | AB36: 発生土（再使用） | AH36: As | AI36: =IF(MAX($AC$381:$AC$420)<ROW()-34,"",INDEX($X$381:$X$420,MATCH(ROW()-34,$AC$381:$AC$420,0),1)) | AJ36: =SUMIF($X$381:$X$420,AI36,$AD$381:$AD$420) -> 0 | AK36: As | AL36: =IF(MAX($AC$381:$AC$420)<ROW()-30,"",INDEX($X$381:$X$420,MATCH(ROW()-30,$AC$381:$AC$420,0),1)) | AM36: =SUMIF($X$381:$X$420,AL36,$AD$381:$AD$420) -> 0
N37: As | O37: =IF(MAX($I$381:$I$420)<ROW()-34,"",INDEX($D$381:$D$420,MATCH(ROW()-34,$I$381:$I$420,0),1)) | P37: =SUMIF($D$381:$D$420,O37,$J$381:$J$420) -> 0 | AH37: As | AI37: =IF(MAX($AC$381:$AC$420)<ROW()-34,"",INDEX($X$381:$X$420,MATCH(ROW()-34,$AC$381:$AC$420,0),1)) | AJ37: =SUMIF($X$381:$X$420,AI37,$AD$381:$AD$420) -> 0
C38: 仮復旧 | N38: As | O38: =IF(MAX($I$381:$I$420)<ROW()-34,"",INDEX($D$381:$D$420,MATCH(ROW()-34,$I$381:$I$420,0),1)) | P38: =SUMIF($D$381:$D$420,O38,$J$381:$J$420) -> 0 | W38: 仮復旧 | AH38: As | AI38: =IF(MAX($AC$381:$AC$420)<ROW()-34,"",INDEX($X$381:$X$420,MATCH(ROW()-34,$AC$381:$AC$420,0),1)) | AJ38: =SUMIF($X$381:$X$420,AI38,$AD$381:$AD$420) -> 0
O39: =IF(AK43="×","※仮復旧 土量 計 ： M= ","※仮復旧 土量No.1 計 ： ") -> ※仮復旧 土量 計 ： M= | S39: =ROUND(SUMPRODUCT(O35:O38,P35:P38)/100+SUMPRODUCT(R35:R38,S35:S38)/100,2) -> 0 | AI39: ※仮復旧 土量No.1+No.2 計 ： M= | AM39: =IF(AK43="○",AK45+S40,"")
B41: □だみー | V41: □だみー
D42: №1 | X42: №1
D43: As | E43: t≦15 | F43: =IF($E$10<>"As",0,IF($E$11<=15,ROUND(SUM($E$8:$E$8)*1.2,2),0)) -> 0 | G43: Co | H43: t≦15 | I43: =IF($E$10<>"Co",0,IF($E$11<=15,ROUND(SUM($E$8:$E$8)*1.2,2),0)) -> 0 | X43: As | Y43: t≦15 | Z43: =IF($Y$10<>"As",0,IF($Y$11<=15,ROUND(SUM($Y$8:$Y$8)*1.2,2),0)) -> 0 | AA43: Co | AB43: t≦15 | AC43: =IF($Y$10<>"Co",0,IF($Y$11<=15,ROUND(SUM($Y$8:$Y$8)*1.2,2),0)) -> 0 | AI43: 2枚目有 | AK43: =IF(SUM(Y9:AD9,Y21:AD21,Y33:AD33)=0,"×","○") -> ×
E44: 15<t≦30 | F44: =IF($E$10<>"As",0,IF(AND($E$11>15,$E$11<=30),ROUND(SUM($E$8:$E$8)*1.2,2),0)) -> 0 | H44: 15<t≦30 | I44: =IF($E$10<>"Co",0,IF(AND($E$11>15,$E$11<=30),ROUND(SUM($E$8:$E$8)*1.2,2),0)) -> 0 | Y44: 15<t≦30 | Z44: =IF($Y$10<>"As",0,IF(AND($Y$11>15,$Y$11<=30),ROUND(SUM($Y$8:$Y$8)*1.2,2),0)) -> 0 | AB44: 15<t≦30 | AC44: =IF($Y$10<>"Co",0,IF(AND($Y$11>15,$Y$11<=30),ROUND(SUM($Y$8:$Y$8)*1.2,2),0)) -> 0 | AI44: 先行路盤土量No2 | AK44: =ROUND(SUMPRODUCT(AI26:AI31,AJ26:AJ31)/100+SUMPRODUCT(AL26:AL31,AM26:AM31)/100,2) -> 0
E45: 30<t≦40 | F45: =IF($E$10<>"As",0,IF(AND($E$11>30,$E$11<=40),ROUND(SUM($E$8:$E$8)*1.2,2),0)) -> 0 | Y45: 30<t≦40 | Z45: =IF($Y$10<>"As",0,IF(AND($Y$11>30,$Y$11<=40),ROUND(SUM($Y$8:$Y$8)*1.2,2),0)) -> 0 | AI45: 仮復旧土量No2 | AK45: =ROUND(SUMPRODUCT(AI35:AI38,AJ35:AJ38)/100+SUMPRODUCT(AL35:AL38,AM35:AM38)/100,2) -> 0
D46: №2 | X46: №2
D47: As | E47: t≦15 | F47: =IF($H$10<>"As",0,IF($H$11<=15,ROUND(SUM($H$8:$H$8)*1.2,2),0)) -> 0 | G47: Co | H47: t≦15 | I47: =IF($H$10<>"Co",0,IF($H$11<=15,ROUND(SUM($H$8:$H$8)*1.2,2),0)) -> 0 | X47: As | Y47: t≦15 | Z47: =IF($AB$10<>"As",0,IF($AB$11<=15,ROUND(SUM($AB$8:$AB$8)*1.2,2),0)) -> 0 | AA47: Co | AB47: t≦15 | AC47: =IF($AB$10<>"Co",0,IF($AB$11<=15,ROUND(SUM($AB$8:$AB$8)*1.2,2),0)) -> 0
E48: 15<t≦30 | F48: =IF($H$10<>"As",0,IF(AND($H$11>15,$H$11<=30),ROUND(SUM($H$8:$H$8)*1.2,2),0)) -> 0 | H48: 15<t≦30 | I48: =IF($H$10<>"Co",0,IF(AND($H$11>15,$H$11<=30),ROUND(SUM($H$8:$H$8)*1.2,2),0)) -> 0 | Y48: 15<t≦30 | Z48: =IF($AB$10<>"As",0,IF(AND($AB$11>15,$AB$11<=30),ROUND(SUM($AB$8:$AB$8)*1.2,2),0)) -> 0 | AB48: 15<t≦30 | AC48: =IF($AB$10<>"Co",0,IF(AND($AB$11>15,$AB$11<=30),ROUND(SUM($AB$8:$AB$8)*1.2,2),0)) -> 0
E49: 30<t≦40 | F49: =IF($H$10<>"As",0,IF(AND($H$11>30,$H$11<=40),ROUND(SUM($H$8:$H$8)*1.2,2),0)) -> 0 | Y49: 30<t≦40 | Z49: =IF($AB$10<>"As",0,IF(AND($AB$11>30,$AB$11<=40),ROUND(SUM($AB$8:$AB$8)*1.2,2),0)) -> 0
D50: №3 | X50: №3
D51: As | E51: t≦15 | F51: =IF($E$22<>"As",0,IF($E$23<=15,ROUND(SUM($E$20:$E$20)*1.2,2),0)) -> 0 | G51: Co | H51: t≦15 | I51: =IF($E$22<>"Co",0,IF($E$23<=15,ROUND(SUM($E$20:$E$20)*1.2,2),0)) -> 0 | X51: As | Y51: t≦15 | Z51: =IF($Y$22<>"As",0,IF($Y$23<=15,ROUND(SUM($Y$20:$Y$20)*1.2,2),0)) -> 0 | AA51: Co | AB51: t≦15 | AC51: =IF($Y$22<>"Co",0,IF($Y$23<=15,ROUND(SUM($Y$20:$Y$20)*1.2,2),0)) -> 0
E52: 15<t≦30 | F52: =IF($E$22<>"As",0,IF(AND($E$23>15,$E$23<=30),ROUND(SUM($E$20:$E$20)*1.2,2),0)) -> 0 | H52: 15<t≦30 | I52: =IF($E$22<>"Co",0,IF(AND($E$23>15,$E$23<=30),ROUND(SUM($E$20:$E$20)*1.2,2),0)) -> 0 | Y52: 15<t≦30 | Z52: =IF($Y$22<>"As",0,IF(AND($Y$23>15,$Y$23<=30),ROUND(SUM($Y$20:$Y$20)*1.2,2),0)) -> 0 | AB52: 15<t≦30 | AC52: =IF($Y$22<>"Co",0,IF(AND($Y$23>15,$Y$23<=30),ROUND(SUM($Y$20:$Y$20)*1.2,2),0)) -> 0
E53: 30<t≦40 | F53: =IF($E$22<>"As",0,IF(AND($E$23>30,$E$23<=40),ROUND(SUM($E$20:$E$20)*1.2,2),0)) -> 0 | Y53: 30<t≦40 | Z53: =IF($Y$22<>"As",0,IF(AND($Y$23>30,$Y$23<=40),ROUND(SUM($Y$20:$Y$20)*1.2,2),0)) -> 0
D54: №4 | X54: №4
D55: As | E55: t≦15 | F55: =IF($H$22<>"As",0,IF($H$23<=15,ROUND(SUM($H$20:$H$20)*1.2,2),0)) -> 0 | G55: Co | H55: t≦15 | I55: =IF($H$22<>"Co",0,IF($H$23<=15,ROUND(SUM($H$20:$H$20)*1.2,2),0)) -> 0 | X55: As | Y55: t≦15 | Z55: =IF($AB$22<>"As",0,IF($AB$23<=15,ROUND(SUM($AB$20:$AB$20)*1.2,2),0)) -> 0 | AA55: Co | AB55: t≦15 | AC55: =IF($AB$22<>"Co",0,IF($AB$23<=15,ROUND(SUM($AB$20:$AB$20)*1.2,2),0)) -> 0
E56: 15<t≦30 | F56: =IF($H$22<>"As",0,IF(AND($H$23>15,$H$23<=30),ROUND(SUM($H$20:$H$20)*1.2,2),0)) -> 0 | H56: 15<t≦30 | I56: =IF($H$22<>"Co",0,IF(AND($H$23>15,$H$23<=30),ROUND(SUM($H$20:$H$20)*1.2,2),0)) -> 0 | Y56: 15<t≦30 | Z56: =IF($AB$22<>"As",0,IF(AND($AB$23>15,$AB$23<=30),ROUND(SUM($AB$20:$AB$20)*1.2,2),0)) -> 0 | AB56: 15<t≦30 | AC56: =IF($AB$22<>"Co",0,IF(AND($AB$23>15,$AB$23<=30),ROUND(SUM($AB$20:$AB$20)*1.2,2),0)) -> 0
E57: 30<t≦40 | F57: =IF($H$22<>"As",0,IF(AND($H$23>30,$H$23<=40),ROUND(SUM($H$20:$H$20)*1.2,2),0)) -> 0 | Y57: 30<t≦40 | Z57: =IF($AB$22<>"As",0,IF(AND($AB$23>30,$AB$23<=40),ROUND(SUM($AB$20:$AB$20)*1.2,2),0)) -> 0
D58: №5 | X58: №5
D59: As | E59: t≦15 | F59: =IF($E$34<>"As",0,IF($E$35<=15,ROUND(SUM($E$32:$E$32)*1.2,2),0)) -> 0 | G59: Co | H59: t≦15 | I59: =IF($E$34<>"Co",0,IF($E$35<=15,ROUND(SUM($E$32:$E$32)*1.2,2),0)) -> 0 | X59: As | Y59: t≦15 | Z59: =IF($Y$34<>"As",0,IF($Y$35<=15,ROUND(SUM($Y$32:$Y$32)*1.2,2),0)) -> 0 | AA59: Co | AB59: t≦15 | AC59: =IF($Y$34<>"Co",0,IF($Y$35<=15,ROUND(SUM($Y$32:$Y$32)*1.2,2),0)) -> 0
E60: 15<t≦30 | F60: =IF($E$34<>"As",0,IF(AND($E$35>15,$E$35<=30),ROUND(SUM($E$32:$E$32)*1.2,2),0)) -> 0 | H60: 15<t≦30 | I60: =IF($E$34<>"Co",0,IF(AND($E$35>15,$E$35<=30),ROUND(SUM($E$32:$E$32)*1.2,2),0)) -> 0 | Y60: 15<t≦30 | Z60: =IF($Y$34<>"As",0,IF(AND($Y$35>15,$Y$35<=30),ROUND(SUM($Y$32:$Y$32)*1.2,2),0)) -> 0 | AB60: 15<t≦30 | AC60: =IF($Y$34<>"Co",0,IF(AND($Y$35>15,$Y$35<=30),ROUND(SUM($Y$32:$Y$32)*1.2,2),0)) -> 0
E61: 30<t≦40 | F61: =IF($E$34<>"As",0,IF(AND($E$35>30,$E$35<=40),ROUND(SUM($E$32:$E$32)*1.2,2),0)) -> 0 | Y61: 30<t≦40 | Z61: =IF($Y$34<>"As",0,IF(AND($Y$35>30,$Y$35<=40),ROUND(SUM($Y$32:$Y$32)*1.2,2),0)) -> 0
D62: №6 | X62: №6
D63: As | E63: t≦15 | F63: =IF($H$34<>"As",0,IF($H$35<=15,ROUND(SUM($H$32:$H$32)*1.2,2),0)) -> 0 | G63: Co | H63: t≦15 | I63: =IF($H$34<>"Co",0,IF($H$35<=15,ROUND(SUM($H$32:$H$32)*1.2,2),0)) -> 0 | X63: As | Y63: t≦15 | Z63: =IF($AB$34<>"As",0,IF($AB$35<=15,ROUND(SUM($AB$32:$AB$32)*1.2,2),0)) -> 0 | AA63: Co | AB63: t≦15 | AC63: =IF($AB$34<>"Co",0,IF($AB$35<=15,ROUND(SUM($AB$32:$AB$32)*1.2,2),0)) -> 0
E64: 15<t≦30 | F64: =IF($H$34<>"As",0,IF(AND($H$35>15,$H$35<=30),ROUND(SUM($H$32:$H$32)*1.2,2),0)) -> 0 | H64: 15<t≦30 | I64: =IF($H$34<>"Co",0,IF(AND($H$35>15,$H$35<=30),ROUND(SUM($H$32:$H$32)*1.2,2),0)) -> 0 | Y64: 15<t≦30 | Z64: =IF($AB$34<>"As",0,IF(AND($AB$35>15,$AB$35<=30),ROUND(SUM($AB$32:$AB$32)*1.2,2),0)) -> 0 | AB64: 15<t≦30 | AC64: =IF($AB$34<>"Co",0,IF(AND($AB$35>15,$AB$35<=30),ROUND(SUM($AB$32:$AB$32)*1.2,2),0)) -> 0
E65: 30<t≦40 | F65: =IF($H$34<>"As",0,IF(AND($H$35>30,$H$35<=40),ROUND(SUM($H$32:$H$32)*1.2,2),0)) -> 0 | Y65: 30<t≦40 | Z65: =IF($AB$34<>"As",0,IF(AND($AB$35>30,$AB$35<=40),ROUND(SUM($AB$32:$AB$32)*1.2,2),0)) -> 0
B68: □だみー | V68: □だみー
D69: №1 | X69: №1
E70: As | G70: Co | I70: 仮復旧 | Y70: As | AA70: Co | AC70: 仮復旧
E71: 歩道 | F71: 車道 | G71: 歩道 | H71: 車道 | I71: 歩道 | J71: 車道 | Y71: 歩道 | Z71: 車道 | AA71: 歩道 | AB71: 車道 | AC71: 歩道 | AD71: 車道
D72: 1 | E72: =IF($E$10<>"As",0,IF($E$5<>"歩 道",0,SUMIF($E$11,D72,$E$9))) -> 0 | F72: =IF($E$10<>"As",0,IF($E$5<>"車 道",0,SUMIF($E$11,D72,$E$9))) -> 0 | G72: =IF($E$10<>"Co",0,IF($E$5<>"歩 道",0,SUMIF($E$11,D72,$E$9))) -> 0 | H72: =IF($E$10<>"Co",0,IF($E$5<>"車 道",0,SUMIF($E$11,D72,$E$9))) -> 0 | I72: =IF($E$5<>"歩 道",0,SUMIF($E$14,D72,$E$9)) -> 0 | J72: =IF($E$5<>"車 道",0,SUMIF($E$14,D72,$E$9)) -> 0 | X72: 1 | Y72: =IF($Y$10<>"As",0,IF($Y$5<>"歩 道",0,SUMIF($Y$11,X72,$Y$9))) -> 0 | Z72: =IF($Y$10<>"As",0,IF($Y$5<>"車 道",0,SUMIF($Y$11,X72,$Y$9))) -> 0 | AA72: =IF($Y$10<>"Co",0,IF($Y$5<>"歩 道",0,SUMIF($Y$11,X72,$Y$9))) -> 0 | AB72: =IF($Y$10<>"Co",0,IF($Y$5<>"車 道",0,SUMIF($Y$11,X72,$Y$9))) -> 0 | AC72: =IF($Y$5<>"歩 道",0,SUMIF($Y$14,X72,$Y$9)) -> 0 | AD72: =IF($Y$5<>"車 道",0,SUMIF($Y$14,X72,$Y$9)) -> 0
D73: 2 | E73: =IF($E$10<>"As",0,IF($E$5<>"歩 道",0,SUMIF($E$11,D73,$E$9))) -> 0 | F73: =IF($E$10<>"As",0,IF($E$5<>"車 道",0,SUMIF($E$11,D73,$E$9))) -> 0 | G73: =IF($E$10<>"Co",0,IF($E$5<>"歩 道",0,SUMIF($E$11,D73,$E$9))) -> 0 | H73: =IF($E$10<>"Co",0,IF($E$5<>"車 道",0,SUMIF($E$11,D73,$E$9))) -> 0 | I73: =IF($E$5<>"歩 道",0,SUMIF($E$14,D73,$E$9)) -> 0 | J73: =IF($E$5<>"車 道",0,SUMIF($E$14,D73,$E$9)) -> 0 | X73: 2 | Y73: =IF($Y$10<>"As",0,IF($Y$5<>"歩 道",0,SUMIF($Y$11,X73,$Y$9))) -> 0 | Z73: =IF($Y$10<>"As",0,IF($Y$5<>"車 道",0,SUMIF($Y$11,X73,$Y$9))) -> 0 | AA73: =IF($Y$10<>"Co",0,IF($Y$5<>"歩 道",0,SUMIF($Y$11,X73,$Y$9))) -> 0 | AB73: =IF($Y$10<>"Co",0,IF($Y$5<>"車 道",0,SUMIF($Y$11,X73,$Y$9))) -> 0 | AC73: =IF($Y$5<>"歩 道",0,SUMIF($Y$14,X73,$Y$9)) -> 0 | AD73: =IF($Y$5<>"車 道",0,SUMIF($Y$14,X73,$Y$9)) -> 0
D74: 3 | E74: =IF($E$10<>"As",0,IF($E$5<>"歩 道",0,SUMIF($E$11,D74,$E$9))) -> 0 | F74: =IF($E$10<>"As",0,IF($E$5<>"車 道",0,SUMIF($E$11,D74,$E$9))) -> 0 | G74: =IF($E$10<>"Co",0,IF($E$5<>"歩 道",0,SUMIF($E$11,D74,$E$9))) -> 0 | H74: =IF($E$10<>"Co",0,IF($E$5<>"車 道",0,SUMIF($E$11,D74,$E$9))) -> 0 | I74: =IF($E$5<>"歩 道",0,SUMIF($E$14,D74,$E$9)) -> 0 | J74: =IF($E$5<>"車 道",0,SUMIF($E$14,D74,$E$9)) -> 0 | X74: 3 | Y74: =IF($Y$10<>"As",0,IF($Y$5<>"歩 道",0,SUMIF($Y$11,X74,$Y$9))) -> 0 | Z74: =IF($Y$10<>"As",0,IF($Y$5<>"車 道",0,SUMIF($Y$11,X74,$Y$9))) -> 0 | AA74: =IF($Y$10<>"Co",0,IF($Y$5<>"歩 道",0,SUMIF($Y$11,X74,$Y$9))) -> 0 | AB74: =IF($Y$10<>"Co",0,IF($Y$5<>"車 道",0,SUMIF($Y$11,X74,$Y$9))) -> 0 | AC74: =IF($Y$5<>"歩 道",0,SUMIF($Y$14,X74,$Y$9)) -> 0 | AD74: =IF($Y$5<>"車 道",0,SUMIF($Y$14,X74,$Y$9)) -> 0
D75: 4 | E75: =IF($E$10<>"As",0,IF($E$5<>"歩 道",0,SUMIF($E$11,D75,$E$9))) -> 0 | F75: =IF($E$10<>"As",0,IF($E$5<>"車 道",0,SUMIF($E$11,D75,$E$9))) -> 0 | G75: =IF($E$10<>"Co",0,IF($E$5<>"歩 道",0,SUMIF($E$11,D75,$E$9))) -> 0 | H75: =IF($E$10<>"Co",0,IF($E$5<>"車 道",0,SUMIF($E$11,D75,$E$9))) -> 0 | I75: =IF($E$5<>"歩 道",0,SUMIF($E$14,D75,$E$9)) -> 0 | J75: =IF($E$5<>"車 道",0,SUMIF($E$14,D75,$E$9)) -> 0 | X75: 4 | Y75: =IF($Y$10<>"As",0,IF($Y$5<>"歩 道",0,SUMIF($Y$11,X75,$Y$9))) -> 0 | Z75: =IF($Y$10<>"As",0,IF($Y$5<>"車 道",0,SUMIF($Y$11,X75,$Y$9))) -> 0 | AA75: =IF($Y$10<>"Co",0,IF($Y$5<>"歩 道",0,SUMIF($Y$11,X75,$Y$9))) -> 0 | AB75: =IF($Y$10<>"Co",0,IF($Y$5<>"車 道",0,SUMIF($Y$11,X75,$Y$9))) -> 0 | AC75: =IF($Y$5<>"歩 道",0,SUMIF($Y$14,X75,$Y$9)) -> 0 | AD75: =IF($Y$5<>"車 道",0,SUMIF($Y$14,X75,$Y$9)) -> 0
D76: 5 | E76: =IF($E$10<>"As",0,IF($E$5<>"歩 道",0,SUMIF($E$11,D76,$E$9))) -> 0 | F76: =IF($E$10<>"As",0,IF($E$5<>"車 道",0,SUMIF($E$11,D76,$E$9))) -> 0 | G76: =IF($E$10<>"Co",0,IF($E$5<>"歩 道",0,SUMIF($E$11,D76,$E$9))) -> 0 | H76: =IF($E$10<>"Co",0,IF($E$5<>"車 道",0,SUMIF($E$11,D76,$E$9))) -> 0 | I76: =IF($E$5<>"歩 道",0,SUMIF($E$14,D76,$E$9)) -> 0 | J76: =IF($E$5<>"車 道",0,SUMIF($E$14,D76,$E$9)) -> 0 | X76: 5 | Y76: =IF($Y$10<>"As",0,IF($Y$5<>"歩 道",0,SUMIF($Y$11,X76,$Y$9))) -> 0 | Z76: =IF($Y$10<>"As",0,IF($Y$5<>"車 道",0,SUMIF($Y$11,X76,$Y$9))) -> 0 | AA76: =IF($Y$10<>"Co",0,IF($Y$5<>"歩 道",0,SUMIF($Y$11,X76,$Y$9))) -> 0 | AB76: =IF($Y$10<>"Co",0,IF($Y$5<>"車 道",0,SUMIF($Y$11,X76,$Y$9))) -> 0 | AC76: =IF($Y$5<>"歩 道",0,SUMIF($Y$14,X76,$Y$9)) -> 0 | AD76: =IF($Y$5<>"車 道",0,SUMIF($Y$14,X76,$Y$9)) -> 0
D77: 6 | E77: =IF($E$10<>"As",0,IF($E$5<>"歩 道",0,SUMIF($E$11,D77,$E$9))) -> 0 | F77: =IF($E$10<>"As",0,IF($E$5<>"車 道",0,SUMIF($E$11,D77,$E$9))) -> 0 | G77: =IF($E$10<>"Co",0,IF($E$5<>"歩 道",0,SUMIF($E$11,D77,$E$9))) -> 0 | H77: =IF($E$10<>"Co",0,IF($E$5<>"車 道",0,SUMIF($E$11,D77,$E$9))) -> 0 | I77: =IF($E$5<>"歩 道",0,SUMIF($E$14,D77,$E$9)) -> 0 | J77: =IF($E$5<>"車 道",0,SUMIF($E$14,D77,$E$9)) -> 0 | X77: 6 | Y77: =IF($Y$10<>"As",0,IF($Y$5<>"歩 道",0,SUMIF($Y$11,X77,$Y$9))) -> 0 | Z77: =IF($Y$10<>"As",0,IF($Y$5<>"車 道",0,SUMIF($Y$11,X77,$Y$9))) -> 0 | AA77: =IF($Y$10<>"Co",0,IF($Y$5<>"歩 道",0,SUMIF($Y$11,X77,$Y$9))) -> 0 | AB77: =IF($Y$10<>"Co",0,IF($Y$5<>"車 道",0,SUMIF($Y$11,X77,$Y$9))) -> 0 | AC77: =IF($Y$5<>"歩 道",0,SUMIF($Y$14,X77,$Y$9)) -> 0 | AD77: =IF($Y$5<>"車 道",0,SUMIF($Y$14,X77,$Y$9)) -> 0
D78: 7 | E78: =IF($E$10<>"As",0,IF($E$5<>"歩 道",0,SUMIF($E$11,D78,$E$9))) -> 0 | F78: =IF($E$10<>"As",0,IF($E$5<>"車 道",0,SUMIF($E$11,D78,$E$9))) -> 0 | G78: =IF($E$10<>"Co",0,IF($E$5<>"歩 道",0,SUMIF($E$11,D78,$E$9))) -> 0 | H78: =IF($E$10<>"Co",0,IF($E$5<>"車 道",0,SUMIF($E$11,D78,$E$9))) -> 0 | I78: =IF($E$5<>"歩 道",0,SUMIF($E$14,D78,$E$9)) -> 0 | J78: =IF($E$5<>"車 道",0,SUMIF($E$14,D78,$E$9)) -> 0 | X78: 7 | Y78: =IF($Y$10<>"As",0,IF($Y$5<>"歩 道",0,SUMIF($Y$11,X78,$Y$9))) -> 0 | Z78: =IF($Y$10<>"As",0,IF($Y$5<>"車 道",0,SUMIF($Y$11,X78,$Y$9))) -> 0 | AA78: =IF($Y$10<>"Co",0,IF($Y$5<>"歩 道",0,SUMIF($Y$11,X78,$Y$9))) -> 0 | AB78: =IF($Y$10<>"Co",0,IF($Y$5<>"車 道",0,SUMIF($Y$11,X78,$Y$9))) -> 0 | AC78: =IF($Y$5<>"歩 道",0,SUMIF($Y$14,X78,$Y$9)) -> 0 | AD78: =IF($Y$5<>"車 道",0,SUMIF($Y$14,X78,$Y$9)) -> 0
D79: 8 | E79: =IF($E$10<>"As",0,IF($E$5<>"歩 道",0,SUMIF($E$11,D79,$E$9))) -> 0 | F79: =IF($E$10<>"As",0,IF($E$5<>"車 道",0,SUMIF($E$11,D79,$E$9))) -> 0 | G79: =IF($E$10<>"Co",0,IF($E$5<>"歩 道",0,SUMIF($E$11,D79,$E$9))) -> 0 | H79: =IF($E$10<>"Co",0,IF($E$5<>"車 道",0,SUMIF($E$11,D79,$E$9))) -> 0 | I79: =IF($E$5<>"歩 道",0,SUMIF($E$14,D79,$E$9)) -> 0 | J79: =IF($E$5<>"車 道",0,SUMIF($E$14,D79,$E$9)) -> 0 | X79: 8 | Y79: =IF($Y$10<>"As",0,IF($Y$5<>"歩 道",0,SUMIF($Y$11,X79,$Y$9))) -> 0 | Z79: =IF($Y$10<>"As",0,IF($Y$5<>"車 道",0,SUMIF($Y$11,X79,$Y$9))) -> 0 | AA79: =IF($Y$10<>"Co",0,IF($Y$5<>"歩 道",0,SUMIF($Y$11,X79,$Y$9))) -> 0 | AB79: =IF($Y$10<>"Co",0,IF($Y$5<>"車 道",0,SUMIF($Y$11,X79,$Y$9))) -> 0 | AC79: =IF($Y$5<>"歩 道",0,SUMIF($Y$14,X79,$Y$9)) -> 0 | AD79: =IF($Y$5<>"車 道",0,SUMIF($Y$14,X79,$Y$9)) -> 0
D80: 9 | E80: =IF($E$10<>"As",0,IF($E$5<>"歩 道",0,SUMIF($E$11,D80,$E$9))) -> 0 | F80: =IF($E$10<>"As",0,IF($E$5<>"車 道",0,SUMIF($E$11,D80,$E$9))) -> 0 | G80: =IF($E$10<>"Co",0,IF($E$5<>"歩 道",0,SUMIF($E$11,D80,$E$9))) -> 0 | H80: =IF($E$10<>"Co",0,IF($E$5<>"車 道",0,SUMIF($E$11,D80,$E$9))) -> 0 | I80: =IF($E$5<>"歩 道",0,SUMIF($E$14,D80,$E$9)) -> 0 | J80: =IF($E$5<>"車 道",0,SUMIF($E$14,D80,$E$9)) -> 0 | X80: 9 | Y80: =IF($Y$10<>"As",0,IF($Y$5<>"歩 道",0,SUMIF($Y$11,X80,$Y$9))) -> 0 | Z80: =IF($Y$10<>"As",0,IF($Y$5<>"車 道",0,SUMIF($Y$11,X80,$Y$9))) -> 0 | AA80: =IF($Y$10<>"Co",0,IF($Y$5<>"歩 道",0,SUMIF($Y$11,X80,$Y$9))) -> 0 | AB80: =IF($Y$10<>"Co",0,IF($Y$5<>"車 道",0,SUMIF($Y$11,X80,$Y$9))) -> 0 | AC80: =IF($Y$5<>"歩 道",0,SUMIF($Y$14,X80,$Y$9)) -> 0 | AD80: =IF($Y$5<>"車 道",0,SUMIF($Y$14,X80,$Y$9)) -> 0
D81: 10 | E81: =IF($E$10<>"As",0,IF($E$5<>"歩 道",0,SUMIF($E$11,D81,$E$9))) -> 0 | F81: =IF($E$10<>"As",0,IF($E$5<>"車 道",0,SUMIF($E$11,D81,$E$9))) -> 0 | G81: =IF($E$10<>"Co",0,IF($E$5<>"歩 道",0,SUMIF($E$11,D81,$E$9))) -> 0 | H81: =IF($E$10<>"Co",0,IF($E$5<>"車 道",0,SUMIF($E$11,D81,$E$9))) -> 0 | I81: =IF($E$5<>"歩 道",0,SUMIF($E$14,D81,$E$9)) -> 0 | J81: =IF($E$5<>"車 道",0,SUMIF($E$14,D81,$E$9)) -> 0 | X81: 10 | Y81: =IF($Y$10<>"As",0,IF($Y$5<>"歩 道",0,SUMIF($Y$11,X81,$Y$9))) -> 0 | Z81: =IF($Y$10<>"As",0,IF($Y$5<>"車 道",0,SUMIF($Y$11,X81,$Y$9))) -> 0 | AA81: =IF($Y$10<>"Co",0,IF($Y$5<>"歩 道",0,SUMIF($Y$11,X81,$Y$9))) -> 0 | AB81: =IF($Y$10<>"Co",0,IF($Y$5<>"車 道",0,SUMIF($Y$11,X81,$Y$9))) -> 0 | AC81: =IF($Y$5<>"歩 道",0,SUMIF($Y$14,X81,$Y$9)) -> 0 | AD81: =IF($Y$5<>"車 道",0,SUMIF($Y$14,X81,$Y$9)) -> 0
D82: 11 | E82: =IF($E$10<>"As",0,IF($E$5<>"歩 道",0,SUMIF($E$11,D82,$E$9))) -> 0 | F82: =IF($E$10<>"As",0,IF($E$5<>"車 道",0,SUMIF($E$11,D82,$E$9))) -> 0 | G82: =IF($E$10<>"Co",0,IF($E$5<>"歩 道",0,SUMIF($E$11,D82,$E$9))) -> 0 | H82: =IF($E$10<>"Co",0,IF($E$5<>"車 道",0,SUMIF($E$11,D82,$E$9))) -> 0 | I82: =IF($E$5<>"歩 道",0,SUMIF($E$14,D82,$E$9)) -> 0 | J82: =IF($E$5<>"車 道",0,SUMIF($E$14,D82,$E$9)) -> 0 | X82: 11 | Y82: =IF($Y$10<>"As",0,IF($Y$5<>"歩 道",0,SUMIF($Y$11,X82,$Y$9))) -> 0 | Z82: =IF($Y$10<>"As",0,IF($Y$5<>"車 道",0,SUMIF($Y$11,X82,$Y$9))) -> 0 | AA82: =IF($Y$10<>"Co",0,IF($Y$5<>"歩 道",0,SUMIF($Y$11,X82,$Y$9))) -> 0 | AB82: =IF($Y$10<>"Co",0,IF($Y$5<>"車 道",0,SUMIF($Y$11,X82,$Y$9))) -> 0 | AC82: =IF($Y$5<>"歩 道",0,SUMIF($Y$14,X82,$Y$9)) -> 0 | AD82: =IF($Y$5<>"車 道",0,SUMIF($Y$14,X82,$Y$9)) -> 0
D83: 12 | E83: =IF($E$10<>"As",0,IF($E$5<>"歩 道",0,SUMIF($E$11,D83,$E$9))) -> 0 | F83: =IF($E$10<>"As",0,IF($E$5<>"車 道",0,SUMIF($E$11,D83,$E$9))) -> 0 | G83: =IF($E$10<>"Co",0,IF($E$5<>"歩 道",0,SUMIF($E$11,D83,$E$9))) -> 0 | H83: =IF($E$10<>"Co",0,IF($E$5<>"車 道",0,SUMIF($E$11,D83,$E$9))) -> 0 | I83: =IF($E$5<>"歩 道",0,SUMIF($E$14,D83,$E$9)) -> 0 | J83: =IF($E$5<>"車 道",0,SUMIF($E$14,D83,$E$9)) -> 0 | X83: 12 | Y83: =IF($Y$10<>"As",0,IF($Y$5<>"歩 道",0,SUMIF($Y$11,X83,$Y$9))) -> 0 | Z83: =IF($Y$10<>"As",0,IF($Y$5<>"車 道",0,SUMIF($Y$11,X83,$Y$9))) -> 0 | AA83: =IF($Y$10<>"Co",0,IF($Y$5<>"歩 道",0,SUMIF($Y$11,X83,$Y$9))) -> 0 | AB83: =IF($Y$10<>"Co",0,IF($Y$5<>"車 道",0,SUMIF($Y$11,X83,$Y$9))) -> 0 | AC83: =IF($Y$5<>"歩 道",0,SUMIF($Y$14,X83,$Y$9)) -> 0 | AD83: =IF($Y$5<>"車 道",0,SUMIF($Y$14,X83,$Y$9)) -> 0
... D111: 40 | E111: =IF($E$10<>"As",0,IF($E$5<>"歩 道",0,SUMIF($E$11,D111,$E$9))) -> 0 | F111: =IF($E$10<>"As",0,IF($E$5<>"車 道",0,SUMIF($E$11,D111,$E$9))) -> 0 | G111: =IF($E$10<>"Co",0,IF($E$5<>"歩 道",0,SUMIF($E$11,D111,$E$9))) -> 0 | H111: =IF($E$10<>"Co",0,IF($E$5<>"車 道",0,SUMIF($E$11,D111,$E$9))) -> 0 | I111: =IF($E$5<>"歩 道",0,SUMIF($E$14,D111,$E$9)) -> 0 | J111: =IF($E$5<>"車 道",0,SUMIF($E$14,D111,$E$9)) -> 0 | X111: 40 | Y111: =IF($Y$10<>"As",0,IF($Y$5<>"歩 道",0,SUMIF($Y$11,X111,$Y$9))) -> 0 | Z111: =IF($Y$10<>"As",0,IF($Y$5<>"車 道",0,SUMIF($Y$11,X111,$Y$9))) -> 0 | AA111: =IF($Y$10<>"Co",0,IF($Y$5<>"歩 道",0,SUMIF($Y$11,X111,$Y$9))) -> 0 | AB111: =IF($Y$10<>"Co",0,IF($Y$5<>"車 道",0,SUMIF($Y$11,X111,$Y$9))) -> 0 | AC111: =IF($Y$5<>"歩 道",0,SUMIF($Y$14,X111,$Y$9)) -> 0 | AD111: =IF($Y$5<>"車 道",0,SUMIF($Y$14,X111,$Y$9)) -> 0
D113: №2 | X113: №2
E114: As | G114: Co | I114: 仮復旧 | Y114: As | AA114: Co | AC114: 仮復旧
E115: 歩道 | F115: 車道 | G115: 歩道 | H115: 車道 | I115: 歩道 | J115: 車道 | Y115: 歩道 | Z115: 車道 | AA115: 歩道 | AB115: 車道 | AC115: 歩道 | AD115: 車道
D116: 1 | E116: =IF($H$10<>"As",0,IF($H$5<>"歩 道",0,SUMIF($H$11,D116,$H$9))) -> 0 | F116: =IF($H$10<>"As",0,IF($H$5<>"車 道",0,SUMIF($H$11,D116,$H$9))) -> 0 | G116: =IF($H$10<>"Co",0,IF($H$5<>"歩 道",0,SUMIF($H$11,D116,$H$9))) -> 0 | H116: =IF($H$10<>"Co",0,IF($H$5<>"車 道",0,SUMIF($H$11,D116,$H$9))) -> 0 | I116: =IF($H$5<>"歩 道",0,SUMIF($H$14,D116,$H$9)) -> 0 | J116: =IF($H$5<>"車 道",0,SUMIF($H$14,D116,$H$9)) -> 0 | X116: 1 | Y116: =IF($AB$10<>"As",0,IF($AB$5<>"歩 道",0,SUMIF($AB$11,X116,$AB$9))) -> 0 | Z116: =IF($AB$10<>"As",0,IF($AB$5<>"車 道",0,SUMIF($AB$11,X116,$AB$9))) -> 0 | AA116: =IF($AB$10<>"Co",0,IF($AB$5<>"歩 道",0,SUMIF($AB$11,X116,$AB$9))) -> 0 | AB116: =IF($AB$10<>"Co",0,IF($AB$5<>"車 道",0,SUMIF($AB$11,X116,$AB$9))) -> 0 | AC116: =IF($AB$5<>"歩 道",0,SUMIF($AB$14,X116,$AB$9)) -> 0 | AD116: =IF($AB$5<>"車 道",0,SUMIF($AB$14,X116,$AB$9)) -> 0
D117: 2 | E117: =IF($H$10<>"As",0,IF($H$5<>"歩 道",0,SUMIF($H$11,D117,$H$9))) -> 0 | F117: =IF($H$10<>"As",0,IF($H$5<>"車 道",0,SUMIF($H$11,D117,$H$9))) -> 0 | G117: =IF($H$10<>"Co",0,IF($H$5<>"歩 道",0,SUMIF($H$11,D117,$H$9))) -> 0 | H117: =IF($H$10<>"Co",0,IF($H$5<>"車 道",0,SUMIF($H$11,D117,$H$9))) -> 0 | I117: =IF($H$5<>"歩 道",0,SUMIF($H$14,D117,$H$9)) -> 0 | J117: =IF($H$5<>"車 道",0,SUMIF($H$14,D117,$H$9)) -> 0 | X117: 2 | Y117: =IF($AB$10<>"As",0,IF($AB$5<>"歩 道",0,SUMIF($AB$11,X117,$AB$9))) -> 0 | Z117: =IF($AB$10<>"As",0,IF($AB$5<>"車 道",0,SUMIF($AB$11,X117,$AB$9))) -> 0 | AA117: =IF($AB$10<>"Co",0,IF($AB$5<>"歩 道",0,SUMIF($AB$11,X117,$AB$9))) -> 0 | AB117: =IF($AB$10<>"Co",0,IF($AB$5<>"車 道",0,SUMIF($AB$11,X117,$AB$9))) -> 0 | AC117: =IF($AB$5<>"歩 道",0,SUMIF($AB$14,X117,$AB$9)) -> 0 | AD117: =IF($AB$5<>"車 道",0,SUMIF($AB$14,X117,$AB$9)) -> 0
D118: 3 | E118: =IF($H$10<>"As",0,IF($H$5<>"歩 道",0,SUMIF($H$11,D118,$H$9))) -> 0 | F118: =IF($H$10<>"As",0,IF($H$5<>"車 道",0,SUMIF($H$11,D118,$H$9))) -> 0 | G118: =IF($H$10<>"Co",0,IF($H$5<>"歩 道",0,SUMIF($H$11,D118,$H$9))) -> 0 | H118: =IF($H$10<>"Co",0,IF($H$5<>"車 道",0,SUMIF($H$11,D118,$H$9))) -> 0 | I118: =IF($H$5<>"歩 道",0,SUMIF($H$14,D118,$H$9)) -> 0 | J118: =IF($H$5<>"車 道",0,SUMIF($H$14,D118,$H$9)) -> 0 | X118: 3 | Y118: =IF($AB$10<>"As",0,IF($AB$5<>"歩 道",0,SUMIF($AB$11,X118,$AB$9))) -> 0 | Z118: =IF($AB$10<>"As",0,IF($AB$5<>"車 道",0,SUMIF($AB$11,X118,$AB$9))) -> 0 | AA118: =IF($AB$10<>"Co",0,IF($AB$5<>"歩 道",0,SUMIF($AB$11,X118,$AB$9))) -> 0 | AB118: =IF($AB$10<>"Co",0,IF($AB$5<>"車 道",0,SUMIF($AB$11,X118,$AB$9))) -> 0 | AC118: =IF($AB$5<>"歩 道",0,SUMIF($AB$14,X118,$AB$9)) -> 0 | AD118: =IF($AB$5<>"車 道",0,SUMIF($AB$14,X118,$AB$9)) -> 0
D119: 4 | E119: =IF($H$10<>"As",0,IF($H$5<>"歩 道",0,SUMIF($H$11,D119,$H$9))) -> 0 | F119: =IF($H$10<>"As",0,IF($H$5<>"車 道",0,SUMIF($H$11,D119,$H$9))) -> 0 | G119: =IF($H$10<>"Co",0,IF($H$5<>"歩 道",0,SUMIF($H$11,D119,$H$9))) -> 0 | H119: =IF($H$10<>"Co",0,IF($H$5<>"車 道",0,SUMIF($H$11,D119,$H$9))) -> 0 | I119: =IF($H$5<>"歩 道",0,SUMIF($H$14,D119,$H$9)) -> 0 | J119: =IF($H$5<>"車 道",0,SUMIF($H$14,D119,$H$9)) -> 0 | X119: 4 | Y119: =IF($AB$10<>"As",0,IF($AB$5<>"歩 道",0,SUMIF($AB$11,X119,$AB$9))) -> 0 | Z119: =IF($AB$10<>"As",0,IF($AB$5<>"車 道",0,SUMIF($AB$11,X119,$AB$9))) -> 0 | AA119: =IF($AB$10<>"Co",0,IF($AB$5<>"歩 道",0,SUMIF($AB$11,X119,$AB$9))) -> 0 | AB119: =IF($AB$10<>"Co",0,IF($AB$5<>"車 道",0,SUMIF($AB$11,X119,$AB$9))) -> 0 | AC119: =IF($AB$5<>"歩 道",0,SUMIF($AB$14,X119,$AB$9)) -> 0 | AD119: =IF($AB$5<>"車 道",0,SUMIF($AB$14,X119,$AB$9)) -> 0
D120: 5 | E120: =IF($H$10<>"As",0,IF($H$5<>"歩 道",0,SUMIF($H$11,D120,$H$9))) -> 0 | F120: =IF($H$10<>"As",0,IF($H$5<>"車 道",0,SUMIF($H$11,D120,$H$9))) -> 0 | G120: =IF($H$10<>"Co",0,IF($H$5<>"歩 道",0,SUMIF($H$11,D120,$H$9))) -> 0 | H120: =IF($H$10<>"Co",0,IF($H$5<>"車 道",0,SUMIF($H$11,D120,$H$9))) -> 0 | I120: =IF($H$5<>"歩 道",0,SUMIF($H$14,D120,$H$9)) -> 0 | J120: =IF($H$5<>"車 道",0,SUMIF($H$14,D120,$H$9)) -> 0 | X120: 5 | Y120: =IF($AB$10<>"As",0,IF($AB$5<>"歩 道",0,SUMIF($AB$11,X120,$AB$9))) -> 0 | Z120: =IF($AB$10<>"As",0,IF($AB$5<>"車 道",0,SUMIF($AB$11,X120,$AB$9))) -> 0 | AA120: =IF($AB$10<>"Co",0,IF($AB$5<>"歩 道",0,SUMIF($AB$11,X120,$AB$9))) -> 0 | AB120: =IF($AB$10<>"Co",0,IF($AB$5<>"車 道",0,SUMIF($AB$11,X120,$AB$9))) -> 0 | AC120: =IF($AB$5<>"歩 道",0,SUMIF($AB$14,X120,$AB$9)) -> 0 | AD120: =IF($AB$5<>"車 道",0,SUMIF($AB$14,X120,$AB$9)) -> 0
D121: 6 | E121: =IF($H$10<>"As",0,IF($H$5<>"歩 道",0,SUMIF($H$11,D121,$H$9))) -> 0 | F121: =IF($H$10<>"As",0,IF($H$5<>"車 道",0,SUMIF($H$11,D121,$H$9))) -> 0 | G121: =IF($H$10<>"Co",0,IF($H$5<>"歩 道",0,SUMIF($H$11,D121,$H$9))) -> 0 | H121: =IF($H$10<>"Co",0,IF($H$5<>"車 道",0,SUMIF($H$11,D121,$H$9))) -> 0 | I121: =IF($H$5<>"歩 道",0,SUMIF($H$14,D121,$H$9)) -> 0 | J121: =IF($H$5<>"車 道",0,SUMIF($H$14,D121,$H$9)) -> 0 | X121: 6 | Y121: =IF($AB$10<>"As",0,IF($AB$5<>"歩 道",0,SUMIF($AB$11,X121,$AB$9))) -> 0 | Z121: =IF($AB$10<>"As",0,IF($AB$5<>"車 道",0,SUMIF($AB$11,X121,$AB$9))) -> 0 | AA121: =IF($AB$10<>"Co",0,IF($AB$5<>"歩 道",0,SUMIF($AB$11,X121,$AB$9))) -> 0 | AB121: =IF($AB$10<>"Co",0,IF($AB$5<>"車 道",0,SUMIF($AB$11,X121,$AB$9))) -> 0 | AC121: =IF($AB$5<>"歩 道",0,SUMIF($AB$14,X121,$AB$9)) -> 0 | AD121: =IF($AB$5<>"車 道",0,SUMIF($AB$14,X121,$AB$9)) -> 0
D122: 7 | E122: =IF($H$10<>"As",0,IF($H$5<>"歩 道",0,SUMIF($H$11,D122,$H$9))) -> 0 | F122: =IF($H$10<>"As",0,IF($H$5<>"車 道",0,SUMIF($H$11,D122,$H$9))) -> 0 | G122: =IF($H$10<>"Co",0,IF($H$5<>"歩 道",0,SUMIF($H$11,D122,$H$9))) -> 0 | H122: =IF($H$10<>"Co",0,IF($H$5<>"車 道",0,SUMIF($H$11,D122,$H$9))) -> 0 | I122: =IF($H$5<>"歩 道",0,SUMIF($H$14,D122,$H$9)) -> 0 | J122: =IF($H$5<>"車 道",0,SUMIF($H$14,D122,$H$9)) -> 0 | X122: 7 | Y122: =IF($AB$10<>"As",0,IF($AB$5<>"歩 道",0,SUMIF($AB$11,X122,$AB$9))) -> 0 | Z122: =IF($AB$10<>"As",0,IF($AB$5<>"車 道",0,SUMIF($AB$11,X122,$AB$9))) -> 0 | AA122: =IF($AB$10<>"Co",0,IF($AB$5<>"歩 道",0,SUMIF($AB$11,X122,$AB$9))) -> 0 | AB122: =IF($AB$10<>"Co",0,IF($AB$5<>"車 道",0,SUMIF($AB$11,X122,$AB$9))) -> 0 | AC122: =IF($AB$5<>"歩 道",0,SUMIF($AB$14,X122,$AB$9)) -> 0 | AD122: =IF($AB$5<>"車 道",0,SUMIF($AB$14,X122,$AB$9)) -> 0
D123: 8 | E123: =IF($H$10<>"As",0,IF($H$5<>"歩 道",0,SUMIF($H$11,D123,$H$9))) -> 0 | F123: =IF($H$10<>"As",0,IF($H$5<>"車 道",0,SUMIF($H$11,D123,$H$9))) -> 0 | G123: =IF($H$10<>"Co",0,IF($H$5<>"歩 道",0,SUMIF($H$11,D123,$H$9))) -> 0 | H123: =IF($H$10<>"Co",0,IF($H$5<>"車 道",0,SUMIF($H$11,D123,$H$9))) -> 0 | I123: =IF($H$5<>"歩 道",0,SUMIF($H$14,D123,$H$9)) -> 0 | J123: =IF($H$5<>"車 道",0,SUMIF($H$14,D123,$H$9)) -> 0 | X123: 8 | Y123: =IF($AB$10<>"As",0,IF($AB$5<>"歩 道",0,SUMIF($AB$11,X123,$AB$9))) -> 0 | Z123: =IF($AB$10<>"As",0,IF($AB$5<>"車 道",0,SUMIF($AB$11,X123,$AB$9))) -> 0 | AA123: =IF($AB$10<>"Co",0,IF($AB$5<>"歩 道",0,SUMIF($AB$11,X123,$AB$9))) -> 0 | AB123: =IF($AB$10<>"Co",0,IF($AB$5<>"車 道",0,SUMIF($AB$11,X123,$AB$9))) -> 0 | AC123: =IF($AB$5<>"歩 道",0,SUMIF($AB$14,X123,$AB$9)) -> 0 | AD123: =IF($AB$5<>"車 道",0,SUMIF($AB$14,X123,$AB$9)) -> 0
D124: 9 | E124: =IF($H$10<>"As",0,IF($H$5<>"歩 道",0,SUMIF($H$11,D124,$H$9))) -> 0 | F124: =IF($H$10<>"As",0,IF($H$5<>"車 道",0,SUMIF($H$11,D124,$H$9))) -> 0 | G124: =IF($H$10<>"Co",0,IF($H$5<>"歩 道",0,SUMIF($H$11,D124,$H$9))) -> 0 | H124: =IF($H$10<>"Co",0,IF($H$5<>"車 道",0,SUMIF($H$11,D124,$H$9))) -> 0 | I124: =IF($H$5<>"歩 道",0,SUMIF($H$14,D124,$H$9)) -> 0 | J124: =IF($H$5<>"車 道",0,SUMIF($H$14,D124,$H$9)) -> 0 | X124: 9 | Y124: =IF($AB$10<>"As",0,IF($AB$5<>"歩 道",0,SUMIF($AB$11,X124,$AB$9))) -> 0 | Z124: =IF($AB$10<>"As",0,IF($AB$5<>"車 道",0,SUMIF($AB$11,X124,$AB$9))) -> 0 | AA124: =IF($AB$10<>"Co",0,IF($AB$5<>"歩 道",0,SUMIF($AB$11,X124,$AB$9))) -> 0 | AB124: =IF($AB$10<>"Co",0,IF($AB$5<>"車 道",0,SUMIF($AB$11,X124,$AB$9))) -> 0 | AC124: =IF($AB$5<>"歩 道",0,SUMIF($AB$14,X124,$AB$9)) -> 0 | AD124: =IF($AB$5<>"車 道",0,SUMIF($AB$14,X124,$AB$9)) -> 0
D125: 10 | E125: =IF($H$10<>"As",0,IF($H$5<>"歩 道",0,SUMIF($H$11,D125,$H$9))) -> 0 | F125: =IF($H$10<>"As",0,IF($H$5<>"車 道",0,SUMIF($H$11,D125,$H$9))) -> 0 | G125: =IF($H$10<>"Co",0,IF($H$5<>"歩 道",0,SUMIF($H$11,D125,$H$9))) -> 0 | H125: =IF($H$10<>"Co",0,IF($H$5<>"車 道",0,SUMIF($H$11,D125,$H$9))) -> 0 | I125: =IF($H$5<>"歩 道",0,SUMIF($H$14,D125,$H$9)) -> 0 | J125: =IF($H$5<>"車 道",0,SUMIF($H$14,D125,$H$9)) -> 0 | X125: 10 | Y125: =IF($AB$10<>"As",0,IF($AB$5<>"歩 道",0,SUMIF($AB$11,X125,$AB$9))) -> 0 | Z125: =IF($AB$10<>"As",0,IF($AB$5<>"車 道",0,SUMIF($AB$11,X125,$AB$9))) -> 0 | AA125: =IF($AB$10<>"Co",0,IF($AB$5<>"歩 道",0,SUMIF($AB$11,X125,$AB$9))) -> 0 | AB125: =IF($AB$10<>"Co",0,IF($AB$5<>"車 道",0,SUMIF($AB$11,X125,$AB$9))) -> 0 | AC125: =IF($AB$5<>"歩 道",0,SUMIF($AB$14,X125,$AB$9)) -> 0 | AD125: =IF($AB$5<>"車 道",0,SUMIF($AB$14,X125,$AB$9)) -> 0
D126: 11 | E126: =IF($H$10<>"As",0,IF($H$5<>"歩 道",0,SUMIF($H$11,D126,$H$9))) -> 0 | F126: =IF($H$10<>"As",0,IF($H$5<>"車 道",0,SUMIF($H$11,D126,$H$9))) -> 0 | G126: =IF($H$10<>"Co",0,IF($H$5<>"歩 道",0,SUMIF($H$11,D126,$H$9))) -> 0 | H126: =IF($H$10<>"Co",0,IF($H$5<>"車 道",0,SUMIF($H$11,D126,$H$9))) -> 0 | I126: =IF($H$5<>"歩 道",0,SUMIF($H$14,D126,$H$9)) -> 0 | J126: =IF($H$5<>"車 道",0,SUMIF($H$14,D126,$H$9)) -> 0 | X126: 11 | Y126: =IF($AB$10<>"As",0,IF($AB$5<>"歩 道",0,SUMIF($AB$11,X126,$AB$9))) -> 0 | Z126: =IF($AB$10<>"As",0,IF($AB$5<>"車 道",0,SUMIF($AB$11,X126,$AB$9))) -> 0 | AA126: =IF($AB$10<>"Co",0,IF($AB$5<>"歩 道",0,SUMIF($AB$11,X126,$AB$9))) -> 0 | AB126: =IF($AB$10<>"Co",0,IF($AB$5<>"車 道",0,SUMIF($AB$11,X126,$AB$9))) -> 0 | AC126: =IF($AB$5<>"歩 道",0,SUMIF($AB$14,X126,$AB$9)) -> 0 | AD126: =IF($AB$5<>"車 道",0,SUMIF($AB$14,X126,$AB$9)) -> 0
D127: 12 | E127: =IF($H$10<>"As",0,IF($H$5<>"歩 道",0,SUMIF($H$11,D127,$H$9))) -> 0 | F127: =IF($H$10<>"As",0,IF($H$5<>"車 道",0,SUMIF($H$11,D127,$H$9))) -> 0 | G127: =IF($H$10<>"Co",0,IF($H$5<>"歩 道",0,SUMIF($H$11,D127,$H$9))) -> 0 | H127: =IF($H$10<>"Co",0,IF($H$5<>"車 道",0,SUMIF($H$11,D127,$H$9))) -> 0 | I127: =IF($H$5<>"歩 道",0,SUMIF($H$14,D127,$H$9)) -> 0 | J127: =IF($H$5<>"車 道",0,SUMIF($H$14,D127,$H$9)) -> 0 | X127: 12 | Y127: =IF($AB$10<>"As",0,IF($AB$5<>"歩 道",0,SUMIF($AB$11,X127,$AB$9))) -> 0 | Z127: =IF($AB$10<>"As",0,IF($AB$5<>"車 道",0,SUMIF($AB$11,X127,$AB$9))) -> 0 | AA127: =IF($AB$10<>"Co",0,IF($AB$5<>"歩 道",0,SUMIF($AB$11,X127,$AB$9))) -> 0 | AB127: =IF($AB$10<>"Co",0,IF($AB$5<>"車 道",0,SUMIF($AB$11,X127,$AB$9))) -> 0 | AC127: =IF($AB$5<>"歩 道",0,SUMIF($AB$14,X127,$AB$9)) -> 0 | AD127: =IF($AB$5<>"車 道",0,SUMIF($AB$14,X127,$AB$9)) -> 0
... D155: 40 | E155: =IF($H$10<>"As",0,IF($H$5<>"歩 道",0,SUMIF($H$11,D155,$H$9))) -> 0 | F155: =IF($H$10<>"As",0,IF($H$5<>"車 道",0,SUMIF($H$11,D155,$H$9))) -> 0 | G155: =IF($H$10<>"Co",0,IF($H$5<>"歩 道",0,SUMIF($H$11,D155,$H$9))) -> 0 | H155: =IF($H$10<>"Co",0,IF($H$5<>"車 道",0,SUMIF($H$11,D155,$H$9))) -> 0 | I155: =IF($H$5<>"歩 道",0,SUMIF($H$14,D155,$H$9)) -> 0 | J155: =IF($H$5<>"車 道",0,SUMIF($H$14,D155,$H$9)) -> 0 | X155: 40 | Y155: =IF($AB$10<>"As",0,IF($AB$5<>"歩 道",0,SUMIF($AB$11,X155,$AB$9))) -> 0 | Z155: =IF($AB$10<>"As",0,IF($AB$5<>"車 道",0,SUMIF($AB$11,X155,$AB$9))) -> 0 | AA155: =IF($AB$10<>"Co",0,IF($AB$5<>"歩 道",0,SUMIF($AB$11,X155,$AB$9))) -> 0 | AB155: =IF($AB$10<>"Co",0,IF($AB$5<>"車 道",0,SUMIF($AB$11,X155,$AB$9))) -> 0 | AC155: =IF($AB$5<>"歩 道",0,SUMIF($AB$14,X155,$AB$9)) -> 0 | AD155: =IF($AB$5<>"車 道",0,SUMIF($AB$14,X155,$AB$9)) -> 0
D157: №3 | X157: №3
E158: As | G158: Co | I158: 仮復旧 | Y158: As | AA158: Co | AC158: 仮復旧
E159: 歩道 | F159: 車道 | G159: 歩道 | H159: 車道 | I159: 歩道 | J159: 車道 | Y159: 歩道 | Z159: 車道 | AA159: 歩道 | AB159: 車道 | AC159: 歩道 | AD159: 車道
...

Sheet 試掘（土300
A1: ■試験掘（φ300）【新設】 土工事積算用集計表 | O1: 工事名： | T1: =表紙!C2 -> 東白川特2高層配水池揚水管取替工事
B2: □舗装数量
C3: ○舗装版取壊 数量 | J3: □As殻Co殻運搬（現場～仮置場） | U3: ≪※ | W3: 仮置無し | X3: の場合≫
D4: 舗装種別 | F4: 掘削面積 | G4: 舗装厚 | O4: F1
E5: As車道 | H5: =ROUND(F5*G5,2) -> 0 | L5: As（車道） | N5: （ | O5: =IF($W$3="仮置無し",0,$H$17) -> 0 | P5: ） | AC5: = | AD5: =O5 -> 0
H6: =ROUND(F6*G6,2) -> 0 | O6: F2
H7: =ROUND(F7*G7,2) -> 0 | L7: As（歩道） | N7: （ | O7: =IF($W$3="仮置無し",0,$H$30) -> 0 | P7: ） | AC7: = | AD7: =O7 -> 0
H8: =ROUND(F8*G8,2) -> 0 | O8: G
H9: =ROUND(F9*G9,2) -> 0 | L9: Co | N9: （ | O9: =IF($W$3="仮置無し",0,$H$43) -> 0 | P9: ） | AC9: = | AD9: =O9 -> 0
H10: =ROUND(F10*G10,2) -> 0
H11: =ROUND(F11*G11,2) -> 0 | J11: □掘削
H12: =ROUND(F12*G12,2) -> 0 | K12: ●全体土量 | O12: 試掘箇所数 | AD12: A
H13: =ROUND(F13*G13,2) -> 0 | L13: 試掘全体土量 | N13: （ | O13: =SUM('試掘（舗300'!AA7,'試掘（舗300'!AD7,'試掘（舗300'!AA19,'試掘（舗300'!AD19,'試掘（舗300'!AA31,'試掘（舗300'!AD31,'試掘（舗300'!G7,'試掘（舗300'!J7,'試掘（舗300'!G19,'試掘（舗300'!J19,'試掘（舗300'!G31,'試掘（舗300'!J31) -> 0 | P13: ） | Q13: × | R13: =ROUND(0.6*1*1.2,2) -> 0.72 | AC13: = | AD13: =ROUND(O13*R13,2) -> 0
H14: =ROUND(F14*G14,2) -> 0 | K14: ●全体床堀土量 | O14: A | S14: F1 | W14: F2 | AA14: G | AD14: B1
H15: =ROUND(F15*G15,2) -> 0 | L15: 全体床堀土量 | N15: （ | O15: =$AD$13 -> 0 | P15: ） | Q15: - | R15: （ | S15: =$H$17 -> 0 | T15: ） | U15: - | V15: （ | W15: =$H$30 -> 0 | X15: ） | Y15: - | Z15: （ | AA15: =$H$43 -> 0 | AB15: ） | AC15: = | AD15: =O15-S15-W15-AA15 -> 0
H16: =ROUND(F16*G16,2) -> 0 | K16: ●床 堀 | O16: B1
D17: （F1）As車道部 取壊 数量 | H17: =SUM(H5:H16) -> 0 | L17: 砂質土（人力） | N17: （ | O17: =$AD$15 -> 0 | P17: ） | AC17: = | AD17: =O17 -> 0
E18: As歩道 | H18: =ROUND(F18*G18,2) -> 0 | K18: ●全体埋戻土量 | O18: A | S18: H | W18: M | AD18: B2
H19: =ROUND(F19*G19,2) -> 0 | L19: 全体埋戻土量 | N19: （ | O19: =$AD$13 -> 0 | P19: ） | Q19: - | R19: （ | S19: =IF('試掘（舗300'!AM32="",'試掘（舗300'!S32,'試掘（舗300'!AM32) -> 0 | T19: ） | U19: - | V19: （ | W19: =IF('試掘（舗300'!AM39="",'試掘（舗300'!S39,'試掘（舗300'!AM39) -> 0 | X19: ） | AC19: = | AD19: =O19-S19-W19 -> 0
H20: =ROUND(F20*G20,2) -> 0 | K20: ●土砂運搬（現場～仮置場） | O20: B1 | S20: B2 | AD20: B3
H21: =ROUND(F21*G21,2) -> 0 | L21: 砂質土（機械） | N21: （ | O21: =$AD$15 -> 0 | P21: ） | Q21: - | R21: （ | S21: =$AD$19 -> 0 | T21: ） | AC21: = | AD21: =O21-S21 -> 0
H22: =ROUND(F22*G22,2) -> 0
H23: =ROUND(F23*G23,2) -> 0
H24: =ROUND(F24*G24,2) -> 0
H25: =ROUND(F25*G25,2) -> 0 | J25: □埋戻し | O25: B2
H26: =ROUND(F26*G26,2) -> 0 | L26: 発生土（機械） | N26: （ | O26: =$AD$19 -> 0 | P26: ） | AC26: = | AD26: =O26 -> 0
H27: =ROUND(F27*G27,2) -> 0
H28: =ROUND(F28*G28,2) -> 0 | J28: =IF(W3="仮置有り","□As殻Co殻運搬処理（仮置場～処分地）","□As殻Co殻運搬処理（現場～処分地）") -> □As殻Co殻運搬処理（現場～処分地）
H29: =ROUND(F29*G29,2) -> 0 | K29: ●仮置土積込工 | O29: F1 | S29: F2 | U29: ≪※ | W29: =W3 -> 仮置無し | X29: の場合≫
D30: （F2）As歩道部 取壊 数量 | H30: =SUM(H18:H29) -> 0 | L30: As | N30: （ | O30: =IF($W$3="仮置無し",0,$H$17) -> 0 | P30: ） | Q30: + | R30: （ | S30: =IF($W$3="仮置無し",0,$H$30) -> 0 | T30: ） | AC30: = | AD30: =O30+S30 -> 0
E31: Co | H31: =ROUND(F31*G31,2) -> 0 | O31: G
H32: =ROUND(F32*G32,2) -> 0 | L32: Co | N32: （ | O32: =IF($W$3="仮置無し",0,$H$43) -> 0 | P32: ） | AC32: = | AD32: =O32 -> 0
H33: =ROUND(F33*G33,2) -> 0 | K33: ●殻運搬処理 | O33: F1
H34: =ROUND(F34*G34,2) -> 0 | L34: As（車道） | N34: （ | O34: =$H$17 -> 0 | P34: ） | AC34: = | AD34: =O34 -> 0
H35: =ROUND(F35*G35,2) -> 0 | O35: F2
H36: =ROUND(F36*G36,2) -> 0 | L36: As（歩道） | N36: （ | O36: =$H$30 -> 0 | P36: ） | AC36: = | AD36: =O36 -> 0
H37: =ROUND(F37*G37,2) -> 0 | O37: G
H38: =ROUND(F38*G38,2) -> 0 | L38: Co | N38: （ | O38: =$H$43 -> 0 | P38: ） | AC38: = | AD38: =O38 -> 0
H39: =ROUND(F39*G39,2) -> 0
H40: =ROUND(F40*G40,2) -> 0 | J40: □残土運搬処理（仮置場～処分地）
H41: =ROUND(F41*G41,2) -> 0 | K41: ●仮置土積込工（残土量） | O41: B3
H42: =ROUND(F42*G42,2) -> 0 | L42: 砂質土 | N42: （ | O42: =$AD$21 -> 0 | P42: ） | AC42: = | AD42: =O42 -> 0
D43: （G）Co部 取壊 数量 | H43: =SUM(H31:H42) -> 0 | K43: ●残土運搬処理 | O43: B3
L44: 砂質土 | N44: （ | O44: =$AD$21 -> 0 | P44: ） | AC44: = | AD44: =O44 -> 0
C45: ○先行路盤・仮復旧 数量
D46: （H）先行路盤（再使用） 数量 | H46: =SUM('試掘（舗300'!S32,'試掘（舗300'!AK44) -> 0
D47: （M）仮復旧 数量 | H47: =SUM('試掘（舗300'!S39,'試掘（舗300'!AK45) -> 0

Sheet 試掘（舗75
A1: =IF(AK43="×","■試験掘（φ75～φ300）【取替・撤去】 舗装復旧積算用集計表","■試験掘（φ75～φ300）【取替・撤去】 舗装復旧積算用集計表No.1") -> ■試験掘（φ75～φ300）【取替・撤去】 舗装復旧積算用集計表 | L1: 工事名： | O1: =表紙!C2 -> 東白川特2高層配水池揚水管取替工事 | U1: =IF(AK43="×","二枚目使用する時は印刷範囲へ(※掘削延長を入力すると１Pも含め様式変換されます)","■試験掘（φ75～φ300）【取替・撤去】 舗装復旧積算用集計表No.2") -> 二枚目使用する時は印刷範囲へ(※掘削延長を入力すると１Pも含め様式変換されます) | AF1: 工事名： | AI1: =表紙!C2 -> 東白川特2高層配水池揚水管取替工事
B2: =IF(AK43="×","□掘削面積","□掘削面積No.1") -> □掘削面積 | M2: =IF(AK43="×","□舗装切断工","□舗装切断工No.1") -> □舗装切断工 | V2: □掘削面積No.2 | AG2: □舗装切断工No.2
C3: 在来舗装 | E3: 2-2 | H3: 10→10-1 | N3: 種別・舗装厚 | P3: 合 計 | Q3: 種別・舗装厚 | S3: 合 計 | W3: 在来舗装 | Y3: 3 | AB3: 10 | AH3: 種別・舗装厚 | AJ3: 合 計 | AK3: 種別・舗装厚 | AM3: 合 計
C4: 復旧号工 | E4: 5 | H4: 5 | N4: As | O4: t≦15 | P4: =F43+F47+F51+F55+F59+F63 -> 0 | Q4: Co | R4: t≦15 | S4: =I43+I47+I51+I55+I59+I63 -> 0 | W4: 復旧号工 | Y4: 5 | AB4: 5 | AH4: As | AI4: t≦15 | AJ4: =Z43+Z47+Z51+Z55+Z59+Z63 -> 0 | AK4: Co | AL4: t≦15 | AM4: =AC43+AC47+AC51+AC55+AC59+AC63 -> 0
C5: 区 分 | E5: 車 道 | H5: 歩 道 | N5: As | O5: 15<t≦30 | P5: =F44+F48+F52+F56+F60+F64 -> 0 | Q5: Co | R5: 15<t≦30 | S5: =I44+I48+I52+I56+I60+I64 -> 0 | W5: 区 分 | Y5: 車 道 | AB5: 歩 道 | AH5: As | AI5: 15<t≦30 | AJ5: =Z44+Z48+Z52+Z56+Z60+Z64 -> 0 | AK5: Co | AL5: 15<t≦30 | AM5: =AC44+AC48+AC52+AC56+AC60+AC64 -> 0
C6: 施工区分 | E6: 昼間施工 | H6: 昼間施工 | N6: As | O6: 30<t≦40 | P6: =F45+F49+F53+F57+F61+F65 -> 0 | W6: 施工区分 | Y6: 昼間施工 | AB6: 昼間施工 | AH6: As | AI6: 30<t≦40 | AJ6: =Z45+Z49+Z53+Z57+Z61+Z65 -> 0
C7: 管布設延長 | F7: 20 | G7: =ROUNDUP(E7/F7,0) -> 0 | I7: 20 | J7: =ROUNDUP(H7/I7,0) -> 0 | W7: 管布設延長 | Z7: 20 | AA7: =ROUNDUP(Y7/Z7,0) -> 0 | AC7: 20 | AD7: =ROUNDUP(AB7/AC7,0) -> 0
C8: 掘削面積 | E8: =G7 -> 0 | F8: 0.8 | G8: =ROUND(E8*F8,2) -> 0 | H8: =J7 -> 0 | I8: 0.8 | J8: =ROUND(H8*I8,2) -> 0 | W8: 掘削面積 | Y8: =AA7 -> 0 | Z8: 0.8 | AA8: =ROUND(Y8*Z8,2) -> 0 | AB8: =AD7 -> 0 | AC8: 0.8 | AD8: =ROUND(AB8*AC8,2) -> 0
C9: 合 計 | E9: =SUM(G8:G8) -> 0 | H9: =SUM(J8:J8) -> 0 | M9: =IF(AK43="×","□舗装版破砕工（人力）","□舗装版破砕工（人力）No.1") -> □舗装版破砕工（人力） | W9: 合 計 | Y9: =SUM(AA8:AA8) -> 0 | AB9: =SUM(AD8:AD8) -> 0 | AG9: □舗装版破砕工（人力）No.2
C10: 舗装版破砕工 | E10: As | H10: As | N10: 種別・舗装厚 | P10: 合 計 | Q10: 種別・舗装厚 | S10: 合 計 | W10: 舗装版破砕工 | Y10: As | AB10: As | AH10: 種別・舗装厚 | AJ10: 合 計 | AK10: 種別・舗装厚 | AM10: 合 計
E11: 10 | H11: 10 | N11: As | O11: =IF(MAX($E$381:$E$420)<ROW()-10,"",INDEX($D$381:$D$420,MATCH(ROW()-10,$E$381:$E$420,0),1)) | P11: =SUMIF($D$381:$D$420,O11,$F$381:$F$420) -> 0 | Q11: Co | R11: =IF(MAX($G$381:$G$420)<ROW()-10,"",INDEX($D$381:$D$420,MATCH(ROW()-10,$G$381:$G$420,0),1)) | S11: =SUMIF($D$381:$D$420,R11,$H$381:$H$420) -> 0 | Y11: 10 | AB11: 4 | AH11: As | AI11: =IF(MAX($Y$381:$Y$420)<ROW()-10,"",INDEX($X$381:$X$420,MATCH(ROW()-10,$Y$381:$Y$420,0),1)) | AJ11: =SUMIF($X$381:$X$420,AI11,$Z$381:$Z$420) -> 0 | AK11: Co | AL11: =IF(MAX($AA$381:$AA$420)<ROW()-10,"",INDEX($X$381:$X$420,MATCH(ROW()-10,$AA$381:$AA$420,0),1)) | AM11: =SUMIF($X$381:$X$420,AL11,$AB$381:$AB$420) -> 0
C12: 先行路盤 | E12: 発生土（再使用） | H12: 発生土（再使用） | N12: As | O12: =IF(MAX($E$381:$E$420)<ROW()-10,"",INDEX($D$381:$D$420,MATCH(ROW()-10,$E$381:$E$420,0),1)) | P12: =SUMIF($D$381:$D$420,O12,$F$381:$F$420) -> 0 | Q12: Co | R12: =IF(MAX($G$381:$G$420)<ROW()-10,"",INDEX($D$381:$D$420,MATCH(ROW()-10,$G$381:$G$420,0),1)) | S12: =SUMIF($D$381:$D$420,R12,$H$381:$H$420) -> 0 | W12: 先行路盤 | Y12: 発生土（再使用） | AB12: 発生土（再使用） | AH12: As | AI12: =IF(MAX($Y$381:$Y$420)<ROW()-10,"",INDEX($X$381:$X$420,MATCH(ROW()-10,$Y$381:$Y$420,0),1)) | AJ12: =SUMIF($X$381:$X$420,AI12,$Z$381:$Z$420) -> 0 | AK12: Co | AL12: =IF(MAX($AA$381:$AA$420)<ROW()-10,"",INDEX($X$381:$X$420,MATCH(ROW()-10,$AA$381:$AA$420,0),1)) | AM12: =SUMIF($X$381:$X$420,AL12,$AB$381:$AB$420) -> 0
E13: 25 | H13: 25 | N13: As | O13: =IF(MAX($E$381:$E$420)<ROW()-10,"",INDEX($D$381:$D$420,MATCH(ROW()-10,$E$381:$E$420,0),1)) | P13: =SUMIF($D$381:$D$420,O13,$F$381:$F$420) -> 0 | Q13: Co | R13: =IF(MAX($G$381:$G$420)<ROW()-10,"",INDEX($D$381:$D$420,MATCH(ROW()-10,$G$381:$G$420,0),1)) | S13: =SUMIF($D$381:$D$420,R13,$H$381:$H$420) -> 0 | Y13: 25 | AB13: 10 | AH13: As | AI13: =IF(MAX($Y$381:$Y$420)<ROW()-10,"",INDEX($X$381:$X$420,MATCH(ROW()-10,$Y$381:$Y$420,0),1)) | AJ13: =SUMIF($X$381:$X$420,AI13,$Z$381:$Z$420) -> 0 | AK13: Co | AL13: =IF(MAX($AA$381:$AA$420)<ROW()-10,"",INDEX($X$381:$X$420,MATCH(ROW()-10,$AA$381:$AA$420,0),1)) | AM13: =SUMIF($X$381:$X$420,AL13,$AB$381:$AB$420) -> 0
C14: 仮復旧 | E14: 5 | H14: 5 | N14: As | O14: =IF(MAX($E$381:$E$420)<ROW()-10,"",INDEX($D$381:$D$420,MATCH(ROW()-10,$E$381:$E$420,0),1)) | P14: =SUMIF($D$381:$D$420,O14,$F$381:$F$420) -> 0 | Q14: Co | R14: =IF(MAX($G$381:$G$420)<ROW()-10,"",INDEX($D$381:$D$420,MATCH(ROW()-10,$G$381:$G$420,0),1)) | S14: =SUMIF($D$381:$D$420,R14,$H$381:$H$420) -> 0 | W14: 仮復旧 | Y14: 5 | AB14: 4 | AH14: As | AI14: =IF(MAX($Y$381:$Y$420)<ROW()-10,"",INDEX($X$381:$X$420,MATCH(ROW()-10,$Y$381:$Y$420,0),1)) | AJ14: =SUMIF($X$381:$X$420,AI14,$Z$381:$Z$420) -> 0 | AK14: Co | AL14: =IF(MAX($AA$381:$AA$420)<ROW()-10,"",INDEX($X$381:$X$420,MATCH(ROW()-10,$AA$381:$AA$420,0),1)) | AM14: =SUMIF($X$381:$X$420,AL14,$AB$381:$AB$420) -> 0
C15: 在来舗装 | N15: As | O15: =IF(MAX($E$381:$E$420)<ROW()-10,"",INDEX($D$381:$D$420,MATCH(ROW()-10,$E$381:$E$420,0),1)) | P15: =SUMIF($D$381:$D$420,O15,$F$381:$F$420) -> 0 | Q15: Co | R15: =IF(MAX($G$381:$G$420)<ROW()-10,"",INDEX($D$381:$D$420,MATCH(ROW()-10,$G$381:$G$420,0),1)) | S15: =SUMIF($D$381:$D$420,R15,$H$381:$H$420) -> 0 | W15: 在来舗装 | Y15: 2 | AH15: As | AI15: =IF(MAX($Y$381:$Y$420)<ROW()-10,"",INDEX($X$381:$X$420,MATCH(ROW()-10,$Y$381:$Y$420,0),1)) | AJ15: =SUMIF($X$381:$X$420,AI15,$Z$381:$Z$420) -> 0 | AK15: Co | AL15: =IF(MAX($AA$381:$AA$420)<ROW()-10,"",INDEX($X$381:$X$420,MATCH(ROW()-10,$AA$381:$AA$420,0),1)) | AM15: =SUMIF($X$381:$X$420,AL15,$AB$381:$AB$420) -> 0
C16: 復旧号工 | N16: As | O16: =IF(MAX($E$381:$E$420)<ROW()-10,"",INDEX($D$381:$D$420,MATCH(ROW()-10,$E$381:$E$420,0),1)) | P16: =SUMIF($D$381:$D$420,O16,$F$381:$F$420) -> 0 | Q16: Co | R16: =IF(MAX($G$381:$G$420)<ROW()-10,"",INDEX($D$381:$D$420,MATCH(ROW()-10,$G$381:$G$420,0),1)) | S16: =SUMIF($D$381:$D$420,R16,$H$381:$H$420) -> 0 | W16: 復旧号工 | Y16: 5 | AH16: As | AI16: =IF(MAX($Y$381:$Y$420)<ROW()-10,"",INDEX($X$381:$X$420,MATCH(ROW()-10,$Y$381:$Y$420,0),1)) | AJ16: =SUMIF($X$381:$X$420,AI16,$Z$381:$Z$420) -> 0 | AK16: Co | AL16: =IF(MAX($AA$381:$AA$420)<ROW()-10,"",INDEX($X$381:$X$420,MATCH(ROW()-10,$AA$381:$AA$420,0),1)) | AM16: =SUMIF($X$381:$X$420,AL16,$AB$381:$AB$420) -> 0
C17: 区 分 | W17: 区 分 | Y17: 車 道
C18: 施工区分 | W18: 施工区分 | Y18: 昼間施工
C19: 管布設延長 | F19: 20 | G19: =ROUNDUP(E19/F19,0) -> 0 | I19: 20 | J19: =ROUNDUP(H19/I19,0) -> 0 | M19: □殻運搬(総計) | W19: 管布設延長 | Z19: 20 | AA19: =ROUNDUP(Y19/Z19,0) -> 0 | AC19: 20 | AD19: =ROUNDUP(AB19/AC19,0) -> 0
C20: 掘削面積 | E20: =G19 -> 0 | F20: 0.8 | G20: =ROUND(E20*F20,2) -> 0 | H20: =J19 -> 0 | I20: 0.8 | J20: =ROUND(H20*I20,2) -> 0 | N20: 種 別 | P20: 合 計 | Q20: 種 別 | S20: 合 計 | W20: 掘削面積 | Y20: =AA19 -> 0 | Z20: 0.8 | AA20: =ROUND(Y20*Z20,2) -> 0 | AB20: =AD19 -> 0 | AC20: 0.8 | AD20: =ROUND(AB20*AC20,2) -> 0
C21: 合 計 | E21: =SUM(G20:G20) -> 0 | H21: =SUM(J20:J20) -> 0 | N21: As（車道） | P21: =SUMPRODUCT($X$336:$X$375,$Z$336:$Z$375)/100+SUMPRODUCT($D$336:$D$375,$F$336:$F$375)/100 -> 0 | Q21: Co | S21: =SUMPRODUCT($X$381:$X$420,$AB$381:$AB$420)/100+SUMPRODUCT($D$381:$D$420,$H$381:$H$420)/100 -> 0 | W21: 合 計 | Y21: =SUM(AA20:AA20) -> 0 | AB21: =SUM(AD20:AD20) -> 0
C22: 舗装版破砕工 | N22: As（歩道） | P22: =SUMPRODUCT($X$336:$X$375,$Y$336:$Y$375)/100+SUMPRODUCT($D$336:$D$375,$E$336:$E$375)/100 -> 0 | Q22: 全種 | S22: =IF($Q$22="全種",$P$21+$S$21+$P$22,"0")+IF($Q$22="As（車道）＋As（歩道）",$P$21+$P$22,"0")+IF($Q$22="As（車道）＋Co",$P$21+$S$21,"0")+IF($Q$22="As（歩道）＋Co",$P$22+$S$21,"0") -> 0 | W22: 舗装版破砕工 | Y22: As | AB22: As
Y23: 15 | AB23: 10
C24: 先行路盤 | M24: =IF(AK43="×","□先行路盤（再使用）","□先行路盤（再使用）No.1") -> □先行路盤（再使用） | W24: 先行路盤 | Y24: 発生土（再使用） | AB24: 発生土（再使用） | AG24: □先行路盤（再使用）No.2
N25: 種別・路盤厚 | P25: 合 計 | Q25: 種別・路盤厚 | S25: 合 計 | Y25: 50 | AB25: 25 | AH25: 種別・路盤厚 | AJ25: 合 計 | AK25: 種別・路盤厚 | AM25: 合 計
C26: 仮復旧 | N26: 再使用 | O26: =IF(MAX($I$618:$I$677)<ROW()-25,"",INDEX($H$618:$H$677,MATCH(ROW()-25,$I$618:$I$677,0),1)) | P26: =SUMIF($H$618:$H$677,O26,$J$618:$J$677) -> 0 | W26: 仮復旧 | Y26: 10 | AB26: 5 | AH26: 再使用 | AI26: =IF(MAX($AC$618:$AC$677)<ROW()-25,"",INDEX($AB$618:$AB$677,MATCH(ROW()-25,$AC$618:$AC$677,0),1)) | AJ26: =SUMIF($AB$618:$AB$677,AI26,$AD$618:$AD$677) -> 0
C27: 在来舗装 | E27: 3 | N27: 再使用 | O27: =IF(MAX($I$618:$I$677)<ROW()-25,"",INDEX($H$618:$H$677,MATCH(ROW()-25,$I$618:$I$677,0),1)) | P27: =SUMIF($H$618:$H$677,O27,$J$618:$J$677) -> 0 | W27: 在来舗装 | AH27: 再使用 | AI27: =IF(MAX($AC$618:$AC$677)<ROW()-25,"",INDEX($AB$618:$AB$677,MATCH(ROW()-25,$AC$618:$AC$677,0),1)) | AJ27: =SUMIF($AB$618:$AB$677,AI27,$AD$618:$AD$677) -> 0
C28: 復旧号工 | E28: 5 | N28: 再使用 | O28: =IF(MAX($I$618:$I$677)<ROW()-25,"",INDEX($H$618:$H$677,MATCH(ROW()-25,$I$618:$I$677,0),1)) | P28: =SUMIF($H$618:$H$677,O28,$J$618:$J$677) -> 0 | W28: 復旧号工 | AH28: 再使用 | AI28: =IF(MAX($AC$618:$AC$677)<ROW()-25,"",INDEX($AB$618:$AB$677,MATCH(ROW()-25,$AC$618:$AC$677,0),1)) | AJ28: =SUMIF($AB$618:$AB$677,AI28,$AD$618:$AD$677) -> 0
C29: 区 分 | N29: 再使用 | O29: =IF(MAX($I$618:$I$677)<ROW()-25,"",INDEX($H$618:$H$677,MATCH(ROW()-25,$I$618:$I$677,0),1)) | P29: =SUMIF($H$618:$H$677,O29,$J$618:$J$677) -> 0 | W29: 区 分 | Y29: 車 道 | AB29: 車 道 | AH29: 再使用 | AI29: =IF(MAX($AC$618:$AC$677)<ROW()-25,"",INDEX($AB$618:$AB$677,MATCH(ROW()-25,$AC$618:$AC$677,0),1)) | AJ29: =SUMIF($AB$618:$AB$677,AI29,$AD$618:$AD$677) -> 0
C30: 施工区分 | N30: 再使用 | O30: =IF(MAX($I$618:$I$677)<ROW()-25,"",INDEX($H$618:$H$677,MATCH(ROW()-25,$I$618:$I$677,0),1)) | P30: =SUMIF($H$618:$H$677,O30,$J$618:$J$677) -> 0 | W30: 施工区分 | Y30: 昼間施工 | AB30: 昼間施工 | AH30: 再使用 | AI30: =IF(MAX($AC$618:$AC$677)<ROW()-25,"",INDEX($AB$618:$AB$677,MATCH(ROW()-25,$AC$618:$AC$677,0),1)) | AJ30: =SUMIF($AB$618:$AB$677,AI30,$AD$618:$AD$677) -> 0
C31: 管布設延長 | F31: 20 | G31: =ROUNDUP(E31/F31,0) -> 0 | I31: 20 | J31: =ROUNDUP(H31/I31,0) -> 0 | N31: 再使用 | O31: =IF(MAX($I$618:$I$677)<ROW()-25,"",INDEX($H$618:$H$677,MATCH(ROW()-25,$I$618:$I$677,0),1)) | P31: =SUMIF($H$618:$H$677,O31,$J$618:$J$677) -> 0 | W31: 管布設延長 | Z31: 20 | AA31: =ROUNDUP(Y31/Z31,0) -> 0 | AC31: 20 | AD31: =ROUNDUP(AB31/AC31,0) -> 0 | AH31: 再使用 | AI31: =IF(MAX($AC$618:$AC$677)<ROW()-25,"",INDEX($AB$618:$AB$677,MATCH(ROW()-25,$AC$618:$AC$677,0),1)) | AJ31: =SUMIF($AB$618:$AB$677,AI31,$AD$618:$AD$677) -> 0
C32: 掘削面積 | E32: =G31 -> 0 | F32: 0.8 | G32: =ROUND(E32*F32,2) -> 0 | I32: 0.8 | J32: =ROUND(H32*I32,2) -> 0 | O32: =IF(AK43="×","※先行路盤(再使用) 土量 計 ： H= ","※先行路盤(再使用) 土量No.1 計 ： ") -> ※先行路盤(再使用) 土量 計 ： H= | S32: =ROUND(SUMPRODUCT(O26:O31,P26:P31)/100+SUMPRODUCT(R26:R31,S26:S31)/100,2) -> 0 | W32: 掘削面積 | Y32: =AA31 -> 0 | Z32: 0.8 | AA32: =ROUND(Y32*Z32,2) -> 0 | AB32: =AD31 -> 0 | AC32: 0.8 | AD32: =ROUND(AB32*AC32,2) -> 0 | AI32: ※先行路盤(再使用) 土量No.1+No.2 計 ： H= | AM32: =IF(AK43="○",AK44+S32,"")
C33: 合 計 | E33: =SUM(G32:G32) -> 0 | H33: =SUM(J32:J32) -> 0 | M33: =IF(AK43="×","□仮復旧工","□仮復旧工No.1") -> □仮復旧工 | W33: 合 計 | Y33: =SUM(AA32:AA32) -> 0 | AB33: =SUM(AD32:AD32) -> 0 | AG33: □仮復旧工No.2
C34: 舗装版破砕工 | N34: 種別・舗装厚 | P34: 合 計 | Q34: 種別・舗装厚 | S34: 合 計 | W34: 舗装版破砕工 | Y34: As | AB34: As | AH34: 種別・舗装厚 | AJ34: 合 計 | AK34: 種別・舗装厚 | AM34: 合 計
N35: As | O35: =IF(MAX($I$381:$I$420)<ROW()-34,"",INDEX($D$381:$D$420,MATCH(ROW()-34,$I$381:$I$420,0),1)) | P35: =SUMIF($D$381:$D$420,O35,$J$381:$J$420) -> 0 | Q35: As | R35: =IF(MAX($I$381:$I$420)<ROW()-30,"",INDEX($D$381:$D$420,MATCH(ROW()-30,$I$381:$I$420,0),1)) | S35: =SUMIF($D$381:$D$420,R35,$J$381:$J$420) -> 0 | AH35: As | AI35: =IF(MAX($AC$381:$AC$420)<ROW()-34,"",INDEX($X$381:$X$420,MATCH(ROW()-34,$AC$381:$AC$420,0),1)) | AJ35: =SUMIF($X$381:$X$420,AI35,$AD$381:$AD$420) -> 0 | AK35: As | AL35: =IF(MAX($AC$381:$AC$420)<ROW()-30,"",INDEX($X$381:$X$420,MATCH(ROW()-30,$AC$381:$AC$420,0),1)) | AM35: =SUMIF($X$381:$X$420,AL35,$AD$381:$AD$420) -> 0
C36: 先行路盤 | N36: As | O36: =IF(MAX($I$381:$I$420)<ROW()-34,"",INDEX($D$381:$D$420,MATCH(ROW()-34,$I$381:$I$420,0),1)) | P36: =SUMIF($D$381:$D$420,O36,$J$381:$J$420) -> 0 | Q36: As | R36: =IF(MAX($I$381:$I$420)<ROW()-30,"",INDEX($D$381:$D$420,MATCH(ROW()-30,$I$381:$I$420,0),1)) | S36: =SUMIF($D$381:$D$420,R36,$J$381:$J$420) -> 0 | W36: 先行路盤 | Y36: 発生土（再使用） | AB36: 発生土（再使用） | AH36: As | AI36: =IF(MAX($AC$381:$AC$420)<ROW()-34,"",INDEX($X$381:$X$420,MATCH(ROW()-34,$AC$381:$AC$420,0),1)) | AJ36: =SUMIF($X$381:$X$420,AI36,$AD$381:$AD$420) -> 0 | AK36: As | AL36: =IF(MAX($AC$381:$AC$420)<ROW()-30,"",INDEX($X$381:$X$420,MATCH(ROW()-30,$AC$381:$AC$420,0),1)) | AM36: =SUMIF($X$381:$X$420,AL36,$AD$381:$AD$420) -> 0
N37: As | O37: =IF(MAX($I$381:$I$420)<ROW()-34,"",INDEX($D$381:$D$420,MATCH(ROW()-34,$I$381:$I$420,0),1)) | P37: =SUMIF($D$381:$D$420,O37,$J$381:$J$420) -> 0 | AH37: As | AI37: =IF(MAX($AC$381:$AC$420)<ROW()-34,"",INDEX($X$381:$X$420,MATCH(ROW()-34,$AC$381:$AC$420,0),1)) | AJ37: =SUMIF($X$381:$X$420,AI37,$AD$381:$AD$420) -> 0
C38: 仮復旧 | N38: As | O38: =IF(MAX($I$381:$I$420)<ROW()-34,"",INDEX($D$381:$D$420,MATCH(ROW()-34,$I$381:$I$420,0),1)) | P38: =SUMIF($D$381:$D$420,O38,$J$381:$J$420) -> 0 | W38: 仮復旧 | AH38: As | AI38: =IF(MAX($AC$381:$AC$420)<ROW()-34,"",INDEX($X$381:$X$420,MATCH(ROW()-34,$AC$381:$AC$420,0),1)) | AJ38: =SUMIF($X$381:$X$420,AI38,$AD$381:$AD$420) -> 0
O39: =IF(AK43="×","※仮復旧 土量 計 ： M= ","※仮復旧 土量No.1 計 ： ") -> ※仮復旧 土量 計 ： M= | S39: =ROUND(SUMPRODUCT(O35:O38,P35:P38)/100+SUMPRODUCT(R35:R38,S35:S38)/100,2) -> 0 | AI39: ※仮復旧 土量No.1+No.2 計 ： M= | AM39: =IF(AK43="○",AK45+S39,"")
B41: □だみー | V41: □だみー
D42: №1 | X42: №1
D43: As | E43: t≦15 | F43: =IF($E$10<>"As",0,IF($E$11<=15,ROUND(SUM($E$8:$E$8)*1.6,2),0)) -> 0 | G43: Co | H43: t≦15 | I43: =IF($E$10<>"Co",0,IF($E$11<=15,ROUND(SUM($E$8:$E$8)*1.6,2),0)) -> 0 | X43: As | Y43: t≦15 | Z43: =IF($Y$10<>"As",0,IF($Y$11<=15,ROUND(SUM($Y$8:$Y$8)*1.6,2),0)) -> 0 | AA43: Co | AB43: t≦15 | AC43: =IF($Y$10<>"Co",0,IF($Y$11<=15,ROUND(SUM($Y$8:$Y$8)*1.6,2),0)) -> 0 | AI43: 2枚目有 | AK43: =IF(SUM(Y9:AD9,Y21:AD21,Y33:AD33)=0,"×","○") -> ×
E44: 15<t≦30 | F44: =IF($E$10<>"As",0,IF(AND($E$11>15,$E$11<=30),ROUND(SUM($E$8:$E$8)*1.6,2),0)) -> 0 | H44: 15<t≦30 | I44: =IF($E$10<>"Co",0,IF(AND($E$11>15,$E$11<=30),ROUND(SUM($E$8:$E$8)*1.6,2),0)) -> 0 | Y44: 15<t≦30 | Z44: =IF($Y$10<>"As",0,IF(AND($Y$11>15,$Y$11<=30),ROUND(SUM($Y$8:$Y$8)*1.6,2),0)) -> 0 | AB44: 15<t≦30 | AC44: =IF($Y$10<>"Co",0,IF(AND($Y$11>15,$Y$11<=30),ROUND(SUM($Y$8:$Y$8)*1.6,2),0)) -> 0 | AI44: 先行路盤土量No2 | AK44: =ROUND(SUMPRODUCT(AI26:AI31,AJ26:AJ31)/100+SUMPRODUCT(AL26:AL31,AM26:AM31)/100,2) -> 0
E45: 30<t≦40 | F45: =IF($E$10<>"As",0,IF(AND($E$11>30,$E$11<=40),ROUND(SUM($E$8:$E$8)*1.6,2),0)) -> 0 | Y45: 30<t≦40 | Z45: =IF($Y$10<>"As",0,IF(AND($Y$11>30,$Y$11<=40),ROUND(SUM($Y$8:$Y$8)*1.6,2),0)) -> 0 | AI45: 仮復旧土量No2 | AK45: =ROUND(SUMPRODUCT(AI35:AI38,AJ35:AJ38)/100+SUMPRODUCT(AL35:AL38,AM35:AM38)/100,2) -> 0
D46: №2 | X46: №2
D47: As | E47: t≦15 | F47: =IF($H$10<>"As",0,IF($H$11<=15,ROUND(SUM($H$8:$H$8)*1.6,2),0)) -> 0 | G47: Co | H47: t≦15 | I47: =IF($H$10<>"Co",0,IF($H$11<=15,ROUND(SUM($H$8:$H$8)*1.6,2),0)) -> 0 | X47: As | Y47: t≦15 | Z47: =IF($AB$10<>"As",0,IF($AB$11<=15,ROUND(SUM($AB$8:$AB$8)*1.6,2),0)) -> 0 | AA47: Co | AB47: t≦15 | AC47: =IF($AB$10<>"Co",0,IF($AB$11<=15,ROUND(SUM($AB$8:$AB$8)*1.6,2),0)) -> 0
E48: 15<t≦30 | F48: =IF($H$10<>"As",0,IF(AND($H$11>15,$H$11<=30),ROUND(SUM($H$8:$H$8)*1.6,2),0)) -> 0 | H48: 15<t≦30 | I48: =IF($H$10<>"Co",0,IF(AND($H$11>15,$H$11<=30),ROUND(SUM($H$8:$H$8)*1.6,2),0)) -> 0 | Y48: 15<t≦30 | Z48: =IF($AB$10<>"As",0,IF(AND($AB$11>15,$AB$11<=30),ROUND(SUM($AB$8:$AB$8)*1.6,2),0)) -> 0 | AB48: 15<t≦30 | AC48: =IF($AB$10<>"Co",0,IF(AND($AB$11>15,$AB$11<=30),ROUND(SUM($AB$8:$AB$8)*1.6,2),0)) -> 0
E49: 30<t≦40 | F49: =IF($H$10<>"As",0,IF(AND($H$11>30,$H$11<=40),ROUND(SUM($H$8:$H$8)*1.6,2),0)) -> 0 | Y49: 30<t≦40 | Z49: =IF($AB$10<>"As",0,IF(AND($AB$11>30,$AB$11<=40),ROUND(SUM($AB$8:$AB$8)*1.6,2),0)) -> 0
D50: №3 | X50: №3
D51: As | E51: t≦15 | F51: =IF($E$22<>"As",0,IF($E$23<=15,ROUND(SUM($E$20:$E$20)*1.6,2),0)) -> 0 | G51: Co | H51: t≦15 | I51: =IF($E$22<>"Co",0,IF($E$23<=15,ROUND(SUM($E$20:$E$20)*1.6,2),0)) -> 0 | X51: As | Y51: t≦15 | Z51: =IF($Y$22<>"As",0,IF($Y$23<=15,ROUND(SUM($Y$20:$Y$20)*1.6,2),0)) -> 0 | AA51: Co | AB51: t≦15 | AC51: =IF($Y$22<>"Co",0,IF($Y$23<=15,ROUND(SUM($Y$20:$Y$20)*1.6,2),0)) -> 0
E52: 15<t≦30 | F52: =IF($E$22<>"As",0,IF(AND($E$23>15,$E$23<=30),ROUND(SUM($E$20:$E$20)*1.6,2),0)) -> 0 | H52: 15<t≦30 | I52: =IF($E$22<>"Co",0,IF(AND($E$23>15,$E$23<=30),ROUND(SUM($E$20:$E$20)*1.6,2),0)) -> 0 | Y52: 15<t≦30 | Z52: =IF($Y$22<>"As",0,IF(AND($Y$23>15,$Y$23<=30),ROUND(SUM($Y$20:$Y$20)*1.6,2),0)) -> 0 | AB52: 15<t≦30 | AC52: =IF($Y$22<>"Co",0,IF(AND($Y$23>15,$Y$23<=30),ROUND(SUM($Y$20:$Y$20)*1.6,2),0)) -> 0
E53: 30<t≦40 | F53: =IF($E$22<>"As",0,IF(AND($E$23>30,$E$23<=40),ROUND(SUM($E$20:$E$20)*1.6,2),0)) -> 0 | Y53: 30<t≦40 | Z53: =IF($Y$22<>"As",0,IF(AND($Y$23>30,$Y$23<=40),ROUND(SUM($Y$20:$Y$20)*1.6,2),0)) -> 0
D54: №4 | X54: №4
D55: As | E55: t≦15 | F55: =IF($H$22<>"As",0,IF($H$23<=15,ROUND(SUM($H$20:$H$20)*1.6,2),0)) -> 0 | G55: Co | H55: t≦15 | I55: =IF($H$22<>"Co",0,IF($H$23<=15,ROUND(SUM($H$20:$H$20)*1.6,2),0)) -> 0 | X55: As | Y55: t≦15 | Z55: =IF($AB$22<>"As",0,IF($AB$23<=15,ROUND(SUM($AB$20:$AB$20)*1.6,2),0)) -> 0 | AA55: Co | AB55: t≦15 | AC55: =IF($AB$22<>"Co",0,IF($AB$23<=15,ROUND(SUM($AB$20:$AB$20)*1.6,2),0)) -> 0
E56: 15<t≦30 | F56: =IF($H$22<>"As",0,IF(AND($H$23>15,$H$23<=30),ROUND(SUM($H$20:$H$20)*1.6,2),0)) -> 0 | H56: 15<t≦30 | I56: =IF($H$22<>"Co",0,IF(AND($H$23>15,$H$23<=30),ROUND(SUM($H$20:$H$20)*1.6,2),0)) -> 0 | Y56: 15<t≦30 | Z56: =IF($AB$22<>"As",0,IF(AND($AB$23>15,$AB$23<=30),ROUND(SUM($AB$20:$AB$20)*1.6,2),0)) -> 0 | AB56: 15<t≦30 | AC56: =IF($AB$22<>"Co",0,IF(AND($AB$23>15,$AB$23<=30),ROUND(SUM($AB$20:$AB$20)*1.6,2),0)) -> 0
E57: 30<t≦40 | F57: =IF($H$22<>"As",0,IF(AND($H$23>30,$H$23<=40),ROUND(SUM($H$20:$H$20)*1.6,2),0)) -> 0 | Y57: 30<t≦40 | Z57: =IF($AB$22<>"As",0,IF(AND($AB$23>30,$AB$23<=40),ROUND(SUM($AB$20:$AB$20)*1.6,2),0)) -> 0
D58: №5 | X58: №5
D59: As | E59: t≦15 | F59: =IF($E$34<>"As",0,IF($E$35<=15,ROUND(SUM($E$32:$E$32)*1.6,2),0)) -> 0 | G59: Co | H59: t≦15 | I59: =IF($E$34<>"Co",0,IF($E$35<=15,ROUND(SUM($E$32:$E$32)*1.6,2),0)) -> 0 | X59: As | Y59: t≦15 | Z59: =IF($Y$34<>"As",0,IF($Y$35<=15,ROUND(SUM($Y$32:$Y$32)*1.6,2),0)) -> 0 | AA59: Co | AB59: t≦15 | AC59: =IF($Y$34<>"Co",0,IF($Y$35<=15,ROUND(SUM($Y$32:$Y$32)*1.6,2),0)) -> 0
E60: 15<t≦30 | F60: =IF($E$34<>"As",0,IF(AND($E$35>15,$E$35<=30),ROUND(SUM($E$32:$E$32)*1.6,2),0)) -> 0 | H60: 15<t≦30 | I60: =IF($E$34<>"Co",0,IF(AND($E$35>15,$E$35<=30),ROUND(SUM($E$32:$E$32)*1.6,2),0)) -> 0 | Y60: 15<t≦30 | Z60: =IF($Y$34<>"As",0,IF(AND($Y$35>15,$Y$35<=30),ROUND(SUM($Y$32:$Y$32)*1.6,2),0)) -> 0 | AB60: 15<t≦30 | AC60: =IF($Y$34<>"Co",0,IF(AND($Y$35>15,$Y$35<=30),ROUND(SUM($Y$32:$Y$32)*1.6,2),0)) -> 0
E61: 30<t≦40 | F61: =IF($E$34<>"As",0,IF(AND($E$35>30,$E$35<=40),ROUND(SUM($E$32:$E$32)*1.6,2),0)) -> 0 | Y61: 30<t≦40 | Z61: =IF($Y$34<>"As",0,IF(AND($Y$35>30,$Y$35<=40),ROUND(SUM($Y$32:$Y$32)*1.6,2),0)) -> 0
D62: №6 | X62: №6
D63: As | E63: t≦15 | F63: =IF($H$34<>"As",0,IF($H$35<=15,ROUND(SUM($H$32:$H$32)*1.6,2),0)) -> 0 | G63: Co | H63: t≦15 | I63: =IF($H$34<>"Co",0,IF($H$35<=15,ROUND(SUM($H$32:$H$32)*1.6,2),0)) -> 0 | X63: As | Y63: t≦15 | Z63: =IF($AB$34<>"As",0,IF($AB$35<=15,ROUND(SUM($AB$32:$AB$32)*1.6,2),0)) -> 0 | AA63: Co | AB63: t≦15 | AC63: =IF($AB$34<>"Co",0,IF($AB$35<=15,ROUND(SUM($AB$32:$AB$32)*1.6,2),0)) -> 0
E64: 15<t≦30 | F64: =IF($H$34<>"As",0,IF(AND($H$35>15,$H$35<=30),ROUND(SUM($H$32:$H$32)*1.6,2),0)) -> 0 | H64: 15<t≦30 | I64: =IF($H$34<>"Co",0,IF(AND($H$35>15,$H$35<=30),ROUND(SUM($H$32:$H$32)*1.6,2),0)) -> 0 | Y64: 15<t≦30 | Z64: =IF($AB$34<>"As",0,IF(AND($AB$35>15,$AB$35<=30),ROUND(SUM($AB$32:$AB$32)*1.6,2),0)) -> 0 | AB64: 15<t≦30 | AC64: =IF($AB$34<>"Co",0,IF(AND($AB$35>15,$AB$35<=30),ROUND(SUM($AB$32:$AB$32)*1.6,2),0)) -> 0
E65: 30<t≦40 | F65: =IF($H$34<>"As",0,IF(AND($H$35>30,$H$35<=40),ROUND(SUM($H$32:$H$32)*1.6,2),0)) -> 0 | Y65: 30<t≦40 | Z65: =IF($AB$34<>"As",0,IF(AND($AB$35>30,$AB$35<=40),ROUND(SUM($AB$32:$AB$32)*1.6,2),0)) -> 0
B68: □だみー | V68: □だみー
D69: №1 | X69: №1
E70: As | G70: Co | I70: 仮復旧 | Y70: As | AA70: Co | AC70: 仮復旧
E71: 歩道 | F71: 車道 | G71: 歩道 | H71: 車道 | I71: 歩道 | J71: 車道 | Y71: 歩道 | Z71: 車道 | AA71: 歩道 | AB71: 車道 | AC71: 歩道 | AD71: 車道
D72: 1 | E72: =IF($E$10<>"As",0,IF($E$5<>"歩 道",0,SUMIF($E$11,D72,$E$9))) -> 0 | F72: =IF($E$10<>"As",0,IF($E$5<>"車 道",0,SUMIF($E$11,D72,$E$9))) -> 0 | G72: =IF($E$10<>"Co",0,IF($E$5<>"歩 道",0,SUMIF($E$11,D72,$E$9))) -> 0 | H72: =IF($E$10<>"Co",0,IF($E$5<>"車 道",0,SUMIF($E$11,D72,$E$9))) -> 0 | I72: =IF($E$5<>"歩 道",0,SUMIF($E$14,D72,$E$9)) -> 0 | J72: =IF($E$5<>"車 道",0,SUMIF($E$14,D72,$E$9)) -> 0 | X72: 1 | Y72: =IF($Y$10<>"As",0,IF($Y$5<>"歩 道",0,SUMIF($Y$11,X72,$Y$9))) -> 0 | Z72: =IF($Y$10<>"As",0,IF($Y$5<>"車 道",0,SUMIF($Y$11,X72,$Y$9))) -> 0 | AA72: =IF($Y$10<>"Co",0,IF($Y$5<>"歩 道",0,SUMIF($Y$11,X72,$Y$9))) -> 0 | AB72: =IF($Y$10<>"Co",0,IF($Y$5<>"車 道",0,SUMIF($Y$11,X72,$Y$9))) -> 0 | AC72: =IF($Y$5<>"歩 道",0,SUMIF($Y$14,X72,$Y$9)) -> 0 | AD72: =IF($Y$5<>"車 道",0,SUMIF($Y$14,X72,$Y$9)) -> 0
D73: 2 | E73: =IF($E$10<>"As",0,IF($E$5<>"歩 道",0,SUMIF($E$11,D73,$E$9))) -> 0 | F73: =IF($E$10<>"As",0,IF($E$5<>"車 道",0,SUMIF($E$11,D73,$E$9))) -> 0 | G73: =IF($E$10<>"Co",0,IF($E$5<>"歩 道",0,SUMIF($E$11,D73,$E$9))) -> 0 | H73: =IF($E$10<>"Co",0,IF($E$5<>"車 道",0,SUMIF($E$11,D73,$E$9))) -> 0 | I73: =IF($E$5<>"歩 道",0,SUMIF($E$14,D73,$E$9)) -> 0 | J73: =IF($E$5<>"車 道",0,SUMIF($E$14,D73,$E$9)) -> 0 | X73: 2 | Y73: =IF($Y$10<>"As",0,IF($Y$5<>"歩 道",0,SUMIF($Y$11,X73,$Y$9))) -> 0 | Z73: =IF($Y$10<>"As",0,IF($Y$5<>"車 道",0,SUMIF($Y$11,X73,$Y$9))) -> 0 | AA73: =IF($Y$10<>"Co",0,IF($Y$5<>"歩 道",0,SUMIF($Y$11,X73,$Y$9))) -> 0 | AB73: =IF($Y$10<>"Co",0,IF($Y$5<>"車 道",0,SUMIF($Y$11,X73,$Y$9))) -> 0 | AC73: =IF($Y$5<>"歩 道",0,SUMIF($Y$14,X73,$Y$9)) -> 0 | AD73: =IF($Y$5<>"車 道",0,SUMIF($Y$14,X73,$Y$9)) -> 0
D74: 3 | E74: =IF($E$10<>"As",0,IF($E$5<>"歩 道",0,SUMIF($E$11,D74,$E$9))) -> 0 | F74: =IF($E$10<>"As",0,IF($E$5<>"車 道",0,SUMIF($E$11,D74,$E$9))) -> 0 | G74: =IF($E$10<>"Co",0,IF($E$5<>"歩 道",0,SUMIF($E$11,D74,$E$9))) -> 0 | H74: =IF($E$10<>"Co",0,IF($E$5<>"車 道",0,SUMIF($E$11,D74,$E$9))) -> 0 | I74: =IF($E$5<>"歩 道",0,SUMIF($E$14,D74,$E$9)) -> 0 | J74: =IF($E$5<>"車 道",0,SUMIF($E$14,D74,$E$9)) -> 0 | X74: 3 | Y74: =IF($Y$10<>"As",0,IF($Y$5<>"歩 道",0,SUMIF($Y$11,X74,$Y$9))) -> 0 | Z74: =IF($Y$10<>"As",0,IF($Y$5<>"車 道",0,SUMIF($Y$11,X74,$Y$9))) -> 0 | AA74: =IF($Y$10<>"Co",0,IF($Y$5<>"歩 道",0,SUMIF($Y$11,X74,$Y$9))) -> 0 | AB74: =IF($Y$10<>"Co",0,IF($Y$5<>"車 道",0,SUMIF($Y$11,X74,$Y$9))) -> 0 | AC74: =IF($Y$5<>"歩 道",0,SUMIF($Y$14,X74,$Y$9)) -> 0 | AD74: =IF($Y$5<>"車 道",0,SUMIF($Y$14,X74,$Y$9)) -> 0
D75: 4 | E75: =IF($E$10<>"As",0,IF($E$5<>"歩 道",0,SUMIF($E$11,D75,$E$9))) -> 0 | F75: =IF($E$10<>"As",0,IF($E$5<>"車 道",0,SUMIF($E$11,D75,$E$9))) -> 0 | G75: =IF($E$10<>"Co",0,IF($E$5<>"歩 道",0,SUMIF($E$11,D75,$E$9))) -> 0 | H75: =IF($E$10<>"Co",0,IF($E$5<>"車 道",0,SUMIF($E$11,D75,$E$9))) -> 0 | I75: =IF($E$5<>"歩 道",0,SUMIF($E$14,D75,$E$9)) -> 0 | J75: =IF($E$5<>"車 道",0,SUMIF($E$14,D75,$E$9)) -> 0 | X75: 4 | Y75: =IF($Y$10<>"As",0,IF($Y$5<>"歩 道",0,SUMIF($Y$11,X75,$Y$9))) -> 0 | Z75: =IF($Y$10<>"As",0,IF($Y$5<>"車 道",0,SUMIF($Y$11,X75,$Y$9))) -> 0 | AA75: =IF($Y$10<>"Co",0,IF($Y$5<>"歩 道",0,SUMIF($Y$11,X75,$Y$9))) -> 0 | AB75: =IF($Y$10<>"Co",0,IF($Y$5<>"車 道",0,SUMIF($Y$11,X75,$Y$9))) -> 0 | AC75: =IF($Y$5<>"歩 道",0,SUMIF($Y$14,X75,$Y$9)) -> 0 | AD75: =IF($Y$5<>"車 道",0,SUMIF($Y$14,X75,$Y$9)) -> 0
D76: 5 | E76: =IF($E$10<>"As",0,IF($E$5<>"歩 道",0,SUMIF($E$11,D76,$E$9))) -> 0 | F76: =IF($E$10<>"As",0,IF($E$5<>"車 道",0,SUMIF($E$11,D76,$E$9))) -> 0 | G76: =IF($E$10<>"Co",0,IF($E$5<>"歩 道",0,SUMIF($E$11,D76,$E$9))) -> 0 | H76: =IF($E$10<>"Co",0,IF($E$5<>"車 道",0,SUMIF($E$11,D76,$E$9))) -> 0 | I76: =IF($E$5<>"歩 道",0,SUMIF($E$14,D76,$E$9)) -> 0 | J76: =IF($E$5<>"車 道",0,SUMIF($E$14,D76,$E$9)) -> 0 | X76: 5 | Y76: =IF($Y$10<>"As",0,IF($Y$5<>"歩 道",0,SUMIF($Y$11,X76,$Y$9))) -> 0 | Z76: =IF($Y$10<>"As",0,IF($Y$5<>"車 道",0,SUMIF($Y$11,X76,$Y$9))) -> 0 | AA76: =IF($Y$10<>"Co",0,IF($Y$5<>"歩 道",0,SUMIF($Y$11,X76,$Y$9))) -> 0 | AB76: =IF($Y$10<>"Co",0,IF($Y$5<>"車 道",0,SUMIF($Y$11,X76,$Y$9))) -> 0 | AC76: =IF($Y$5<>"歩 道",0,SUMIF($Y$14,X76,$Y$9)) -> 0 | AD76: =IF($Y$5<>"車 道",0,SUMIF($Y$14,X76,$Y$9)) -> 0
D77: 6 | E77: =IF($E$10<>"As",0,IF($E$5<>"歩 道",0,SUMIF($E$11,D77,$E$9))) -> 0 | F77: =IF($E$10<>"As",0,IF($E$5<>"車 道",0,SUMIF($E$11,D77,$E$9))) -> 0 | G77: =IF($E$10<>"Co",0,IF($E$5<>"歩 道",0,SUMIF($E$11,D77,$E$9))) -> 0 | H77: =IF($E$10<>"Co",0,IF($E$5<>"車 道",0,SUMIF($E$11,D77,$E$9))) -> 0 | I77: =IF($E$5<>"歩 道",0,SUMIF($E$14,D77,$E$9)) -> 0 | J77: =IF($E$5<>"車 道",0,SUMIF($E$14,D77,$E$9)) -> 0 | X77: 6 | Y77: =IF($Y$10<>"As",0,IF($Y$5<>"歩 道",0,SUMIF($Y$11,X77,$Y$9))) -> 0 | Z77: =IF($Y$10<>"As",0,IF($Y$5<>"車 道",0,SUMIF($Y$11,X77,$Y$9))) -> 0 | AA77: =IF($Y$10<>"Co",0,IF($Y$5<>"歩 道",0,SUMIF($Y$11,X77,$Y$9))) -> 0 | AB77: =IF($Y$10<>"Co",0,IF($Y$5<>"車 道",0,SUMIF($Y$11,X77,$Y$9))) -> 0 | AC77: =IF($Y$5<>"歩 道",0,SUMIF($Y$14,X77,$Y$9)) -> 0 | AD77: =IF($Y$5<>"車 道",0,SUMIF($Y$14,X77,$Y$9)) -> 0
D78: 7 | E78: =IF($E$10<>"As",0,IF($E$5<>"歩 道",0,SUMIF($E$11,D78,$E$9))) -> 0 | F78: =IF($E$10<>"As",0,IF($E$5<>"車 道",0,SUMIF($E$11,D78,$E$9))) -> 0 | G78: =IF($E$10<>"Co",0,IF($E$5<>"歩 道",0,SUMIF($E$11,D78,$E$9))) -> 0 | H78: =IF($E$10<>"Co",0,IF($E$5<>"車 道",0,SUMIF($E$11,D78,$E$9))) -> 0 | I78: =IF($E$5<>"歩 道",0,SUMIF($E$14,D78,$E$9)) -> 0 | J78: =IF($E$5<>"車 道",0,SUMIF($E$14,D78,$E$9)) -> 0 | X78: 7 | Y78: =IF($Y$10<>"As",0,IF($Y$5<>"歩 道",0,SUMIF($Y$11,X78,$Y$9))) -> 0 | Z78: =IF($Y$10<>"As",0,IF($Y$5<>"車 道",0,SUMIF($Y$11,X78,$Y$9))) -> 0 | AA78: =IF($Y$10<>"Co",0,IF($Y$5<>"歩 道",0,SUMIF($Y$11,X78,$Y$9))) -> 0 | AB78: =IF($Y$10<>"Co",0,IF($Y$5<>"車 道",0,SUMIF($Y$11,X78,$Y$9))) -> 0 | AC78: =IF($Y$5<>"歩 道",0,SUMIF($Y$14,X78,$Y$9)) -> 0 | AD78: =IF($Y$5<>"車 道",0,SUMIF($Y$14,X78,$Y$9)) -> 0
D79: 8 | E79: =IF($E$10<>"As",0,IF($E$5<>"歩 道",0,SUMIF($E$11,D79,$E$9))) -> 0 | F79: =IF($E$10<>"As",0,IF($E$5<>"車 道",0,SUMIF($E$11,D79,$E$9))) -> 0 | G79: =IF($E$10<>"Co",0,IF($E$5<>"歩 道",0,SUMIF($E$11,D79,$E$9))) -> 0 | H79: =IF($E$10<>"Co",0,IF($E$5<>"車 道",0,SUMIF($E$11,D79,$E$9))) -> 0 | I79: =IF($E$5<>"歩 道",0,SUMIF($E$14,D79,$E$9)) -> 0 | J79: =IF($E$5<>"車 道",0,SUMIF($E$14,D79,$E$9)) -> 0 | X79: 8 | Y79: =IF($Y$10<>"As",0,IF($Y$5<>"歩 道",0,SUMIF($Y$11,X79,$Y$9))) -> 0 | Z79: =IF($Y$10<>"As",0,IF($Y$5<>"車 道",0,SUMIF($Y$11,X79,$Y$9))) -> 0 | AA79: =IF($Y$10<>"Co",0,IF($Y$5<>"歩 道",0,SUMIF($Y$11,X79,$Y$9))) -> 0 | AB79: =IF($Y$10<>"Co",0,IF($Y$5<>"車 道",0,SUMIF($Y$11,X79,$Y$9))) -> 0 | AC79: =IF($Y$5<>"歩 道",0,SUMIF($Y$14,X79,$Y$9)) -> 0 | AD79: =IF($Y$5<>"車 道",0,SUMIF($Y$14,X79,$Y$9)) -> 0
D80: 9 | E80: =IF($E$10<>"As",0,IF($E$5<>"歩 道",0,SUMIF($E$11,D80,$E$9))) -> 0 | F80: =IF($E$10<>"As",0,IF($E$5<>"車 道",0,SUMIF($E$11,D80,$E$9))) -> 0 | G80: =IF($E$10<>"Co",0,IF($E$5<>"歩 道",0,SUMIF($E$11,D80,$E$9))) -> 0 | H80: =IF($E$10<>"Co",0,IF($E$5<>"車 道",0,SUMIF($E$11,D80,$E$9))) -> 0 | I80: =IF($E$5<>"歩 道",0,SUMIF($E$14,D80,$E$9)) -> 0 | J80: =IF($E$5<>"車 道",0,SUMIF($E$14,D80,$E$9)) -> 0 | X80: 9 | Y80: =IF($Y$10<>"As",0,IF($Y$5<>"歩 道",0,SUMIF($Y$11,X80,$Y$9))) -> 0 | Z80: =IF($Y$10<>"As",0,IF($Y$5<>"車 道",0,SUMIF($Y$11,X80,$Y$9))) -> 0 | AA80: =IF($Y$10<>"Co",0,IF($Y$5<>"歩 道",0,SUMIF($Y$11,X80,$Y$9))) -> 0 | AB80: =IF($Y$10<>"Co",0,IF($Y$5<>"車 道",0,SUMIF($Y$11,X80,$Y$9))) -> 0 | AC80: =IF($Y$5<>"歩 道",0,SUMIF($Y$14,X80,$Y$9)) -> 0 | AD80: =IF($Y$5<>"車 道",0,SUMIF($Y$14,X80,$Y$9)) -> 0
D81: 10 | E81: =IF($E$10<>"As",0,IF($E$5<>"歩 道",0,SUMIF($E$11,D81,$E$9))) -> 0 | F81: =IF($E$10<>"As",0,IF($E$5<>"車 道",0,SUMIF($E$11,D81,$E$9))) -> 0 | G81: =IF($E$10<>"Co",0,IF($E$5<>"歩 道",0,SUMIF($E$11,D81,$E$9))) -> 0 | H81: =IF($E$10<>"Co",0,IF($E$5<>"車 道",0,SUMIF($E$11,D81,$E$9))) -> 0 | I81: =IF($E$5<>"歩 道",0,SUMIF($E$14,D81,$E$9)) -> 0 | J81: =IF($E$5<>"車 道",0,SUMIF($E$14,D81,$E$9)) -> 0 | X81: 10 | Y81: =IF($Y$10<>"As",0,IF($Y$5<>"歩 道",0,SUMIF($Y$11,X81,$Y$9))) -> 0 | Z81: =IF($Y$10<>"As",0,IF($Y$5<>"車 道",0,SUMIF($Y$11,X81,$Y$9))) -> 0 | AA81: =IF($Y$10<>"Co",0,IF($Y$5<>"歩 道",0,SUMIF($Y$11,X81,$Y$9))) -> 0 | AB81: =IF($Y$10<>"Co",0,IF($Y$5<>"車 道",0,SUMIF($Y$11,X81,$Y$9))) -> 0 | AC81: =IF($Y$5<>"歩 道",0,SUMIF($Y$14,X81,$Y$9)) -> 0 | AD81: =IF($Y$5<>"車 道",0,SUMIF($Y$14,X81,$Y$9)) -> 0
D82: 11 | E82: =IF($E$10<>"As",0,IF($E$5<>"歩 道",0,SUMIF($E$11,D82,$E$9))) -> 0 | F82: =IF($E$10<>"As",0,IF($E$5<>"車 道",0,SUMIF($E$11,D82,$E$9))) -> 0 | G82: =IF($E$10<>"Co",0,IF($E$5<>"歩 道",0,SUMIF($E$11,D82,$E$9))) -> 0 | H82: =IF($E$10<>"Co",0,IF($E$5<>"車 道",0,SUMIF($E$11,D82,$E$9))) -> 0 | I82: =IF($E$5<>"歩 道",0,SUMIF($E$14,D82,$E$9)) -> 0 | J82: =IF($E$5<>"車 道",0,SUMIF($E$14,D82,$E$9)) -> 0 | X82: 11 | Y82: =IF($Y$10<>"As",0,IF($Y$5<>"歩 道",0,SUMIF($Y$11,X82,$Y$9))) -> 0 | Z82: =IF($Y$10<>"As",0,IF($Y$5<>"車 道",0,SUMIF($Y$11,X82,$Y$9))) -> 0 | AA82: =IF($Y$10<>"Co",0,IF($Y$5<>"歩 道",0,SUMIF($Y$11,X82,$Y$9))) -> 0 | AB82: =IF($Y$10<>"Co",0,IF($Y$5<>"車 道",0,SUMIF($Y$11,X82,$Y$9))) -> 0 | AC82: =IF($Y$5<>"歩 道",0,SUMIF($Y$14,X82,$Y$9)) -> 0 | AD82: =IF($Y$5<>"車 道",0,SUMIF($Y$14,X82,$Y$9)) -> 0
D83: 12 | E83: =IF($E$10<>"As",0,IF($E$5<>"歩 道",0,SUMIF($E$11,D83,$E$9))) -> 0 | F83: =IF($E$10<>"As",0,IF($E$5<>"車 道",0,SUMIF($E$11,D83,$E$9))) -> 0 | G83: =IF($E$10<>"Co",0,IF($E$5<>"歩 道",0,SUMIF($E$11,D83,$E$9))) -> 0 | H83: =IF($E$10<>"Co",0,IF($E$5<>"車 道",0,SUMIF($E$11,D83,$E$9))) -> 0 | I83: =IF($E$5<>"歩 道",0,SUMIF($E$14,D83,$E$9)) -> 0 | J83: =IF($E$5<>"車 道",0,SUMIF($E$14,D83,$E$9)) -> 0 | X83: 12 | Y83: =IF($Y$10<>"As",0,IF($Y$5<>"歩 道",0,SUMIF($Y$11,X83,$Y$9))) -> 0 | Z83: =IF($Y$10<>"As",0,IF($Y$5<>"車 道",0,SUMIF($Y$11,X83,$Y$9))) -> 0 | AA83: =IF($Y$10<>"Co",0,IF($Y$5<>"歩 道",0,SUMIF($Y$11,X83,$Y$9))) -> 0 | AB83: =IF($Y$10<>"Co",0,IF($Y$5<>"車 道",0,SUMIF($Y$11,X83,$Y$9))) -> 0 | AC83: =IF($Y$5<>"歩 道",0,SUMIF($Y$14,X83,$Y$9)) -> 0 | AD83: =IF($Y$5<>"車 道",0,SUMIF($Y$14,X83,$Y$9)) -> 0
... D111: 40 | E111: =IF($E$10<>"As",0,IF($E$5<>"歩 道",0,SUMIF($E$11,D111,$E$9))) -> 0 | F111: =IF($E$10<>"As",0,IF($E$5<>"車 道",0,SUMIF($E$11,D111,$E$9))) -> 0 | G111: =IF($E$10<>"Co",0,IF($E$5<>"歩 道",0,SUMIF($E$11,D111,$E$9))) -> 0 | H111: =IF($E$10<>"Co",0,IF($E$5<>"車 道",0,SUMIF($E$11,D111,$E$9))) -> 0 | I111: =IF($E$5<>"歩 道",0,SUMIF($E$14,D111,$E$9)) -> 0 | J111: =IF($E$5<>"車 道",0,SUMIF($E$14,D111,$E$9)) -> 0 | X111: 40 | Y111: =IF($Y$10<>"As",0,IF($Y$5<>"歩 道",0,SUMIF($Y$11,X111,$Y$9))) -> 0 | Z111: =IF($Y$10<>"As",0,IF($Y$5<>"車 道",0,SUMIF($Y$11,X111,$Y$9))) -> 0 | AA111: =IF($Y$10<>"Co",0,IF($Y$5<>"歩 道",0,SUMIF($Y$11,X111,$Y$9))) -> 0 | AB111: =IF($Y$10<>"Co",0,IF($Y$5<>"車 道",0,SUMIF($Y$11,X111,$Y$9))) -> 0 | AC111: =IF($Y$5<>"歩 道",0,SUMIF($Y$14,X111,$Y$9)) -> 0 | AD111: =IF($Y$5<>"車 道",0,SUMIF($Y$14,X111,$Y$9)) -> 0
D113: №2 | X113: №2
E114: As | G114: Co | I114: 仮復旧 | Y114: As | AA114: Co | AC114: 仮復旧
E115: 歩道 | F115: 車道 | G115: 歩道 | H115: 車道 | I115: 歩道 | J115: 車道 | Y115: 歩道 | Z115: 車道 | AA115: 歩道 | AB115: 車道 | AC115: 歩道 | AD115: 車道
D116: 1 | E116: =IF($H$10<>"As",0,IF($H$5<>"歩 道",0,SUMIF($H$11,D116,$H$9))) -> 0 | F116: =IF($H$10<>"As",0,IF($H$5<>"車 道",0,SUMIF($H$11,D116,$H$9))) -> 0 | G116: =IF($H$10<>"Co",0,IF($H$5<>"歩 道",0,SUMIF($H$11,D116,$H$9))) -> 0 | H116: =IF($H$10<>"Co",0,IF($H$5<>"車 道",0,SUMIF($H$11,D116,$H$9))) -> 0 | I116: =IF($H$5<>"歩 道",0,SUMIF($H$14,D116,$H$9)) -> 0 | J116: =IF($H$5<>"車 道",0,SUMIF($H$14,D116,$H$9)) -> 0 | X116: 1 | Y116: =IF($AB$10<>"As",0,IF($AB$5<>"歩 道",0,SUMIF($AB$11,X116,$AB$9))) -> 0 | Z116: =IF($AB$10<>"As",0,IF($AB$5<>"車 道",0,SUMIF($AB$11,X116,$AB$9))) -> 0 | AA116: =IF($AB$10<>"Co",0,IF($AB$5<>"歩 道",0,SUMIF($AB$11,X116,$AB$9))) -> 0 | AB116: =IF($AB$10<>"Co",0,IF($AB$5<>"車 道",0,SUMIF($AB$11,X116,$AB$9))) -> 0 | AC116: =IF($AB$5<>"歩 道",0,SUMIF($AB$14,X116,$AB$9)) -> 0 | AD116: =IF($AB$5<>"車 道",0,SUMIF($AB$14,X116,$AB$9)) -> 0
D117: 2 | E117: =IF($H$10<>"As",0,IF($H$5<>"歩 道",0,SUMIF($H$11,D117,$H$9))) -> 0 | F117: =IF($H$10<>"As",0,IF($H$5<>"車 道",0,SUMIF($H$11,D117,$H$9))) -> 0 | G117: =IF($H$10<>"Co",0,IF($H$5<>"歩 道",0,SUMIF($H$11,D117,$H$9))) -> 0 | H117: =IF($H$10<>"Co",0,IF($H$5<>"車 道",0,SUMIF($H$11,D117,$H$9))) -> 0 | I117: =IF($H$5<>"歩 道",0,SUMIF($H$14,D117,$H$9)) -> 0 | J117: =IF($H$5<>"車 道",0,SUMIF($H$14,D117,$H$9)) -> 0 | X117: 2 | Y117: =IF($AB$10<>"As",0,IF($AB$5<>"歩 道",0,SUMIF($AB$11,X117,$AB$9))) -> 0 | Z117: =IF($AB$10<>"As",0,IF($AB$5<>"車 道",0,SUMIF($AB$11,X117,$AB$9))) -> 0 | AA117: =IF($AB$10<>"Co",0,IF($AB$5<>"歩 道",0,SUMIF($AB$11,X117,$AB$9))) -> 0 | AB117: =IF($AB$10<>"Co",0,IF($AB$5<>"車 道",0,SUMIF($AB$11,X117,$AB$9))) -> 0 | AC117: =IF($AB$5<>"歩 道",0,SUMIF($AB$14,X117,$AB$9)) -> 0 | AD117: =IF($AB$5<>"車 道",0,SUMIF($AB$14,X117,$AB$9)) -> 0
D118: 3 | E118: =IF($H$10<>"As",0,IF($H$5<>"歩 道",0,SUMIF($H$11,D118,$H$9))) -> 0 | F118: =IF($H$10<>"As",0,IF($H$5<>"車 道",0,SUMIF($H$11,D118,$H$9))) -> 0 | G118: =IF($H$10<>"Co",0,IF($H$5<>"歩 道",0,SUMIF($H$11,D118,$H$9))) -> 0 | H118: =IF($H$10<>"Co",0,IF($H$5<>"車 道",0,SUMIF($H$11,D118,$H$9))) -> 0 | I118: =IF($H$5<>"歩 道",0,SUMIF($H$14,D118,$H$9)) -> 0 | J118: =IF($H$5<>"車 道",0,SUMIF($H$14,D118,$H$9)) -> 0 | X118: 3 | Y118: =IF($AB$10<>"As",0,IF($AB$5<>"歩 道",0,SUMIF($AB$11,X118,$AB$9))) -> 0 | Z118: =IF($AB$10<>"As",0,IF($AB$5<>"車 道",0,SUMIF($AB$11,X118,$AB$9))) -> 0 | AA118: =IF($AB$10<>"Co",0,IF($AB$5<>"歩 道",0,SUMIF($AB$11,X118,$AB$9))) -> 0 | AB118: =IF($AB$10<>"Co",0,IF($AB$5<>"車 道",0,SUMIF($AB$11,X118,$AB$9))) -> 0 | AC118: =IF($AB$5<>"歩 道",0,SUMIF($AB$14,X118,$AB$9)) -> 0 | AD118: =IF($AB$5<>"車 道",0,SUMIF($AB$14,X118,$AB$9)) -> 0
D119: 4 | E119: =IF($H$10<>"As",0,IF($H$5<>"歩 道",0,SUMIF($H$11,D119,$H$9))) -> 0 | F119: =IF($H$10<>"As",0,IF($H$5<>"車 道",0,SUMIF($H$11,D119,$H$9))) -> 0 | G119: =IF($H$10<>"Co",0,IF($H$5<>"歩 道",0,SUMIF($H$11,D119,$H$9))) -> 0 | H119: =IF($H$10<>"Co",0,IF($H$5<>"車 道",0,SUMIF($H$11,D119,$H$9))) -> 0 | I119: =IF($H$5<>"歩 道",0,SUMIF($H$14,D119,$H$9)) -> 0 | J119: =IF($H$5<>"車 道",0,SUMIF($H$14,D119,$H$9)) -> 0 | X119: 4 | Y119: =IF($AB$10<>"As",0,IF($AB$5<>"歩 道",0,SUMIF($AB$11,X119,$AB$9))) -> 0 | Z119: =IF($AB$10<>"As",0,IF($AB$5<>"車 道",0,SUMIF($AB$11,X119,$AB$9))) -> 0 | AA119: =IF($AB$10<>"Co",0,IF($AB$5<>"歩 道",0,SUMIF($AB$11,X119,$AB$9))) -> 0 | AB119: =IF($AB$10<>"Co",0,IF($AB$5<>"車 道",0,SUMIF($AB$11,X119,$AB$9))) -> 0 | AC119: =IF($AB$5<>"歩 道",0,SUMIF($AB$14,X119,$AB$9)) -> 0 | AD119: =IF($AB$5<>"車 道",0,SUMIF($AB$14,X119,$AB$9)) -> 0
D120: 5 | E120: =IF($H$10<>"As",0,IF($H$5<>"歩 道",0,SUMIF($H$11,D120,$H$9))) -> 0 | F120: =IF($H$10<>"As",0,IF($H$5<>"車 道",0,SUMIF($H$11,D120,$H$9))) -> 0 | G120: =IF($H$10<>"Co",0,IF($H$5<>"歩 道",0,SUMIF($H$11,D120,$H$9))) -> 0 | H120: =IF($H$10<>"Co",0,IF($H$5<>"車 道",0,SUMIF($H$11,D120,$H$9))) -> 0 | I120: =IF($H$5<>"歩 道",0,SUMIF($H$14,D120,$H$9)) -> 0 | J120: =IF($H$5<>"車 道",0,SUMIF($H$14,D120,$H$9)) -> 0 | X120: 5 | Y120: =IF($AB$10<>"As",0,IF($AB$5<>"歩 道",0,SUMIF($AB$11,X120,$AB$9))) -> 0 | Z120: =IF($AB$10<>"As",0,IF($AB$5<>"車 道",0,SUMIF($AB$11,X120,$AB$9))) -> 0 | AA120: =IF($AB$10<>"Co",0,IF($AB$5<>"歩 道",0,SUMIF($AB$11,X120,$AB$9))) -> 0 | AB120: =IF($AB$10<>"Co",0,IF($AB$5<>"車 道",0,SUMIF($AB$11,X120,$AB$9))) -> 0 | AC120: =IF($AB$5<>"歩 道",0,SUMIF($AB$14,X120,$AB$9)) -> 0 | AD120: =IF($AB$5<>"車 道",0,SUMIF($AB$14,X120,$AB$9)) -> 0
D121: 6 | E121: =IF($H$10<>"As",0,IF($H$5<>"歩 道",0,SUMIF($H$11,D121,$H$9))) -> 0 | F121: =IF($H$10<>"As",0,IF($H$5<>"車 道",0,SUMIF($H$11,D121,$H$9))) -> 0 | G121: =IF($H$10<>"Co",0,IF($H$5<>"歩 道",0,SUMIF($H$11,D121,$H$9))) -> 0 | H121: =IF($H$10<>"Co",0,IF($H$5<>"車 道",0,SUMIF($H$11,D121,$H$9))) -> 0 | I121: =IF($H$5<>"歩 道",0,SUMIF($H$14,D121,$H$9)) -> 0 | J121: =IF($H$5<>"車 道",0,SUMIF($H$14,D121,$H$9)) -> 0 | X121: 6 | Y121: =IF($AB$10<>"As",0,IF($AB$5<>"歩 道",0,SUMIF($AB$11,X121,$AB$9))) -> 0 | Z121: =IF($AB$10<>"As",0,IF($AB$5<>"車 道",0,SUMIF($AB$11,X121,$AB$9))) -> 0 | AA121: =IF($AB$10<>"Co",0,IF($AB$5<>"歩 道",0,SUMIF($AB$11,X121,$AB$9))) -> 0 | AB121: =IF($AB$10<>"Co",0,IF($AB$5<>"車 道",0,SUMIF($AB$11,X121,$AB$9))) -> 0 | AC121: =IF($AB$5<>"歩 道",0,SUMIF($AB$14,X121,$AB$9)) -> 0 | AD121: =IF($AB$5<>"車 道",0,SUMIF($AB$14,X121,$AB$9)) -> 0
D122: 7 | E122: =IF($H$10<>"As",0,IF($H$5<>"歩 道",0,SUMIF($H$11,D122,$H$9))) -> 0 | F122: =IF($H$10<>"As",0,IF($H$5<>"車 道",0,SUMIF($H$11,D122,$H$9))) -> 0 | G122: =IF($H$10<>"Co",0,IF($H$5<>"歩 道",0,SUMIF($H$11,D122,$H$9))) -> 0 | H122: =IF($H$10<>"Co",0,IF($H$5<>"車 道",0,SUMIF($H$11,D122,$H$9))) -> 0 | I122: =IF($H$5<>"歩 道",0,SUMIF($H$14,D122,$H$9)) -> 0 | J122: =IF($H$5<>"車 道",0,SUMIF($H$14,D122,$H$9)) -> 0 | X122: 7 | Y122: =IF($AB$10<>"As",0,IF($AB$5<>"歩 道",0,SUMIF($AB$11,X122,$AB$9))) -> 0 | Z122: =IF($AB$10<>"As",0,IF($AB$5<>"車 道",0,SUMIF($AB$11,X122,$AB$9))) -> 0 | AA122: =IF($AB$10<>"Co",0,IF($AB$5<>"歩 道",0,SUMIF($AB$11,X122,$AB$9))) -> 0 | AB122: =IF($AB$10<>"Co",0,IF($AB$5<>"車 道",0,SUMIF($AB$11,X122,$AB$9))) -> 0 | AC122: =IF($AB$5<>"歩 道",0,SUMIF($AB$14,X122,$AB$9)) -> 0 | AD122: =IF($AB$5<>"車 道",0,SUMIF($AB$14,X122,$AB$9)) -> 0
D123: 8 | E123: =IF($H$10<>"As",0,IF($H$5<>"歩 道",0,SUMIF($H$11,D123,$H$9))) -> 0 | F123: =IF($H$10<>"As",0,IF($H$5<>"車 道",0,SUMIF($H$11,D123,$H$9))) -> 0 | G123: =IF($H$10<>"Co",0,IF($H$5<>"歩 道",0,SUMIF($H$11,D123,$H$9))) -> 0 | H123: =IF($H$10<>"Co",0,IF($H$5<>"車 道",0,SUMIF($H$11,D123,$H$9))) -> 0 | I123: =IF($H$5<>"歩 道",0,SUMIF($H$14,D123,$H$9)) -> 0 | J123: =IF($H$5<>"車 道",0,SUMIF($H$14,D123,$H$9)) -> 0 | X123: 8 | Y123: =IF($AB$10<>"As",0,IF($AB$5<>"歩 道",0,SUMIF($AB$11,X123,$AB$9))) -> 0 | Z123: =IF($AB$10<>"As",0,IF($AB$5<>"車 道",0,SUMIF($AB$11,X123,$AB$9))) -> 0 | AA123: =IF($AB$10<>"Co",0,IF($AB$5<>"歩 道",0,SUMIF($AB$11,X123,$AB$9))) -> 0 | AB123: =IF($AB$10<>"Co",0,IF($AB$5<>"車 道",0,SUMIF($AB$11,X123,$AB$9))) -> 0 | AC123: =IF($AB$5<>"歩 道",0,SUMIF($AB$14,X123,$AB$9)) -> 0 | AD123: =IF($AB$5<>"車 道",0,SUMIF($AB$14,X123,$AB$9)) -> 0
D124: 9 | E124: =IF($H$10<>"As",0,IF($H$5<>"歩 道",0,SUMIF($H$11,D124,$H$9))) -> 0 | F124: =IF($H$10<>"As",0,IF($H$5<>"車 道",0,SUMIF($H$11,D124,$H$9))) -> 0 | G124: =IF($H$10<>"Co",0,IF($H$5<>"歩 道",0,SUMIF($H$11,D124,$H$9))) -> 0 | H124: =IF($H$10<>"Co",0,IF($H$5<>"車 道",0,SUMIF($H$11,D124,$H$9))) -> 0 | I124: =IF($H$5<>"歩 道",0,SUMIF($H$14,D124,$H$9)) -> 0 | J124: =IF($H$5<>"車 道",0,SUMIF($H$14,D124,$H$9)) -> 0 | X124: 9 | Y124: =IF($AB$10<>"As",0,IF($AB$5<>"歩 道",0,SUMIF($AB$11,X124,$AB$9))) -> 0 | Z124: =IF($AB$10<>"As",0,IF($AB$5<>"車 道",0,SUMIF($AB$11,X124,$AB$9))) -> 0 | AA124: =IF($AB$10<>"Co",0,IF($AB$5<>"歩 道",0,SUMIF($AB$11,X124,$AB$9))) -> 0 | AB124: =IF($AB$10<>"Co",0,IF($AB$5<>"車 道",0,SUMIF($AB$11,X124,$AB$9))) -> 0 | AC124: =IF($AB$5<>"歩 道",0,SUMIF($AB$14,X124,$AB$9)) -> 0 | AD124: =IF($AB$5<>"車 道",0,SUMIF($AB$14,X124,$AB$9)) -> 0
D125: 10 | E125: =IF($H$10<>"As",0,IF($H$5<>"歩 道",0,SUMIF($H$11,D125,$H$9))) -> 0 | F125: =IF($H$10<>"As",0,IF($H$5<>"車 道",0,SUMIF($H$11,D125,$H$9))) -> 0 | G125: =IF($H$10<>"Co",0,IF($H$5<>"歩 道",0,SUMIF($H$11,D125,$H$9))) -> 0 | H125: =IF($H$10<>"Co",0,IF($H$5<>"車 道",0,SUMIF($H$11,D125,$H$9))) -> 0 | I125: =IF($H$5<>"歩 道",0,SUMIF($H$14,D125,$H$9)) -> 0 | J125: =IF($H$5<>"車 道",0,SUMIF($H$14,D125,$H$9)) -> 0 | X125: 10 | Y125: =IF($AB$10<>"As",0,IF($AB$5<>"歩 道",0,SUMIF($AB$11,X125,$AB$9))) -> 0 | Z125: =IF($AB$10<>"As",0,IF($AB$5<>"車 道",0,SUMIF($AB$11,X125,$AB$9))) -> 0 | AA125: =IF($AB$10<>"Co",0,IF($AB$5<>"歩 道",0,SUMIF($AB$11,X125,$AB$9))) -> 0 | AB125: =IF($AB$10<>"Co",0,IF($AB$5<>"車 道",0,SUMIF($AB$11,X125,$AB$9))) -> 0 | AC125: =IF($AB$5<>"歩 道",0,SUMIF($AB$14,X125,$AB$9)) -> 0 | AD125: =IF($AB$5<>"車 道",0,SUMIF($AB$14,X125,$AB$9)) -> 0
D126: 11 | E126: =IF($H$10<>"As",0,IF($H$5<>"歩 道",0,SUMIF($H$11,D126,$H$9))) -> 0 | F126: =IF($H$10<>"As",0,IF($H$5<>"車 道",0,SUMIF($H$11,D126,$H$9))) -> 0 | G126: =IF($H$10<>"Co",0,IF($H$5<>"歩 道",0,SUMIF($H$11,D126,$H$9))) -> 0 | H126: =IF($H$10<>"Co",0,IF($H$5<>"車 道",0,SUMIF($H$11,D126,$H$9))) -> 0 | I126: =IF($H$5<>"歩 道",0,SUMIF($H$14,D126,$H$9)) -> 0 | J126: =IF($H$5<>"車 道",0,SUMIF($H$14,D126,$H$9)) -> 0 | X126: 11 | Y126: =IF($AB$10<>"As",0,IF($AB$5<>"歩 道",0,SUMIF($AB$11,X126,$AB$9))) -> 0 | Z126: =IF($AB$10<>"As",0,IF($AB$5<>"車 道",0,SUMIF($AB$11,X126,$AB$9))) -> 0 | AA126: =IF($AB$10<>"Co",0,IF($AB$5<>"歩 道",0,SUMIF($AB$11,X126,$AB$9))) -> 0 | AB126: =IF($AB$10<>"Co",0,IF($AB$5<>"車 道",0,SUMIF($AB$11,X126,$AB$9))) -> 0 | AC126: =IF($AB$5<>"歩 道",0,SUMIF($AB$14,X126,$AB$9)) -> 0 | AD126: =IF($AB$5<>"車 道",0,SUMIF($AB$14,X126,$AB$9)) -> 0
D127: 12 | E127: =IF($H$10<>"As",0,IF($H$5<>"歩 道",0,SUMIF($H$11,D127,$H$9))) -> 0 | F127: =IF($H$10<>"As",0,IF($H$5<>"車 道",0,SUMIF($H$11,D127,$H$9))) -> 0 | G127: =IF($H$10<>"Co",0,IF($H$5<>"歩 道",0,SUMIF($H$11,D127,$H$9))) -> 0 | H127: =IF($H$10<>"Co",0,IF($H$5<>"車 道",0,SUMIF($H$11,D127,$H$9))) -> 0 | I127: =IF($H$5<>"歩 道",0,SUMIF($H$14,D127,$H$9)) -> 0 | J127: =IF($H$5<>"車 道",0,SUMIF($H$14,D127,$H$9)) -> 0 | X127: 12 | Y127: =IF($AB$10<>"As",0,IF($AB$5<>"歩 道",0,SUMIF($AB$11,X127,$AB$9))) -> 0 | Z127: =IF($AB$10<>"As",0,IF($AB$5<>"車 道",0,SUMIF($AB$11,X127,$AB$9))) -> 0 | AA127: =IF($AB$10<>"Co",0,IF($AB$5<>"歩 道",0,SUMIF($AB$11,X127,$AB$9))) -> 0 | AB127: =IF($AB$10<>"Co",0,IF($AB$5<>"車 道",0,SUMIF($AB$11,X127,$AB$9))) -> 0 | AC127: =IF($AB$5<>"歩 道",0,SUMIF($AB$14,X127,$AB$9)) -> 0 | AD127: =IF($AB$5<>"車 道",0,SUMIF($AB$14,X127,$AB$9)) -> 0
... D155: 40 | E155: =IF($H$10<>"As",0,IF($H$5<>"歩 道",0,SUMIF($H$11,D155,$H$9))) -> 0 | F155: =IF($H$10<>"As",0,IF($H$5<>"車 道",0,SUMIF($H$11,D155,$H$9))) -> 0 | G155: =IF($H$10<>"Co",0,IF($H$5<>"歩 道",0,SUMIF($H$11,D155,$H$9))) -> 0 | H155: =IF($H$10<>"Co",0,IF($H$5<>"車 道",0,SUMIF($H$11,D155,$H$9))) -> 0 | I155: =IF($H$5<>"歩 道",0,SUMIF($H$14,D155,$H$9)) -> 0 | J155: =IF($H$5<>"車 道",0,SUMIF($H$14,D155,$H$9)) -> 0 | X155: 40 | Y155: =IF($AB$10<>"As",0,IF($AB$5<>"歩 道",0,SUMIF($AB$11,X155,$AB$9))) -> 0 | Z155: =IF($AB$10<>"As",0,IF($AB$5<>"車 道",0,SUMIF($AB$11,X155,$AB$9))) -> 0 | AA155: =IF($AB$10<>"Co",0,IF($AB$5<>"歩 道",0,SUMIF($AB$11,X155,$AB$9))) -> 0 | AB155: =IF($AB$10<>"Co",0,IF($AB$5<>"車 道",0,SUMIF($AB$11,X155,$AB$9))) -> 0 | AC155: =IF($AB$5<>"歩 道",0,SUMIF($AB$14,X155,$AB$9)) -> 0 | AD155: =IF($AB$5<>"車 道",0,SUMIF($AB$14,X155,$AB$9)) -> 0
D157: №3 | X157: №3
E158: As | G158: Co | I158: 仮復旧 | Y158: As | AA158: Co | AC158: 仮復旧
E159: 歩道 | F159: 車道 | G159: 歩道 | H159: 車道 | I159: 歩道 | J159: 車道 | Y159: 歩道 | Z159: 車道 | AA159: 歩道 | AB159: 車道 | AC159: 歩道 | AD159: 車道
...

Sheet 試掘（土75
A1: ■試験掘（φ75～φ300）【取替・撤去】 土工事積算用集計表 | O1: 工事名： | T1: =表紙!C2 -> 東白川特2高層配水池揚水管取替工事
B2: □舗装数量
C3: ○舗装版取壊 数量 | J3: □As殻Co殻運搬（現場～仮置場） | U3: ≪※ | W3: 仮置無し | X3: の場合≫
D4: 舗装種別 | F4: 掘削面積 | G4: 舗装厚 | O4: F1
E5: As車道 | H5: =ROUND(F5*G5,2) -> 0 | L5: As（車道） | N5: （ | O5: =IF($W$3="仮置無し",0,$H$17) -> 0 | P5: ） | AC5: = | AD5: =O5 -> 0
H6: =ROUND(F6*G6,2) -> 0 | O6: F2
H7: =ROUND(F7*G7,2) -> 0 | L7: As（歩道） | N7: （ | O7: =IF($W$3="仮置無し",0,$H$30) -> 0 | P7: ） | AC7: = | AD7: =O7 -> 0
H8: =ROUND(F8*G8,2) -> 0 | O8: G
H9: =ROUND(F9*G9,2) -> 0 | L9: Co | N9: （ | O9: =IF($W$3="仮置無し",0,$H$43) -> 0 | P9: ） | AC9: = | AD9: =O9 -> 0
H10: =ROUND(F10*G10,2) -> 0
H11: =ROUND(F11*G11,2) -> 0 | J11: □掘削
H12: =ROUND(F12*G12,2) -> 0 | K12: ●全体土量 | O12: 試掘箇所数 | AD12: A
H13: =ROUND(F13*G13,2) -> 0 | L13: 試掘全体土量 | N13: （ | O13: =SUM('試掘（舗75'!AA7,'試掘（舗75'!AD7,'試掘（舗75'!AA19,'試掘（舗75'!AD19,'試掘（舗75'!AA31,'試掘（舗75'!AD31,'試掘（舗75'!G7,'試掘（舗75'!J7,'試掘（舗75'!G19,'試掘（舗75'!J19,'試掘（舗75'!G31,'試掘（舗75'!J31) -> 0 | P13: ） | Q13: × | R13: =ROUND(0.8*1*1.2,2) -> 0.96 | AC13: = | AD13: =ROUND(O13*R13,2) -> 0
H14: =ROUND(F14*G14,2) -> 0 | K14: ●全体床堀土量 | O14: A | S14: F1 | W14: F2 | AA14: G | AD14: B1
H15: =ROUND(F15*G15,2) -> 0 | L15: 全体床堀土量 | N15: （ | O15: =$AD$13 -> 0 | P15: ） | Q15: - | R15: （ | S15: =$H$17 -> 0 | T15: ） | U15: - | V15: （ | W15: =$H$30 -> 0 | X15: ） | Y15: - | Z15: （ | AA15: =$H$43 -> 0 | AB15: ） | AC15: = | AD15: =O15-S15-W15-AA15 -> 0
H16: =ROUND(F16*G16,2) -> 0 | K16: ●床 堀 | O16: B1
D17: （F1）As車道部 取壊 数量 | H17: =SUM(H5:H16) -> 0 | L17: 砂質土（人力） | N17: （ | O17: =$AD$15 -> 0 | P17: ） | AC17: = | AD17: =O17 -> 0
E18: As歩道 | H18: =ROUND(F18*G18,2) -> 0 | K18: ●全体埋戻土量 | O18: A | S18: H | W18: M | AD18: B2
H19: =ROUND(F19*G19,2) -> 0 | L19: 全体埋戻土量 | N19: （ | O19: =$AD$13 -> 0 | P19: ） | Q19: - | R19: （ | S19: =IF('試掘（舗75'!AM32="",'試掘（舗75'!S32,'試掘（舗75'!AM32) -> 0 | T19: ） | U19: - | V19: （ | W19: =IF('試掘（舗75'!AM39="",'試掘（舗75'!S39,'試掘（舗75'!AM39) -> 0 | X19: ） | AC19: = | AD19: =O19-S19-W19 -> 0
H20: =ROUND(F20*G20,2) -> 0 | K20: ●土砂運搬（現場～仮置場） | O20: B1 | S20: B2 | AD20: B3
H21: =ROUND(F21*G21,2) -> 0 | L21: 砂質土（機械） | N21: （ | O21: =$AD$15 -> 0 | P21: ） | Q21: - | R21: （ | S21: =$AD$19 -> 0 | T21: ） | AC21: = | AD21: =O21-S21 -> 0
H22: =ROUND(F22*G22,2) -> 0
H23: =ROUND(F23*G23,2) -> 0
H24: =ROUND(F24*G24,2) -> 0
H25: =ROUND(F25*G25,2) -> 0 | J25: □埋戻し | O25: B2
H26: =ROUND(F26*G26,2) -> 0 | L26: 発生土（機械） | N26: （ | O26: =$AD$19 -> 0 | P26: ） | AC26: = | AD26: =O26 -> 0
H27: =ROUND(F27*G27,2) -> 0
H28: =ROUND(F28*G28,2) -> 0 | J28: =IF(W3="仮置有り","□As殻Co殻運搬処理（仮置場～処分地）","□As殻Co殻運搬処理（現場～処分地）") -> □As殻Co殻運搬処理（現場～処分地）
H29: =ROUND(F29*G29,2) -> 0 | K29: ●仮置土積込工 | O29: F1 | S29: F2 | U29: ≪※ | W29: =W3 -> 仮置無し | X29: の場合≫
D30: （F2）As歩道部 取壊 数量 | H30: =SUM(H18:H29) -> 0 | L30: As | N30: （ | O30: =IF($W$3="仮置無し",0,$H$17) -> 0 | P30: ） | Q30: + | R30: （ | S30: =IF($W$3="仮置無し",0,$H$30) -> 0 | T30: ） | AC30: = | AD30: =O30+S30 -> 0
E31: Co | H31: =ROUND(F31*G31,2) -> 0 | O31: G
H32: =ROUND(F32*G32,2) -> 0 | L32: Co | N32: （ | O32: =IF($W$3="仮置無し",0,$H$43) -> 0 | P32: ） | AC32: = | AD32: =O32 -> 0
H33: =ROUND(F33*G33,2) -> 0 | K33: ●殻運搬処理 | O33: F1
H34: =ROUND(F34*G34,2) -> 0 | L34: As（車道） | N34: （ | O34: =$H$17 -> 0 | P34: ） | AC34: = | AD34: =O34 -> 0
H35: =ROUND(F35*G35,2) -> 0 | O35: F2
H36: =ROUND(F36*G36,2) -> 0 | L36: As（歩道） | N36: （ | O36: =$H$30 -> 0 | P36: ） | AC36: = | AD36: =O36 -> 0
H37: =ROUND(F37*G37,2) -> 0 | O37: G
H38: =ROUND(F38*G38,2) -> 0 | L38: Co | N38: （ | O38: =$H$43 -> 0 | P38: ） | AC38: = | AD38: =O38 -> 0
H39: =ROUND(F39*G39,2) -> 0
H40: =ROUND(F40*G40,2) -> 0 | J40: □残土運搬処理（仮置場～処分地）
H41: =ROUND(F41*G41,2) -> 0 | K41: ●仮置土積込工（残土量） | O41: B3
H42: =ROUND(F42*G42,2) -> 0 | L42: 砂質土 | N42: （ | O42: =$AD$21 -> 0 | P42: ） | AC42: = | AD42: =O42 -> 0
D43: （G）Co部 取壊 数量 | H43: =SUM(H31:H42) -> 0 | K43: ●残土運搬処理 | O43: B3
L44: 砂質土 | N44: （ | O44: =$AD$21 -> 0 | P44: ） | AC44: = | AD44: =O44 -> 0
C45: ○先行路盤・仮復旧 数量
D46: （H）先行路盤（再使用） 数量 | H46: =SUM('試掘（舗75'!S32,'試掘（舗75'!AK44) -> 0
D47: （M）仮復旧 数量 | H47: =SUM('試掘（舗75'!S39,'試掘（舗75'!AK45) -> 0

Sheet 試掘（舗400
A1: =IF(AK43="×","■試験掘（φ400～φ500） 舗装復旧積算用集計表","■試験掘（φ400～φ500） 舗装復旧積算用集計表No.1") -> ■試験掘（φ400～φ500） 舗装復旧積算用集計表 | L1: 工事名： | O1: =表紙!C2 -> 東白川特2高層配水池揚水管取替工事 | U1: =IF(AK43="×","二枚目使用する時は印刷範囲へ(※掘削延長を入力すると１Pも含め様式変換されます)","■試験掘（φ400～φ500） 舗装復旧積算用集計表No.2") -> 二枚目使用する時は印刷範囲へ(※掘削延長を入力すると１Pも含め様式変換されます) | AF1: 工事名： | AI1: =表紙!C2 -> 東白川特2高層配水池揚水管取替工事
B2: =IF(AK43="×","□掘削面積","□掘削面積No.1") -> □掘削面積 | M2: =IF(AK43="×","□舗装切断工","□舗装切断工No.1") -> □舗装切断工 | V2: □掘削面積No.2 | AG2: □舗装切断工No.2
C3: 在来舗装 | E3: 2-2 | H3: 3 | N3: 種別・舗装厚 | P3: 合 計 | Q3: 種別・舗装厚 | S3: 合 計 | W3: 在来舗装 | Y3: 3 | AB3: 10 | AH3: 種別・舗装厚 | AJ3: 合 計 | AK3: 種別・舗装厚 | AM3: 合 計
C4: 復旧号工 | E4: 5 | H4: 5 | N4: As | O4: t≦15 | P4: =F43+F47+F51+F55+F59+F63 -> 110 | Q4: Co | R4: t≦15 | S4: =I43+I47+I51+I55+I59+I63 -> 4 | W4: 復旧号工 | Y4: 5 | AB4: 5 | AH4: As | AI4: t≦15 | AJ4: =Z43+Z47+Z51+Z55+Z59+Z63 -> 0 | AK4: Co | AL4: t≦15 | AM4: =AC43+AC47+AC51+AC55+AC59+AC63 -> 0
C5: 区 分 | E5: 車 道 | H5: 車 道 | N5: As | O5: 15<t≦30 | P5: =F44+F48+F52+F56+F60+F64 -> 0 | Q5: Co | R5: 15<t≦30 | S5: =I44+I48+I52+I56+I60+I64 -> 0 | W5: 区 分 | Y5: 車 道 | AB5: 歩 道 | AH5: As | AI5: 15<t≦30 | AJ5: =Z44+Z48+Z52+Z56+Z60+Z64 -> 0 | AK5: Co | AL5: 15<t≦30 | AM5: =AC44+AC48+AC52+AC56+AC60+AC64 -> 0
C6: 施工区分 | E6: 昼間施工 | H6: 昼間施工 | N6: As | O6: 30<t≦40 | P6: =F45+F49+F53+F57+F61+F65 -> 0 | W6: 施工区分 | Y6: 昼間施工 | AB6: 昼間施工 | AH6: As | AI6: 30<t≦40 | AJ6: =Z45+Z49+Z53+Z57+Z61+Z65 -> 0
C7: 管布設延長 | E7: =延長表!H36+延長表!H44 -> 77.9 | F7: 20 | G7: =ROUNDUP(E7/F7,0) -> 4 | H7: =延長表!I35+延長表!I36+延長表!I37+延長表!I43+延長表!I44 -> 975.83 | I7: 20 | J7: =ROUNDUP(H7/I7,0) -> 49 | W7: 管布設延長 | Z7: 20 | AA7: =ROUNDUP(Y7/Z7,0) -> 0 | AC7: 20 | AD7: =ROUNDUP(AB7/AC7,0) -> 0
C8: 掘削面積 | E8: =G7 -> 4 | F8: 1 | G8: =ROUND(E8*F8,2) -> 4 | H8: =J7 -> 49 | I8: 1 | J8: =ROUND(H8*I8,2) -> 49 | W8: 掘削面積 | Y8: =AA7 -> 0 | Z8: 1 | AA8: =ROUND(Y8*Z8,2) -> 0 | AB8: =AD7 -> 0 | AC8: 1 | AD8: =ROUND(AB8*AC8,2) -> 0
C9: 合 計 | E9: =SUM(G8:G8) -> 4 | H9: =SUM(J8:J8) -> 49 | M9: =IF(AK43="×","□舗装版破砕工（人力）","□舗装版破砕工（人力）No.1") -> □舗装版破砕工（人力） | W9: 合 計 | Y9: =SUM(AA8:AA8) -> 0 | AB9: =SUM(AD8:AD8) -> 0 | AG9: □舗装版破砕工（人力）No.2
C10: 舗装版破砕工 | E10: As | H10: As | N10: 種別・舗装厚 | P10: 合 計 | Q10: 種別・舗装厚 | S10: 合 計 | W10: 舗装版破砕工 | Y10: As | AB10: As | AH10: 種別・舗装厚 | AJ10: 合 計 | AK10: 種別・舗装厚 | AM10: 合 計
E11: 15 | H11: 10 | N11: As | O11: =IF(MAX($E$381:$E$420)<ROW()-10,"",INDEX($D$381:$D$420,MATCH(ROW()-10,$E$381:$E$420,0),1)) -> 4 | P11: =SUMIF($D$381:$D$420,O11,$F$381:$F$420) -> 1 | Q11: Co | R11: =IF(MAX($G$381:$G$420)<ROW()-10,"",INDEX($D$381:$D$420,MATCH(ROW()-10,$G$381:$G$420,0),1)) -> 15 | S11: =SUMIF($D$381:$D$420,R11,$H$381:$H$420) -> 2 | Y11: 10 | AB11: 4 | AH11: As | AI11: =IF(MAX($Y$381:$Y$420)<ROW()-10,"",INDEX($X$381:$X$420,MATCH(ROW()-10,$Y$381:$Y$420,0),1)) | AJ11: =SUMIF($X$381:$X$420,AI11,$Z$381:$Z$420) -> 0 | AK11: Co | AL11: =IF(MAX($AA$381:$AA$420)<ROW()-10,"",INDEX($X$381:$X$420,MATCH(ROW()-10,$AA$381:$AA$420,0),1)) | AM11: =SUMIF($X$381:$X$420,AL11,$AB$381:$AB$420) -> 0
C12: 先行路盤 | E12: 発生土（再使用） | H12: 発生土（再使用） | N12: As | O12: =IF(MAX($E$381:$E$420)<ROW()-10,"",INDEX($D$381:$D$420,MATCH(ROW()-10,$E$381:$E$420,0),1)) -> 10 | P12: =SUMIF($D$381:$D$420,O12,$F$381:$F$420) -> 50 | Q12: Co | R12: =IF(MAX($G$381:$G$420)<ROW()-10,"",INDEX($D$381:$D$420,MATCH(ROW()-10,$G$381:$G$420,0),1)) | S12: =SUMIF($D$381:$D$420,R12,$H$381:$H$420) -> 0 | W12: 先行路盤 | Y12: 発生土（再使用） | AB12: 発生土（再使用） | AH12: As | AI12: =IF(MAX($Y$381:$Y$420)<ROW()-10,"",INDEX($X$381:$X$420,MATCH(ROW()-10,$Y$381:$Y$420,0),1)) | AJ12: =SUMIF($X$381:$X$420,AI12,$Z$381:$Z$420) -> 0 | AK12: Co | AL12: =IF(MAX($AA$381:$AA$420)<ROW()-10,"",INDEX($X$381:$X$420,MATCH(ROW()-10,$AA$381:$AA$420,0),1)) | AM12: =SUMIF($X$381:$X$420,AL12,$AB$381:$AB$420) -> 0
E13: 50 | H13: 25 | N13: As | O13: =IF(MAX($E$381:$E$420)<ROW()-10,"",INDEX($D$381:$D$420,MATCH(ROW()-10,$E$381:$E$420,0),1)) -> 15 | P13: =SUMIF($D$381:$D$420,O13,$F$381:$F$420) -> 4 | Q13: Co | R13: =IF(MAX($G$381:$G$420)<ROW()-10,"",INDEX($D$381:$D$420,MATCH(ROW()-10,$G$381:$G$420,0),1)) | S13: =SUMIF($D$381:$D$420,R13,$H$381:$H$420) -> 0 | Y13: 25 | AB13: 10 | AH13: As | AI13: =IF(MAX($Y$381:$Y$420)<ROW()-10,"",INDEX($X$381:$X$420,MATCH(ROW()-10,$Y$381:$Y$420,0),1)) | AJ13: =SUMIF($X$381:$X$420,AI13,$Z$381:$Z$420) -> 0 | AK13: Co | AL13: =IF(MAX($AA$381:$AA$420)<ROW()-10,"",INDEX($X$381:$X$420,MATCH(ROW()-10,$AA$381:$AA$420,0),1)) | AM13: =SUMIF($X$381:$X$420,AL13,$AB$381:$AB$420) -> 0
C14: 仮復旧 | E14: 10 | H14: 5 | N14: As | O14: =IF(MAX($E$381:$E$420)<ROW()-10,"",INDEX($D$381:$D$420,MATCH(ROW()-10,$E$381:$E$420,0),1)) | P14: =SUMIF($D$381:$D$420,O14,$F$381:$F$420) -> 0 | Q14: Co | R14: =IF(MAX($G$381:$G$420)<ROW()-10,"",INDEX($D$381:$D$420,MATCH(ROW()-10,$G$381:$G$420,0),1)) | S14: =SUMIF($D$381:$D$420,R14,$H$381:$H$420) -> 0 | W14: 仮復旧 | Y14: 5 | AB14: 4 | AH14: As | AI14: =IF(MAX($Y$381:$Y$420)<ROW()-10,"",INDEX($X$381:$X$420,MATCH(ROW()-10,$Y$381:$Y$420,0),1)) | AJ14: =SUMIF($X$381:$X$420,AI14,$Z$381:$Z$420) -> 0 | AK14: Co | AL14: =IF(MAX($AA$381:$AA$420)<ROW()-10,"",INDEX($X$381:$X$420,MATCH(ROW()-10,$AA$381:$AA$420,0),1)) | AM14: =SUMIF($X$381:$X$420,AL14,$AB$381:$AB$420) -> 0
C15: 在来舗装 | E15: 7 | H15: 10 | N15: As | O15: =IF(MAX($E$381:$E$420)<ROW()-10,"",INDEX($D$381:$D$420,MATCH(ROW()-10,$E$381:$E$420,0),1)) | P15: =SUMIF($D$381:$D$420,O15,$F$381:$F$420) -> 0 | Q15: Co | R15: =IF(MAX($G$381:$G$420)<ROW()-10,"",INDEX($D$381:$D$420,MATCH(ROW()-10,$G$381:$G$420,0),1)) | S15: =SUMIF($D$381:$D$420,R15,$H$381:$H$420) -> 0 | W15: 在来舗装 | Y15: 2 | AH15: As | AI15: =IF(MAX($Y$381:$Y$420)<ROW()-10,"",INDEX($X$381:$X$420,MATCH(ROW()-10,$Y$381:$Y$420,0),1)) | AJ15: =SUMIF($X$381:$X$420,AI15,$Z$381:$Z$420) -> 0 | AK15: Co | AL15: =IF(MAX($AA$381:$AA$420)<ROW()-10,"",INDEX($X$381:$X$420,MATCH(ROW()-10,$AA$381:$AA$420,0),1)) | AM15: =SUMIF($X$381:$X$420,AL15,$AB$381:$AB$420) -> 0
C16: 復旧号工 | E16: 5 | H16: 5 | N16: As | O16: =IF(MAX($E$381:$E$420)<ROW()-10,"",INDEX($D$381:$D$420,MATCH(ROW()-10,$E$381:$E$420,0),1)) | P16: =SUMIF($D$381:$D$420,O16,$F$381:$F$420) -> 0 | Q16: Co | R16: =IF(MAX($G$381:$G$420)<ROW()-10,"",INDEX($D$381:$D$420,MATCH(ROW()-10,$G$381:$G$420,0),1)) | S16: =SUMIF($D$381:$D$420,R16,$H$381:$H$420) -> 0 | W16: 復旧号工 | Y16: 5 | AH16: As | AI16: =IF(MAX($Y$381:$Y$420)<ROW()-10,"",INDEX($X$381:$X$420,MATCH(ROW()-10,$Y$381:$Y$420,0),1)) | AJ16: =SUMIF($X$381:$X$420,AI16,$Z$381:$Z$420) -> 0 | AK16: Co | AL16: =IF(MAX($AA$381:$AA$420)<ROW()-10,"",INDEX($X$381:$X$420,MATCH(ROW()-10,$AA$381:$AA$420,0),1)) | AM16: =SUMIF($X$381:$X$420,AL16,$AB$381:$AB$420) -> 0
C17: 区 分 | E17: 車 道 | H17: 歩 道 | W17: 区 分 | Y17: 車 道 | AH17: As | AK17: Co
C18: 施工区分 | E18: 昼間施工 | H18: 昼間施工 | W18: 施工区分 | Y18: 昼間施工 | AH18: As | AK18: Co
C19: 管布設延長 | E19: =延長表!J35+延長表!J36+延長表!J43 -> 33.7 | F19: 20 | G19: =ROUNDUP(E19/F19,0) -> 2 | I19: 20 | J19: =ROUNDUP(H19/I19,0) -> 0 | M19: □殻運搬(総計) | W19: 管布設延長 | Z19: 20 | AA19: =ROUNDUP(Y19/Z19,0) -> 0 | AC19: 20 | AD19: =ROUNDUP(AB19/AC19,0) -> 0
C20: 掘削面積 | E20: =G19 -> 2 | F20: 1 | G20: =ROUND(E20*F20,2) -> 2 | H20: =J19 -> 0 | I20: 1 | J20: =ROUND(H20*I20,2) -> 0 | N20: 種 別 | P20: 合 計 | Q20: 種 別 | S20: 合 計 | W20: 掘削面積 | Y20: =AA19 -> 0 | Z20: 1 | AA20: =ROUND(Y20*Z20,2) -> 0 | AB20: =AD19 -> 0 | AC20: 1 | AD20: =ROUND(AB20*AC20,2) -> 0
C21: 合 計 | E21: =SUM(G20:G20) -> 2 | H21: =SUM(J20:J20) -> 0 | N21: As（車道） | P21: =SUMPRODUCT($X$334:$X$373,$Z$334:$Z$373)/100+SUMPRODUCT($D$334:$D$373,$F$334:$F$373)/100 -> 5.5 | Q21: Co | S21: =SUMPRODUCT($X$379:$X$418,$AB$379:$AB$418)/100+SUMPRODUCT($D$379:$D$418,$H$379:$H$418)/100 -> 0.3 | W21: 合 計 | Y21: =SUM(AA20:AA20) -> 0 | AB21: =SUM(AD20:AD20) -> 0
C22: 舗装版破砕工 | E22: Co | H22: As | N22: As（歩道） | P22: =SUMPRODUCT($X$334:$X$373,$Y$334:$Y$373)/100+SUMPRODUCT($D$334:$D$373,$E$334:$E$373)/100 -> 0.14 | Q22: 全種 | S22: =IF($Q$22="全種",$P$21+$S$21+$P$22,"0")+IF($Q$22="As（車道）＋As（歩道）",$P$21+$P$22,"0")+IF($Q$22="As（車道）＋Co",$P$21+$S$21,"0")+IF($Q$22="As（歩道）＋Co",$P$22+$S$21,"0") -> 5.94 | W22: 舗装版破砕工 | Y22: As | AB22: As
E23: 15 | H23: 4 | Y23: 15 | AB23: 10
C24: 先行路盤 | E24: 発生土（再使用） | H24: 発生土（再使用） | M24: =IF(AK43="×","□先行路盤（再使用）","□先行路盤（再使用）No.1") -> □先行路盤（再使用） | W24: 先行路盤 | Y24: 発生土（再使用） | AB24: 発生土（再使用） | AG24: □先行路盤（再使用）No.2
E25: 25 | H25: 10 | N25: 種別・路盤厚 | P25: 合 計 | Q25: 種別・路盤厚 | S25: 合 計 | Y25: 50 | AB25: 25 | AH25: 種別・路盤厚 | AJ25: 合 計 | AK25: 種別・路盤厚 | AM25: 合 計
C26: 仮復旧 | E26: 5 | H26: 4 | N26: 再使用 | O26: =IF(MAX($I$616:$I$675)<ROW()-25,"",INDEX($H$616:$H$675,MATCH(ROW()-25,$I$616:$I$675,0),1)) -> 25 | P26: =SUMIF($H$618:$H$677,O26,$J$618:$J$677) -> 52 | W26: 仮復旧 | Y26: 10 | AB26: 5 | AH26: 再使用 | AI26: =IF(MAX($AC$618:$AC$677)<ROW()-25,"",INDEX($AB$618:$AB$677,MATCH(ROW()-25,$AC$618:$AC$677,0),1)) | AJ26: =SUMIF($AB$618:$AB$677,AI26,$AD$618:$AD$677) -> 0
C27: 在来舗装 | E27: 10乗→10-1乗 | H27: 10→10-1 | N27: 再使用 | O27: =IF(MAX($I$616:$I$675)<ROW()-25,"",INDEX($H$616:$H$675,MATCH(ROW()-25,$I$616:$I$675,0),1)) -> 50 | P27: =SUMIF($H$618:$H$677,O27,$J$618:$J$677) -> 4 | W27: 在来舗装 | AH27: 再使用 | AI27: =IF(MAX($AC$618:$AC$677)<ROW()-25,"",INDEX($AB$618:$AB$677,MATCH(ROW()-25,$AC$618:$AC$677,0),1)) | AJ27: =SUMIF($AB$618:$AB$677,AI27,$AD$618:$AD$677) -> 0
C28: 復旧号工 | E28: 5 | H28: 5 | N28: 再使用 | O28: =IF(MAX($I$616:$I$675)<ROW()-25,"",INDEX($H$616:$H$675,MATCH(ROW()-25,$I$616:$I$675,0),1)) | P28: =SUMIF($H$618:$H$677,O28,$J$618:$J$677) -> 0 | W28: 復旧号工 | AH28: 再使用 | AI28: =IF(MAX($AC$618:$AC$677)<ROW()-25,"",INDEX($AB$618:$AB$677,MATCH(ROW()-25,$AC$618:$AC$677,0),1)) | AJ28: =SUMIF($AB$618:$AB$677,AI28,$AD$618:$AD$677) -> 0
C29: 区 分 | E29: 歩 道 | H29: 歩 道 | N29: 再使用 | O29: =IF(MAX($I$616:$I$675)<ROW()-25,"",INDEX($H$616:$H$675,MATCH(ROW()-25,$I$616:$I$675,0),1)) | P29: =SUMIF($H$618:$H$677,O29,$J$618:$J$677) -> 0 | W29: 区 分 | Y29: 車 道 | AB29: 車 道 | AH29: 再使用 | AI29: =IF(MAX($AC$618:$AC$677)<ROW()-25,"",INDEX($AB$618:$AB$677,MATCH(ROW()-25,$AC$618:$AC$677,0),1)) | AJ29: =SUMIF($AB$618:$AB$677,AI29,$AD$618:$AD$677) -> 0
C30: 施工区分 | E30: 昼間施工 | H30: 昼間施工 | N30: 再使用 | O30: =IF(MAX($I$616:$I$675)<ROW()-25,"",INDEX($H$616:$H$675,MATCH(ROW()-25,$I$616:$I$675,0),1)) | P30: =SUMIF($H$618:$H$677,O30,$J$618:$J$677) -> 0 | W30: 施工区分 | Y30: 昼間施工 | AB30: 昼間施工 | AH30: 再使用 | AI30: =IF(MAX($AC$618:$AC$677)<ROW()-25,"",INDEX($AB$618:$AB$677,MATCH(ROW()-25,$AC$618:$AC$677,0),1)) | AJ30: =SUMIF($AB$618:$AB$677,AI30,$AD$618:$AD$677) -> 0
C31: 管布設延長 | E31: =延長表!O44 -> 2.7 | F31: 20 | G31: =ROUNDUP(E31/F31,0) -> 1 | H31: =延長表!P44 -> 9 | I31: 20 | J31: =ROUNDUP(H31/I31,0) -> 1 | N31: 再使用 | O31: =IF(MAX($I$616:$I$675)<ROW()-25,"",INDEX($H$616:$H$675,MATCH(ROW()-25,$I$616:$I$675,0),1)) | P31: =SUMIF($H$618:$H$677,O31,$J$618:$J$677) -> 0 | W31: 管布設延長 | Z31: 20 | AA31: =ROUNDUP(Y31/Z31,0) -> 0 | AC31: 20 | AD31: =ROUNDUP(AB31/AC31,0) -> 0 | AH31: 再使用 | AI31: =IF(MAX($AC$618:$AC$677)<ROW()-25,"",INDEX($AB$618:$AB$677,MATCH(ROW()-25,$AC$618:$AC$677,0),1)) | AJ31: =SUMIF($AB$618:$AB$677,AI31,$AD$618:$AD$677) -> 0
C32: 掘削面積 | E32: =G31 -> 1 | F32: 1 | G32: =ROUND(E32*F32,2) -> 1 | H32: =J31 -> 1 | I32: 1 | J32: =ROUND(H32*I32,2) -> 1 | O32: =IF(AK43="×","※先行路盤(再使用) 土量 計 ： H= ","※先行路盤(再使用) 土量No.1 計 ： ") -> ※先行路盤(再使用) 土量 計 ： H= | S32: =ROUND(SUMPRODUCT(O26:O31,P26:P31)/100+SUMPRODUCT(R26:R31,S26:S31)/100,2) -> 15 | W32: 掘削面積 | Y32: =AA31 -> 0 | Z32: 1 | AA32: =ROUND(Y32*Z32,2) -> 0 | AB32: =AD31 -> 0 | AC32: 1 | AD32: =ROUND(AB32*AC32,2) -> 0 | AI32: ※先行路盤(再使用) 土量No.1+No.2 計 ： H= | AM32: =IF(AK43="○",AK44+S32,"")
C33: 合 計 | E33: =SUM(G32:G32) -> 1 | H33: =SUM(J32:J32) -> 1 | M33: =IF(AK43="×","□仮復旧工","□仮復旧工No.1") -> □仮復旧工 | W33: 合 計 | Y33: =SUM(AA32:AA32) -> 0 | AB33: =SUM(AD32:AD32) -> 0 | AG33: □仮復旧工No.2
C34: 舗装版破砕工 | E34: As | H34: As | N34: 種別・舗装厚 | P34: 合 計 | Q34: 種別・舗装厚 | S34: 合 計 | W34: 舗装版破砕工 | Y34: As | AB34: As | AH34: 種別・舗装厚 | AJ34: 合 計 | AK34: 種別・舗装厚 | AM34: 合 計
E35: 10 | H35: 4 | N35: As | O35: =IF(MAX($I$381:$I$420)<ROW()-34,"",INDEX($D$381:$D$420,MATCH(ROW()-34,$I$381:$I$420,0),1)) -> 4 | P35: =SUMIF($D$381:$D$420,O35,$J$381:$J$420) -> 1 | Q35: As | R35: =IF(MAX($I$381:$I$420)<ROW()-30,"",INDEX($D$381:$D$420,MATCH(ROW()-30,$I$381:$I$420,0),1)) | S35: =SUMIF($D$381:$D$420,R35,$J$381:$J$420) -> 0 | AH35: As | AI35: =IF(MAX($AC$381:$AC$420)<ROW()-34,"",INDEX($X$381:$X$420,MATCH(ROW()-34,$AC$381:$AC$420,0),1)) | AJ35: =SUMIF($X$381:$X$420,AI35,$AD$381:$AD$420) -> 0 | AK35: As | AL35: =IF(MAX($AC$381:$AC$420)<ROW()-30,"",INDEX($X$381:$X$420,MATCH(ROW()-30,$AC$381:$AC$420,0),1)) | AM35: =SUMIF($X$381:$X$420,AL35,$AD$381:$AD$420) -> 0
C36: 先行路盤 | E36: 発生土（再使用） | N36: As | O36: =IF(MAX($I$381:$I$420)<ROW()-34,"",INDEX($D$381:$D$420,MATCH(ROW()-34,$I$381:$I$420,0),1)) -> 5 | P36: =SUMIF($D$381:$D$420,O36,$J$381:$J$420) -> 52 | Q36: As | R36: =IF(MAX($I$381:$I$420)<ROW()-30,"",INDEX($D$381:$D$420,MATCH(ROW()-30,$I$381:$I$420,0),1)) | S36: =SUMIF($D$381:$D$420,R36,$J$381:$J$420) -> 0 | W36: 先行路盤 | Y36: 発生土（再使用） | AB36: 発生土（再使用） | AH36: As | AI36: =IF(MAX($AC$381:$AC$420)<ROW()-34,"",INDEX($X$381:$X$420,MATCH(ROW()-34,$AC$381:$AC$420,0),1)) | AJ36: =SUMIF($X$381:$X$420,AI36,$AD$381:$AD$420) -> 0 | AK36: As | AL36: =IF(MAX($AC$381:$AC$420)<ROW()-30,"",INDEX($X$381:$X$420,MATCH(ROW()-30,$AC$381:$AC$420,0),1)) | AM36: =SUMIF($X$381:$X$420,AL36,$AD$381:$AD$420) -> 0
E37: 25 | N37: As | O37: =IF(MAX($I$381:$I$420)<ROW()-34,"",INDEX($D$381:$D$420,MATCH(ROW()-34,$I$381:$I$420,0),1)) -> 10 | P37: =SUMIF($D$381:$D$420,O37,$J$381:$J$420) -> 4 | AH37: As | AI37: =IF(MAX($AC$381:$AC$420)<ROW()-34,"",INDEX($X$381:$X$420,MATCH(ROW()-34,$AC$381:$AC$420,0),1)) | AJ37: =SUMIF($X$381:$X$420,AI37,$AD$381:$AD$420) -> 0 | AK37: As
C38: 仮復旧 | E38: 5 | H38: 4 | N38: As | O38: =IF(MAX($I$381:$I$420)<ROW()-34,"",INDEX($D$381:$D$420,MATCH(ROW()-34,$I$381:$I$420,0),1)) | P38: =SUMIF($D$381:$D$420,O38,$J$381:$J$420) -> 0 | W38: 仮復旧 | AH38: As | AI38: =IF(MAX($AC$381:$AC$420)<ROW()-34,"",INDEX($X$381:$X$420,MATCH(ROW()-34,$AC$381:$AC$420,0),1)) | AJ38: =SUMIF($X$381:$X$420,AI38,$AD$381:$AD$420) -> 0 | AK38: As
O39: =IF(AK43="×","※仮復旧 土量 計 ： M= ","※仮復旧 土量No.1 計 ： ") -> ※仮復旧 土量 計 ： M= | S39: =ROUND(SUMPRODUCT(O35:O38,P35:P38)/100+SUMPRODUCT(R35:R38,S35:S38)/100,2) -> 3.04 | AI39: ※仮復旧 土量No.1+No.2 計 ： M= | AM39: =IF(AK43="○",AK45+S39,"")
B41: □だみー | V41: □だみー
D42: №1 | X42: №1
D43: As | E43: t≦15 | F43: =IF($E$10<>"As",0,IF($E$11<=15,ROUND(SUM($E$8:$E$8)*2,2),0)) -> 8 | G43: Co | H43: t≦15 | I43: =IF($E$10<>"Co",0,IF($E$11<=15,ROUND(SUM($E$8:$E$8)*2,2),0)) -> 0 | X43: As | Y43: t≦15 | Z43: =IF($Y$10<>"As",0,IF($Y$11<=15,ROUND(SUM($Y$8:$Y$8)*2,2),0)) -> 0 | AA43: Co | AB43: t≦15 | AC43: =IF($Y$10<>"Co",0,IF($Y$11<=15,ROUND(SUM($Y$8:$Y$8)*2,2),0)) -> 0 | AI43: 2枚目有 | AK43: =IF(SUM(Y9:AD9,Y21:AD21,Y33:AD33)=0,"×","○") -> ×
E44: 15<t≦30 | F44: =IF($E$10<>"As",0,IF(AND($E$11>15,$E$11<=30),ROUND(SUM($E$8:$E$8)*2,2),0)) -> 0 | H44: 15<t≦30 | I44: =IF($E$10<>"Co",0,IF(AND($E$11>15,$E$11<=30),ROUND(SUM($E$8:$E$8)*2,2),0)) -> 0 | Y44: 15<t≦30 | Z44: =IF($Y$10<>"As",0,IF(AND($Y$11>15,$Y$11<=30),ROUND(SUM($Y$8:$Y$8)*2,2),0)) -> 0 | AB44: 15<t≦30 | AC44: =IF($Y$10<>"Co",0,IF(AND($Y$11>15,$Y$11<=30),ROUND(SUM($Y$8:$Y$8)*2,2),0)) -> 0 | AI44: 先行路盤土量No2 | AK44: =ROUND(SUMPRODUCT(AI26:AI31,AJ26:AJ31)/100+SUMPRODUCT(AL26:AL31,AM26:AM31)/100,2) -> 0
E45: 30<t≦40 | F45: =IF($E$10<>"As",0,IF(AND($E$11>30,$E$11<=40),ROUND(SUM($E$8:$E$8)*2,2),0)) -> 0 | Y45: 30<t≦40 | Z45: =IF($Y$10<>"As",0,IF(AND($Y$11>30,$Y$11<=40),ROUND(SUM($Y$8:$Y$8)*2,2),0)) -> 0 | AI45: 仮復旧土量No2 | AK45: =ROUND(SUMPRODUCT(AI35:AI38,AJ35:AJ38)/100+SUMPRODUCT(AL35:AL38,AM35:AM38)/100,2) -> 0
D46: №2 | X46: №2
D47: As | E47: t≦15 | F47: =IF($H$10<>"As",0,IF($H$11<=15,ROUND(SUM($H$8:$H$8)*2,2),0)) -> 98 | G47: Co | H47: t≦15 | I47: =IF($H$10<>"Co",0,IF($H$11<=15,ROUND(SUM($H$8:$H$8)*2,2),0)) -> 0 | X47: As | Y47: t≦15 | Z47: =IF($AB$10<>"As",0,IF($AB$11<=15,ROUND(SUM($AB$8:$AB$8)*2,2),0)) -> 0 | AA47: Co | AB47: t≦15 | AC47: =IF($AB$10<>"Co",0,IF($AB$11<=15,ROUND(SUM($AB$8:$AB$8)*2,2),0)) -> 0
E48: 15<t≦30 | F48: =IF($H$10<>"As",0,IF(AND($H$11>15,$H$11<=30),ROUND(SUM($H$8:$H$8)*2,2),0)) -> 0 | H48: 15<t≦30 | I48: =IF($H$10<>"Co",0,IF(AND($H$11>15,$H$11<=30),ROUND(SUM($H$8:$H$8)*2,2),0)) -> 0 | Y48: 15<t≦30 | Z48: =IF($AB$10<>"As",0,IF(AND($AB$11>15,$AB$11<=30),ROUND(SUM($AB$8:$AB$8)*2,2),0)) -> 0 | AB48: 15<t≦30 | AC48: =IF($AB$10<>"Co",0,IF(AND($AB$11>15,$AB$11<=30),ROUND(SUM($AB$8:$AB$8)*2,2),0)) -> 0
E49: 30<t≦40 | F49: =IF($H$10<>"As",0,IF(AND($H$11>30,$H$11<=40),ROUND(SUM($H$8:$H$8)*2,2),0)) -> 0 | Y49: 30<t≦40 | Z49: =IF($AB$10<>"As",0,IF(AND($AB$11>30,$AB$11<=40),ROUND(SUM($AB$8:$AB$8)*2,2),0)) -> 0
D50: №3 | X50: №3
D51: As | E51: t≦15 | F51: =IF($E$22<>"As",0,IF($E$23<=15,ROUND(SUM($E$20:$E$20)*2,2),0)) -> 0 | G51: Co | H51: t≦15 | I51: =IF($E$22<>"Co",0,IF($E$23<=15,ROUND(SUM($E$20:$E$20)*2,2),0)) -> 4 | X51: As | Y51: t≦15 | Z51: =IF($Y$22<>"As",0,IF($Y$23<=15,ROUND(SUM($Y$20:$Y$20)*2,2),0)) -> 0 | AA51: Co | AB51: t≦15 | AC51: =IF($Y$22<>"Co",0,IF($Y$23<=15,ROUND(SUM($Y$20:$Y$20)*2,2),0)) -> 0
E52: 15<t≦30 | F52: =IF($E$22<>"As",0,IF(AND($E$23>15,$E$23<=30),ROUND(SUM($E$20:$E$20)*2,2),0)) -> 0 | H52: 15<t≦30 | I52: =IF($E$22<>"Co",0,IF(AND($E$23>15,$E$23<=30),ROUND(SUM($E$20:$E$20)*2,2),0)) -> 0 | Y52: 15<t≦30 | Z52: =IF($Y$22<>"As",0,IF(AND($Y$23>15,$Y$23<=30),ROUND(SUM($Y$20:$Y$20)*2,2),0)) -> 0 | AB52: 15<t≦30 | AC52: =IF($Y$22<>"Co",0,IF(AND($Y$23>15,$Y$23<=30),ROUND(SUM($Y$20:$Y$20)*2,2),0)) -> 0
