Workbook
Name 範囲1: #REF!
Name 範囲1: #REF!
Name 範囲2: #REF!
Name 範囲2: #REF!
Name 範囲３: #REF!
Name 範囲３: #REF!
Name 範囲４: #REF!
Name 範囲４: #REF!

Sheet 表紙
B1: 7
B2: 工事名： | C2: 長田(花山町2丁目他)配水管取替工事
C3: 事業名： | D3: 経年配水管更新事業
C4: 工事番号： | D4: 5070089
A5: 数 量 計 算 書
B6: 工事場所： | C6: 神戸市長田区花山町2丁目他

Sheet 総括表（土工事）
J1: =入力セル（各数量計算書の数量を転記間違いないように！）
J2: =この表内でﾘﾝｸ入力されてるセル
B3: 数量総括表（土工事-1）
B4: 配 水 管 土 工 事
B6: =表紙!C2 -> 長田(花山町2丁目他)配水管取替工事
B7: 名 称 | E7: 摘 要 | J7: 試 掘 （PE50-300)新設 （PE50-PE75） 取替 | K7: 試 掘 （200-300） 新設 | L7: 試 掘 （75-300） 取替・撤去 | M7: 試 掘 （400-500） | N7: 試 掘 （600以上） | O7: 給水2度 | P7: 仮配管 | Q7: 給水付替 | R7: 管工事 （75-300)新設 | S7: 管工事 （200-300） 新設 | T7: 管工事 （75-300） 取替・撤去 | U7: 管工事 （400-500） | V7: 管工事 （600以上） | W7: 舗 装 | X7: 付帯工 | Y7: 夜間 | Z7: 計 | AA7: 設計書 | AC7: 数値基準
AC8: 0.1 | AD8: 1 | AE8: 10 | AF8: 100
B9: 舗装切断工 （管工事） | E9: As舗装 | H9: t≦15㎝ | J9: 50.4 | L9: 19.2 | P9: 362.6 | Q9: 411.6 | R9: 1639.93 | T9: 2069.28 | Z9: =SUM(J9:Y9) -> 4553.01 | AA9: =SUM(AC9:AF9) -> 4550 | AC9: =IF($Z9<1,ROUND($Z9,1),0) -> 0 | AD9: =IF(AND($Z9>=1,$Z9<100),ROUND($Z9,0),0) -> 0 | AE9: =IF($Z9>=100,ROUND($Z9,-1),0) -> 4550
E10: As舗装 | H10: 15㎝<t≦30㎝ | Z10: =SUM(J10:Y10) -> 0 | AA10: =SUM(AC10:AF10) -> 0 | AC10: =IF($Z10<1,ROUND($Z10,1),0) -> 0 | AD10: =IF(AND($Z10>=1,$Z10<100),ROUND($Z10,0),0) -> 0 | AE10: =IF($Z10>=100,ROUND($Z10,-1),0) -> 0
E11: Co舗装 | H11: t≦15㎝ | Z11: =SUM(J11:Y11) -> 0 | AA11: =SUM(AC11:AF11) -> 0 | AC11: =IF($Z11<1,ROUND($Z11,1),0) -> 0 | AD11: =IF(AND($Z11>=1,$Z11<100),ROUND($Z11,0),0) -> 0 | AE11: =IF($Z11>=100,ROUND($Z11,-1),0) -> 0
E12: Co舗装 | H12: 15㎝<t≦30㎝ | Z12: =SUM(J12:Y12) -> 0 | AA12: =SUM(AC12:AF12) -> 0 | AC12: =IF($Z12<1,ROUND($Z12,1),0) -> 0 | AD12: =IF(AND($Z12>=1,$Z12<100),ROUND($Z12,0),0) -> 0 | AE12: =IF($Z12>=100,ROUND($Z12,-1),0) -> 0
B13: 舗 装 版 破 砕 （ 管 工 事 ） | C13: 人力 | E13: Ａｓ | F13: 4cm以下 | I13: 4 | J13: 1.2 | L13: 0.8 | Z13: =SUM(J13:Y13) -> 2 | AA13: =SUM(AC13:AF13) -> 2 | AC13: =IF($Z13<1,ROUND($Z13,1),0) -> 0 | AD13: =IF(AND($Z13>=1,$Z13<1000),ROUND($Z13,0),0) -> 2 | AE13: =IF($Z13>=1000,ROUND($Z13,-1),0) -> 0
F14: 10㎝以下 | I14: 5 | Z14: =SUM(J14:Y14) -> 0 | AA14: =SUM(AD14:AF14) -> 0
I15: 10 | J15: 24 | L15: 8.8 | Z15: =SUM(J15:Y15) -> 32.8 | AA15: =SUM(AD15:AF15) -> 0
Z16: =SUM(J16:Y16) -> 0 | AA16: =SUM(AD16:AF16) -> 0
H17: 計 | Z17: =SUM(Z14:Z16) -> 32.8 | AA17: =SUM(AC17:AF17) -> 33 | AC17: =IF($Z17<1,ROUND($Z17,1),0) -> 0 | AD17: =IF(AND($Z17>=1,$Z17<1000),ROUND($Z17,0),0) -> 33 | AE17: =IF($Z17>=1000,ROUND($Z17,-1),0) -> 0
F18: 15㎝以下 | I18: 14 | Z18: =SUM(J18:Y18) -> 0 | AA18: =SUM(AD18:AF18) -> 0
I19: 15 | Z19: =SUM(J19:Y19) -> 0 | AA19: =SUM(AD19:AF19) -> 0
H20: 計 | Z20: =SUM(Z18:Z19) -> 0 | AA20: =SUM(AC20:AF20) -> 0 | AC20: =IF($Z20<1,ROUND($Z20,1),0) -> 0 | AD20: =IF(AND($Z20>=1,$Z20<1000),ROUND($Z20,0),0) -> 0 | AE20: =IF($Z20>=1000,ROUND($Z20,-1),0) -> 0
F21: 15㎝超 | I21: 20 | Z21: =SUM(J21:Y21) -> 0 | AA21: =SUM(AC21:AF21) -> 0 | AC21: =IF($Z21<1,ROUND($Z21,1),0) -> 0 | AD21: =IF(AND($Z21>=1,$Z21<1000),ROUND($Z21,0),0) -> 0 | AE21: =IF($Z21>=1000,ROUND($Z21,-1),0) -> 0
E22: Ｃｏ | F22: 4cm以下 | I22: 4 | Z22: =SUM(J22:Y22) -> 0 | AA22: =SUM(AC22:AF22) -> 0 | AC22: =IF($Z22<1,ROUND($Z22,1),0) -> 0 | AD22: =IF(AND($Z22>=1,$Z22<1000),ROUND($Z22,0),0) -> 0 | AE22: =IF($Z22>=1000,ROUND($Z22,-1),0) -> 0
F23: 10cm以下 | I23: 8 | Z23: =SUM(J23:Y23) -> 0 | AA23: =SUM(AC23:AF23) -> 0 | AC23: =IF($Z23<1,ROUND($Z23,1),0) -> 0 | AD23: =IF(AND($Z23>=1,$Z23<1000),ROUND($Z23,0),0) -> 0 | AE23: =IF($Z23>=1000,ROUND($Z23,-1),0) -> 0
F24: 15cm以下 | I24: 14 | Z24: =SUM(J24:Y24) -> 0 | AA24: =SUM(AC24:AF24) -> 0 | AC24: =IF($Z24<1,ROUND($Z24,1),0) -> 0 | AD24: =IF(AND($Z24>=1,$Z24<1000),ROUND($Z24,0),0) -> 0 | AE24: =IF($Z24>=1000,ROUND($Z24,-1),0) -> 0
F25: 15㎝超 | I25: 20 | Z25: =SUM(J25:Y25) -> 0 | AA25: =SUM(AC25:AF25) -> 0 | AC25: =IF($Z25<1,ROUND($Z25,1),0) -> 0 | AD25: =IF(AND($Z25>=1,$Z25<1000),ROUND($Z25,0),0) -> 0 | AE25: =IF($Z25>=1000,ROUND($Z25,-1),0) -> 0
C26: 機械 | E26: As ・ Co | F26: 10cm以下 | I26: 4 | Z26: =SUM(J26:Y26) -> 0 | AA26: =SUM(AD26:AF26) -> 0
I27: 5 | P27: 72.52 | Z27: =SUM(J27:Y27) -> 72.52 | AA27: =SUM(AD27:AF27) -> 0
I28: 10 | P28: 72.52 | Z28: =SUM(J28:Y28) -> 72.52 | AA28: =SUM(AD28:AF28) -> 0
Z29: =SUM(J29:Y29) -> 0 | AA29: =SUM(AD29:AF29) -> 0
I30: 計 | Z30: =SUM(Z26:Z29) -> 145.04 | AA30: =SUM(AC30:AF30) -> 145 | AC30: =IF($Z30<1,ROUND($Z30,1),0) -> 0 | AD30: =IF(AND($Z30>=1,$Z30<1000),ROUND($Z30,0),0) -> 145 | AE30: =IF($Z30>=1000,ROUND($Z30,-1),0) -> 0
I31: 4 | Q31: 2.04 | R31: 21.18 | Z31: =SUM(J31:Y31) -> 23.22 | AA31: =SUM(AD31:AF31) -> 0
I32: 5 | O32: 29.4 | R32: 24 | Z32: =SUM(J32:Y32) -> 53.4 | AA32: =SUM(AD32:AF32) -> 0
I33: 10 | Q33: 121.44 | R33: 487.14 | Z33: =SUM(J33:Y33) -> 608.58 | AA33: =SUM(AD33:AF33) -> 0
Z34: =SUM(J34:Y34) -> 0 | AA34: =SUM(AD34:AF34) -> 0
I35: 計 | Z35: =SUM(Z31:Z34) -> 685.2 | AA35: =SUM(AC35:AF35) -> 685 | AC35: =IF($Z35<1,ROUND($Z35,1),0) -> 0 | AD35: =IF(AND($Z35>=1,$Z35<1000),ROUND($Z35,0),0) -> 685 | AE35: =IF($Z35>=1000,ROUND($Z35,-1),0) -> 0
I36: 4 | T36: 13.46 | Z36: =SUM(J36:Y36) -> 13.46 | AA36: =SUM(AD36:AF36) -> 0
I37: 5 | T37: 8.8 | Z37: =SUM(J37:Y37) -> 8.8 | AA37: =SUM(AD37:AF37) -> 0
I38: 10 | T38: 801.76 | Z38: =SUM(J38:Y38) -> 801.76 | AA38: =SUM(AD38:AF38) -> 0
Z39: =SUM(J39:Y39) -> 0 | AA39: =SUM(AD39:AF39) -> 0
I40: 計 | Z40: =SUM(Z36:Z39) -> 824.02 | AA40: =SUM(AC40:AF40) -> 824 | AC40: =IF($Z40<1,ROUND($Z40,1),0) -> 0 | AD40: =IF(AND($Z40>=1,$Z40<1000),ROUND($Z40,0),0) -> 824 | AE40: =IF($Z40>=1000,ROUND($Z40,-1),0) -> 0
I41: 4 | Z41: =SUM(J41:Y41) -> 0 | AA41: =SUM(AD41:AF41) -> 0
I42: 5 | Z42: =SUM(J42:Y42) -> 0 | AA42: =SUM(AD42:AF42) -> 0
I43: 10 | Z43: =SUM(J43:Y43) -> 0 | AA43: =SUM(AD43:AF43) -> 0
Z44: =SUM(J44:Y44) -> 0 | AA44: =SUM(AD44:AF44) -> 0
I45: 計 | Z45: =SUM(Z41:Z44) -> 0 | AA45: =SUM(AC45:AF45) -> 0 | AC45: =IF($Z45<1,ROUND($Z45,1),0) -> 0 | AD45: =IF(AND($Z45>=1,$Z45<1000),ROUND($Z45,0),0) -> 0 | AE45: =IF($Z45>=1000,ROUND($Z45,-1),0) -> 0
I46: 4 | Z46: =SUM(J46:Y46) -> 0 | AA46: =SUM(AD46:AF46) -> 0
I47: 5 | Z47: =SUM(J47:Y47) -> 0 | AA47: =SUM(AD47:AF47) -> 0
I48: 10 | Z48: =SUM(J48:Y48) -> 0 | AA48: =SUM(AD48:AF48) -> 0
Z49: =SUM(J49:Y49) -> 0 | AA49: =SUM(AD49:AF49) -> 0
I50: 計 | Z50: =SUM(Z46:Z49) -> 0 | AA50: =SUM(AC50:AF50) -> 0 | AC50: =IF($Z50<1,ROUND($Z50,1),0) -> 0 | AD50: =IF(AND($Z50>=1,$Z50<1000),ROUND($Z50,0),0) -> 0 | AE50: =IF($Z50>=1000,ROUND($Z50,-1),0) -> 0
F51: 15cm以下 | I51: 15 | Z51: =SUM(J51:Y51) -> 0 | AA51: =SUM(AD51:AF51) -> 0
I52: 14 | Z52: =SUM(J52:Y52) -> 0 | AA52: =SUM(AD52:AF52) -> 0
I53: 計 | Z53: =SUM(Z51:Z52) -> 0 | AA53: =SUM(AC53:AF53) -> 0 | AC53: =IF($Z53<1,ROUND($Z53,1),0) -> 0 | AD53: =IF(AND($Z53>=1,$Z53<1000),ROUND($Z53,0),0) -> 0 | AE53: =IF($Z53>=1000,ROUND($Z53,-1),0) -> 0
I54: 15 | Z54: =SUM(J54:Y54) -> 0 | AA54: =SUM(AD54:AF54) -> 0
I55: 14 | Z55: =SUM(J55:Y55) -> 0 | AA55: =SUM(AD55:AF55) -> 0
I56: 計 | Z56: =SUM(Z54:Z55) -> 0 | AA56: =SUM(AC56:AF56) -> 0 | AC56: =IF($Z56<1,ROUND($Z56,1),0) -> 0 | AD56: =IF(AND($Z56>=1,$Z56<1000),ROUND($Z56,0),0) -> 0 | AE56: =IF($Z56>=1000,ROUND($Z56,-1),0) -> 0
I57: 15 | T57: 3.92 | Z57: =SUM(J57:Y57) -> 3.92 | AA57: =SUM(AD57:AF57) -> 0
I58: 14 | Z58: =SUM(J58:Y58) -> 0 | AA58: =SUM(AD58:AF58) -> 0
I59: 計 | Z59: =SUM(Z57:Z58) -> 3.92 | AA59: =SUM(AC59:AF59) -> 4 | AC59: =IF($Z59<1,ROUND($Z59,1),0) -> 0 | AD59: =IF(AND($Z59>=1,$Z59<1000),ROUND($Z59,0),0) -> 4 | AE59: =IF($Z59>=1000,ROUND($Z59,-1),0) -> 0
I60: 15 | Z60: =SUM(J60:Y60) -> 0 | AA60: =SUM(AD60:AF60) -> 0
I61: 14 | Z61: =SUM(J61:Y61) -> 0 | AA61: =SUM(AD61:AF61) -> 0
I62: 計 | Z62: =SUM(Z60:Z61) -> 0 | AA62: =SUM(AC62:AF62) -> 0 | AC62: =IF($Z62<1,ROUND($Z62,1),0) -> 0 | AD62: =IF(AND($Z62>=1,$Z62<1000),ROUND($Z62,0),0) -> 0 | AE62: =IF($Z62>=1000,ROUND($Z62,-1),0) -> 0
I63: 15 | Z63: =SUM(J63:Y63) -> 0 | AA63: =SUM(AD63:AF63) -> 0
I64: 14 | Z64: =SUM(J64:Y64) -> 0 | AA64: =SUM(AD64:AF64) -> 0
I65: 計 | Z65: =SUM(Z63:Z64) -> 0 | AA65: =SUM(AC65:AF65) -> 0 | AC65: =IF($Z65<1,ROUND($Z65,1),0) -> 0 | AD65: =IF(AND($Z65>=1,$Z65<1000),ROUND($Z65,0),0) -> 0 | AE65: =IF($Z65>=1000,ROUND($Z65,-1),0) -> 0
E66: As | F66: 15㎝超 | I66: 20 | Z66: =SUM(J66:Y66) -> 0 | AA66: =SUM(AC66:AF66) -> 0 | AC66: =IF($Z66<1,ROUND($Z66,1),0) -> 0 | AD66: =IF(AND($Z66>=1,$Z66<1000),ROUND($Z66,0),0) -> 0 | AE66: =IF($Z66>=1000,ROUND($Z66,-1),0) -> 0
E67: Co | F67: 15㎝超 | I67: 20 | Z67: =SUM(J67:Y67) -> 0 | AA67: =SUM(AC67:AF67) -> 0 | AC67: =IF($Z67<1,ROUND($Z67,1),0) -> 0 | AD67: =IF(AND($Z67>=1,$Z67<1000),ROUND($Z67,0),0) -> 0 | AE67: =IF($Z67>=1000,ROUND($Z67,-1),0) -> 0
B68: 構造物取り壊し | E68: 無筋Co | Z68: =SUM(J68:Y68) -> 0 | AA68: =SUM(AC68:AF68) -> 0 | AC68: =IF($Z68<1,ROUND($Z68,1),0) -> 0 | AD68: =IF($Z68>=1,ROUND($Z68,0),0) -> 0
E69: 鉄筋Co | Z69: =SUM(J69:Y69) -> 0 | AA69: =SUM(AC69:AF69) -> 0 | AC69: =IF($Z69<1,ROUND($Z69,1),0) -> 0 | AD69: =IF($Z69>=1,ROUND($Z69,0),0) -> 0
Z70: =SUM(J70:Y70) -> 0 | AA70: =SUM(AC70:AF70) -> 0 | AC70: =IF($Z70<1,ROUND($Z70,1),0) -> 0 | AD70: =IF($Z70>=1,ROUND($Z70,0),0) -> 0
B71: 数量総括表（土工事-2）
B72: 配 水 管 土 工 事
B74: =$B$6 -> 長田(花山町2丁目他)配水管取替工事
B75: 名 称 | E75: 摘 要 | J75: 試 掘 （PE50-300)新設 （PE50-PE75）取替 | K75: 試 掘 （200-300） 新設 | L75: 試 掘 （75-300） 取替・撤去 | M75: 試 掘 （400-500） | N75: 試 掘 （600以上） | O75: 給水2度 | P75: 仮配管 | Q75: 給水付替 | R75: 管工事 （PE50-300)新設 （PE50-PE75）取替 | S75: 管工事 （200-300） 新設 | T75: 管工事 （75-300） 取替・撤去 | U75: 管工事 （400-500） | V75: 管工事 （600以上） | W75: 舗 装 | X75: 付帯工 | Y75: 夜間 | Z75: 計 | AA75: 設計書 | AC75: 数値基準
AC76: 0.1 | AD76: 1 | AE76: 10 | AF76: 100
B77: 殻 運 搬 | C77: 殻運搬 （現場～ 仮置場） | E77: 舗装版破砕 | F77: 15㎝以下 | Z77: =SUM(J77:Y77) -> 0 | AA77: =SUM(AC77:AF77) -> 0 | AC77: =IF($Z77<1,ROUND($Z77,1),0) -> 0 | AD77: =IF($Z77>=1,ROUND($Z77,0),0) -> 0 | AH77: 舗装版破砕 | AI77: 15㎝以下 | AJ77: 4.2 | AK77: ㎞
F78: 15㎝以下 | Z78: =SUM(J78:Y78) -> 0 | AA78: =SUM(AC78:AF78) -> 0 | AC78: =IF($Z78<1,ROUND($Z78,1),0) -> 0 | AD78: =IF($Z78>=1,ROUND($Z78,0),0) -> 0 | AI78: 15㎝以下 | AJ78: 4.2 | AK78: ㎞
F79: 15㎝超 | Z79: =SUM(J79:Y79) -> 0 | AA79: =SUM(AC79:AF79) -> 0 | AC79: =IF($Z79<1,ROUND($Z79,1),0) -> 0 | AD79: =IF($Z79>=1,ROUND($Z79,0),0) -> 0 | AI79: 15㎝超 | AJ79: 4.2 | AK79: ㎞
E80: Co 取壊 | F80: 無筋 | Z80: =SUM(J80:Y80) -> 0 | AA80: =SUM(AC80:AF80) -> 0 | AC80: =IF($Z80<1,ROUND($Z80,1),0) -> 0 | AD80: =IF($Z80>=1,ROUND($Z80,0),0) -> 0 | AH80: Co構造物取壊し | AI80: 無筋 | AJ80: 4.2 | AK80: ㎞
F81: 鉄筋 | Z81: =SUM(J81:Y81) -> 0 | AA81: =SUM(AC81:AF81) -> 0 | AC81: =IF($Z81<1,ROUND($Z81,1),0) -> 0 | AD81: =IF($Z81>=1,ROUND($Z81,0),0) -> 0 | AI81: 鉄筋 | AJ81: 4.2 | AK81: ㎞
C82: 殻運搬 （現場～ 処分地） | E82: As ・ 車道 | F82: 人力 | H82: =AJ82 -> 0 | J82: 2.4 | L82: 0.88 | Z82: =SUM(J82:Y82) -> 3.28 | AA82: =SUM(AC82:AF82) -> 3 | AC82: =IF($Z82<1,ROUND($Z82,1),0) -> 0 | AD82: =IF($Z82>=1,ROUND($Z82,0),0) -> 3 | AH82: 舗装版破砕 As（車道） | AI82: 人力 | AK82: ㎞
F83: 15㎝以下 | H83: =AJ83 -> 0 | O83: 1.47 | P83: 10.88 | Q83: 11.96 | R83: 49.91 | T83: 81.2 | Z83: =SUM(J83:Y83) -> 155.42 | AA83: =SUM(AC83:AF83) -> 155 | AC83: =IF($Z83<1,ROUND($Z83,1),0) -> 0 | AD83: =IF($Z83>=1,ROUND($Z83,0),0) -> 155 | AI83: 15㎝以下 | AK83: ㎞
F84: 15㎝以下 | H84: =AJ84 -> 0 | Z84: =SUM(J84:Y84) -> 0 | AA84: =SUM(AC84:AF84) -> 0 | AC84: =IF($Z84<1,ROUND($Z84,1),0) -> 0 | AD84: =IF($Z84>=1,ROUND($Z84,0),0) -> 0 | AI84: 15㎝以下 | AK84: ㎞
F85: 15㎝超 | H85: =AJ85 -> 0 | Z85: =SUM(J85:Y85) -> 0 | AA85: =SUM(AC85:AF85) -> 0 | AC85: =IF($Z85<1,ROUND($Z85,1),0) -> 0 | AD85: =IF($Z85>=1,ROUND($Z85,0),0) -> 0 | AI85: 15㎝超 | AK85: ㎞
E86: As ・ 歩道 | F86: 人力 | H86: =AJ86 -> 0 | J86: 0.05 | L86: 0.03 | Z86: =SUM(J86:Y86) -> 0.08 | AA86: =SUM(AC86:AF86) -> 0.1 | AC86: =IF($Z86<1,ROUND($Z86,1),0) -> 0.1 | AD86: =IF($Z86>=1,ROUND($Z86,0),0) -> 0 | AH86: 舗装版破砕 As（歩道） | AI86: 人力 | AK86: ㎞
F87: 15㎝以下 | H87: =AJ87 -> 0 | Q87: 0.26 | R87: 0.85 | T87: 0.54 | Z87: =SUM(J87:Y87) -> 1.65 | AA87: =SUM(AC87:AF87) -> 2 | AC87: =IF($Z87<1,ROUND($Z87,1),0) -> 0 | AD87: =IF($Z87>=1,ROUND($Z87,0),0) -> 2 | AI87: 15㎝以下 | AK87: ㎞
F88: 15㎝以下 | H88: =AJ88 -> 0 | Z88: =SUM(J88:Y88) -> 0 | AA88: =SUM(AC88:AF88) -> 0 | AC88: =IF($Z88<1,ROUND($Z88,1),0) -> 0 | AD88: =IF($Z88>=1,ROUND($Z88,0),0) -> 0 | AI88: 15㎝以下 | AK88: ㎞
F89: 15㎝超 | H89: =AJ89 -> 0 | Z89: =SUM(J89:Y89) -> 0 | AA89: =SUM(AC89:AF89) -> 0 | AC89: =IF($Z89<1,ROUND($Z89,1),0) -> 0 | AD89: =IF($Z89>=1,ROUND($Z89,0),0) -> 0 | AI89: 15㎝超 | AK89: ㎞
E90: Co ・ 舗装 | F90: 人力 | H90: =AJ90 -> 0 | Z90: =SUM(J90:Y90) -> 0 | AA90: =SUM(AC90:AF90) -> 0 | AC90: =IF($Z90<1,ROUND($Z90,1),0) -> 0 | AD90: =IF($Z90>=1,ROUND($Z90,0),0) -> 0 | AH90: 舗装版破砕 Co | AI90: 人力 | AK90: ㎞
F91: 15㎝以下 | H91: =AJ91 -> 0 | Z91: =SUM(J91:Y91) -> 0 | AA91: =SUM(AC91:AF91) -> 0 | AC91: =IF($Z91<1,ROUND($Z91,1),0) -> 0 | AD91: =IF($Z91>=1,ROUND($Z91,0),0) -> 0 | AI91: 15㎝以下 | AK91: ㎞
F92: 15㎝以下 | H92: =AJ92 -> 0 | Z92: =SUM(J92:Y92) -> 0 | AA92: =SUM(AC92:AF92) -> 0 | AC92: =IF($Z92<1,ROUND($Z92,1),0) -> 0 | AD92: =IF($Z92>=1,ROUND($Z92,0),0) -> 0 | AI92: 15㎝以下 | AK92: ㎞
F93: 15㎝超 | H93: =AJ93 -> 0 | Z93: =SUM(J93:Y93) -> 0 | AA93: =SUM(AC93:AF93) -> 0 | AC93: =IF($Z93<1,ROUND($Z93,1),0) -> 0 | AD93: =IF($Z93>=1,ROUND($Z93,0),0) -> 0 | AI93: 15㎝超 | AK93: ㎞
E94: Co ・ 取壊 | F94: 無筋 | H94: =AJ94 -> 0 | Z94: =SUM(J94:Y94) -> 0 | AA94: =SUM(AC94:AF94) -> 0 | AC94: =IF($Z94<1,ROUND($Z94,1),0) -> 0 | AD94: =IF($Z94>=1,ROUND($Z94,0),0) -> 0 | AH94: Co構造物取壊し | AI94: 無筋 | AK94: ㎞
F95: 鉄筋 | H95: =AJ95 -> 0 | Z95: =SUM(J95:Y95) -> 0 | AA95: =SUM(AC95:AF95) -> 0 | AC95: =IF($Z95<1,ROUND($Z95,1),0) -> 0 | AD95: =IF($Z95>=1,ROUND($Z95,0),0) -> 0 | AI95: 鉄筋 | AK95: ㎞
C96: 積込み | E96: As（仮置土） | G96: 機械 | H96: 積込 | Z96: =SUM(J96:Y96) -> 0 | AA96: =SUM(AC96:AF96) -> 0 | AC96: =IF($Z96<1,ROUND($Z96,1),0) -> 0 | AD96: =IF($Z96>=1,ROUND($Z96,0),0) -> 0
E97: Co（仮置土） | G97: 機械 | H97: 積込 | Z97: =SUM(J97:Y97) -> 0 | AA97: =SUM(AC97:AF97) -> 0 | AC97: =IF($Z97<1,ROUND($Z97,1),0) -> 0 | AD97: =IF($Z97>=1,ROUND($Z97,0),0) -> 0
E98: 鉄筋Co（仮置土） | G98: 機械 | H98: 積込 | Z98: =SUM(J98:Y98) -> 0 | AA98: =SUM(AC98:AF98) -> 0 | AC98: =IF($Z98<1,ROUND($Z98,1),0) -> 0 | AD98: =IF($Z98>=1,ROUND($Z98,0),0) -> 0
C99: 殻運搬 （仮置場～ 処分地） | E99: As（車道） | H99: =AJ99 -> 0 | Z99: =SUM(J99:Y99) -> 0 | AA99: =SUM(AC99:AF99) -> 0 | AC99: =IF($Z99<1,ROUND($Z99,1),0) -> 0 | AD99: =IF($Z99>=1,ROUND($Z99,0),0) -> 0 | AH99: As（車道） | AI99: 15㎝超 | AK99: ㎞
E100: As（歩道） | H100: =AJ100 -> 0 | Z100: =SUM(J100:Y100) -> 0 | AA100: =SUM(AC100:AF100) -> 0 | AC100: =IF($Z100<1,ROUND($Z100,1),0) -> 0 | AD100: =IF($Z100>=1,ROUND($Z100,0),0) -> 0 | AH100: As（歩道） | AI100: 15㎝超
E101: Co（舗装） | H101: =AJ101 -> 0 | Z101: =SUM(J101:Y101) -> 0 | AA101: =SUM(AC101:AF101) -> 0 | AC101: =IF($Z101<1,ROUND($Z101,1),0) -> 0 | AD101: =IF($Z101>=1,ROUND($Z101,0),0) -> 0 | AH101: Co（舗装） | AI101: 15㎝超 | AK101: ㎞
E102: Co（構造物） | H102: =AJ102 -> 0 | Z102: =SUM(J102:Y102) -> 0 | AA102: =SUM(AC102:AF102) -> 0 | AC102: =IF($Z102<1,ROUND($Z102,1),0) -> 0 | AD102: =IF($Z102>=1,ROUND($Z102,0),0) -> 0 | AH102: Co（構造物） | AI102: 機械 | AK102: ㎞
...

Sheet 総括表（管工事）
B2: 数量総括表（管工事-1）
B3: 配 水 管 管 工 事
B5: ='総括表（土工事）'!$B$6:$AA$6 -> 長田(花山町2丁目他)配水管取替工事
B6: 名 称 | C6: 摘 要 | D6: 管工事 | E6: 備 考 | F6: 名 称 | G6: 摘 要 | J6: 管工事 | K6: 備 考
B7: 鋳鉄管据付 | C7: 75 | D7: 14.6 | E7: 給水 | F7: メカニカル継手 | G7: 75
C8: 100 | D8: 227.6 | G8: 100
C9: 150 | D9: 413.1 | G9: 150
C10: 200 | D10: 2.3 | G10: 200
C11: 300 | D11: 370.3 | G11: 300
C12: 400 | G12: 400
C13: 500 | G13: 500
C14: 600 | G14: 600
C15: 700 | G15: 700
C16: 800 | G16: 800 | I16: 800
C17: 900 | G17: 900 | I17: 900
B18: 鋼管据付 | C18: 75 | F18: 特殊メカニカル継手 | G18: 75
C19: 100 | G19: 100
C20: 150 | G20: 150 | J20: 3
C21: 200 | G21: 200 | J21: 2
C22: 300 | G22: 300 | J22: 8
C23: 400 | G23: 400
C24: 500 | G24: 500
C25: 600 | G25: 600
C26: 700 | G26: 700
C27: 800 | G27: 800 | I27: 800
C28: 900 | G28: 900 | I28: 900
B29: 鋳鉄管撤去 | C29: 75 | D29: 14.6 | F29: GX継手 （直部） | G29: 75 | J29: 4
C30: 100 | D30: 41 | G30: 100 | J30: 56
C31: 150 | D31: 243.5 | G31: 150 | J31: 84
C32: 200 | D32: 353.7 | G32: 200
C33: 300 | D33: 371 | G33: 300 | J33: 65
C34: 400 | G34: 400
C35: 500 | F35: GX継手 （異形部） | G35: 75 | J35: 14
C36: 600 | G36: 100 | J36: 49
C37: 700 | G37: 150 | J37: 59
C38: 800 | G38: 200
C39: 900 | G39: 300 | J39: 55
B40: 鋼管撤去 | C40: 75 | G40: 400
C41: 100 | F41: GX継手 （特殊押輪部） | G41: 75 | J41: 8
C42: 150 | G42: 100
C43: 200 | G43: 150
C44: 300 | G44: 200
C45: 400 | G45: 300 | J45: 6
C46: 500 | F46: G-Link | G46: 75
C47: 600 | G47: 100
C48: 700 | G48: 150
C49: 800 | G49: 200
C50: 900 | G50: 300
B51: ポリエチレン管据付 | C51: 50 | F51: フランジ継手 | G51: 75 | J51: 6 | K51: 既設管連絡部・割丁字管部
C52: 75 | G52: 100
B53: ポリエチレン管 EF継手(1口) | C53: 50 | G53: 150 | J53: 1 | K53: 既設管連絡部
C54: 75 | G54: 200
B55: ポリエチレン管 EF継手(2口) | C55: 50 | G55: 300 | J55: 2 | K55: 既設管連絡部
C56: 75 | G56: 400
B57: 塩化ビニル管据付 | C57: φ75 | G57: 500
B58: 塩化ビニル管継手 | C58: 50 | G58: 600
C59: 75 | G59: 700
B60: 特殊タイトン | C60: φ75 | G60: 800
C61: φ100 | G61: 900 | I61: 800
C62: φ150 | D62: 8
C63: φ200 | D63: 3
B67: 数量総括表（管工事-2）
B68: 配 水 管 管 工 事
B70: ='総括表（土工事）'!$B$6:$AA$6 -> 長田(花山町2丁目他)配水管取替工事
B71: 名 称 | C71: 摘 要 | D71: 管工事 | E71: 備 考 | F71: 名 称 | G71: 摘 要 | J71: 管工事 | K71: 備 考
B72: タイトン 取外し | C72: φ75 | F72: フランジ継手 取外し | G72: 75 | J72: 2
C73: φ100 | G73: 100
C74: φ150 | G74: 150 | J74: 1
C75: φ200 | G75: 200
B76: 特殊タイトン 取外し | C76: φ75 | G76: 300 | J76: 2
C77: φ100 | G77: 400
C78: φ150 | G78: 500
C79: φ200 | G79: 600
B80: メカニカル継手 取外し | C80: 75 | G80: 700
C81: 100 | G81: 800 | I81: 800
C82: 150 | G82: 900 | I82: 900
C83: 200 | F83: 鋳鉄管切断 （新 管） | G83: 75 | J83: 10
C84: 300 | G84: 100 | J84: 29
C85: 400 | G85: 150 | J85: 37
C86: 500 | G86: 200
C87: 600 | G87: 300 | J87: 37
C88: 700 | G88: 400
C89: 800 | F89: 鋳鉄管切断 （新管Ｔ・Ｋ） | G89: 75
C90: 900 | G90: 100
B91: 特殊メカニカル 継手取外し | C91: 75 | G91: 150 | J91: 4
C92: 100 | G92: 200 | J92: 2
C93: 150 | G93: 300 | J93: 3
C94: 200 | G94: 400
C95: 300 | G95: 500
C96: 400 | G96: 600
C97: 500 | G97: 700
C98: 600 | G98: 800 | I98: 800
C99: 700 | G99: 900 | I99: 900
C100: 800 | F100: 鋳鉄管切断 （撤去管） FC | G100: 75
C101: 900 | G101: 100
B102: GX継手 取外し （直部） | C102: φ75 | G102: 150
C103: φ100 | G103: 200
C104: φ150 | G104: 300
C105: φ200 | G105: 400
B106: GX継手 取外し （異形部） | C106: φ75 | G106: 500
...

Sheet 総括表（舗装工事）
B1: 数量総括表（舗装工事-1）
B2: 舗装復旧工事・舗装工事
B4: ='総括表（土工事）'!$B$6:$AA$6 -> 長田(花山町2丁目他)配水管取替工事
B5: 名 称 | D5: 摘 要 | I5: 舗装本復旧 | J5: その他 | K5: 計 | L5: 設計書 | O5: 数値基準
O6: 0.1 | P6: 1 | Q6: 10 | R6: 100
B7: 舗装版切断 (舗装工事) | D7: As | E7: t≦15㎝ | I7: 563.2 | K7: =SUM(I7:J7) -> 563.2 | L7: =SUM(O7:R7) -> 560 | O7: =IF($K7<1,ROUND($K7,1),0) -> 0 | P7: =IF(AND($K7>=1,$K7<100),ROUND($K7,0),0) -> 0 | Q7: =IF($K7>=100,ROUND($K7,-1),0) -> 560
E8: 15㎝<t≦30㎝ | K8: =SUM(I8:J8) -> 0 | L8: =SUM(O8:R8) -> 0 | O8: =IF($K8<1,ROUND($K8,1),0) -> 0 | P8: =IF(AND($K8>=1,$K8<100),ROUND($K8,0),0) -> 0 | Q8: =IF($K8>=100,ROUND($K8,-1),0) -> 0
D9: Co | E9: t≦15㎝ | K9: =SUM(I9:J9) -> 0 | L9: =SUM(O9:R9) -> 0 | O9: =IF($K9<1,ROUND($K9,1),0) -> 0 | P9: =IF(AND($K9>=1,$K9<100),ROUND($K9,0),0) -> 0 | Q9: =IF($K9>=100,ROUND($K9,-1),0) -> 0
E10: 15㎝<t≦30㎝ | K10: =SUM(I10:J10) -> 0 | L10: =SUM(O10:R10) -> 0 | O10: =IF($K10<1,ROUND($K10,1),0) -> 0 | P10: =IF(AND($K10>=1,$K10<100),ROUND($K10,0),0) -> 0 | Q10: =IF($K10>=100,ROUND($K10,-1),0) -> 0
B11: 舗 装 版 破 砕 （ 舗 装 工 事 ） | C11: 人力 | D11: As | E11: 4㎝以下 | H11: 4 | K11: =SUM(I11:J11) -> 0 | L11: =SUM(O11:R11) -> 0 | O11: =IF($K11<1,ROUND($K11,1),0) -> 0 | P11: =IF(AND($K11>=1,$K11<1000),ROUND($K11,0),0) -> 0 | Q11: =IF($K11>=1000,ROUND($K11,-1),0) -> 0
E12: 10㎝以下 | H12: 5 | K12: =SUM(I12:J12) -> 0 | L12: =SUM(P12:R12) -> 0
H13: 10 | K13: =SUM(I13:J13) -> 0 | L13: =SUM(P13:R13) -> 0
K14: =SUM(I14:J14) -> 0 | L14: =SUM(P14:R14) -> 0
H15: 計 | K15: =SUM(K12:K14) -> 0 | L15: =SUM(O15:R15) -> 0 | O15: =IF($K15<1,ROUND($K15,1),0) -> 0 | P15: =IF(AND($K15>=1,$K15<1000),ROUND($K15,0),0) -> 0 | Q15: =IF($K15>=1000,ROUND($K15,-1),0) -> 0
E16: 15㎝以下 | H16: 15 | K16: =SUM(I16:J16) -> 0 | L16: =SUM(P16:R16) -> 0
H17: 14 | K17: =SUM(I17:J17) -> 0 | L17: =SUM(P17:R17) -> 0
H18: 計 | K18: =SUM(K16:K17) -> 0 | L18: =SUM(O18:R18) -> 0 | O18: =IF($K18<1,ROUND($K18,1),0) -> 0 | P18: =IF(AND($K18>=1,$K18<1000),ROUND($K18,0),0) -> 0 | Q18: =IF($K18>=1000,ROUND($K18,-1),0) -> 0
E19: 15㎝超 | H19: 20 | K19: =SUM(I19:J19) -> 0 | L19: =SUM(O19:R19) -> 0 | O19: =IF($K19<1,ROUND($K19,1),0) -> 0 | P19: =IF(AND($K19>=1,$K19<1000),ROUND($K19,0),0) -> 0 | Q19: =IF($K19>=1000,ROUND($K19,-1),0) -> 0
D20: Co | E20: 4㎝以下 | H20: 4 | K20: =SUM(I20:J20) -> 0 | L20: =SUM(O20:R20) -> 0 | O20: =IF($K20<1,ROUND($K20,1),0) -> 0 | P20: =IF(AND($K20>=1,$K20<1000),ROUND($K20,0),0) -> 0 | Q20: =IF($K20>=1000,ROUND($K20,-1),0) -> 0
E21: 10㎝以下 | H21: 8 | K21: =SUM(I21:J21) -> 0 | L21: =SUM(O21:R21) -> 0 | O21: =IF($K21<1,ROUND($K21,1),0) -> 0 | P21: =IF(AND($K21>=1,$K21<1000),ROUND($K21,0),0) -> 0 | Q21: =IF($K21>=1000,ROUND($K21,-1),0) -> 0
E22: 15㎝以下 | H22: 14 | K22: =SUM(I22:J22) -> 0 | L22: =SUM(O22:R22) -> 0 | O22: =IF($K22<1,ROUND($K22,1),0) -> 0 | P22: =IF(AND($K22>=1,$K22<1000),ROUND($K22,0),0) -> 0 | Q22: =IF($K22>=1000,ROUND($K22,-1),0) -> 0
E23: 15㎝超 | H23: 20 | K23: =SUM(I23:J23) -> 0 | L23: =SUM(O23:R23) -> 0 | O23: =IF($K23<1,ROUND($K23,1),0) -> 0 | P23: =IF(AND($K23>=1,$K23<1000),ROUND($K23,0),0) -> 0 | Q23: =IF($K23>=1000,ROUND($K23,-1),0) -> 0
C24: 機械 | D24: As | E24: 15㎝以下 | H24: 4 | I24: 184.7 | K24: =SUM(I24:J24) -> 184.7 | L24: =SUM(P24:R24) -> 0
H25: 5 | I25: 1515.66 | K25: =SUM(I25:J25) -> 1515.66 | L25: =SUM(P25:R25) -> 0
H26: 10 | I26: 2735.46 | K26: =SUM(I26:J26) -> 2735.46 | L26: =SUM(P26:R26) -> 0
H27: 14 | K27: =SUM(I27:J27) -> 0 | L27: =SUM(P27:R27) -> 0
H28: 15 | I28: 40.38 | K28: =SUM(I28:J28) -> 40.38
K29: =SUM(I29:J29) -> 0 | L29: =SUM(P29:R29) -> 0
K30: =SUM(I30:J30) -> 0 | L30: =SUM(P30:R30) -> 0
H31: 計 | K31: =SUM(K24:K30) -> 4476.2 | L31: =SUM(O31:R31) -> 4480 | O31: =IF($K31<1,ROUND($K31,1),0) -> 0 | P31: =IF(AND($K31>=1,$K31<1000),ROUND($K31,0),0) -> 0 | Q31: =IF($K31>=1000,ROUND($K31,-1),0) -> 4480
E32: 15㎝超 | H32: 20 | K32: =SUM(I32:J32) -> 0 | L32: =SUM(O32:R32) -> 0 | O32: =IF($K32<1,ROUND($K32,1),0) -> 0 | P32: =IF(AND($K32>=1,$K32<1000),ROUND($K32,0),0) -> 0 | Q32: =IF($K32>=1000,ROUND($K32,-1),0) -> 0
D33: Co | E33: 10㎝以下 | H33: 8 | K33: =SUM(I33:J33) -> 0 | L33: =SUM(O33:R33) -> 0 | O33: =IF($K33<1,ROUND($K33,1),0) -> 0 | P33: =IF(AND($K33>=1,$K33<1000),ROUND($K33,0),0) -> 0 | Q33: =IF($K33>=1000,ROUND($K33,-1),0) -> 0
E34: 15㎝以下 | H34: 14 | I34: 8.1 | K34: =SUM(I34:J34) -> 8.1 | L34: =SUM(O34:R34) -> 8 | O34: =IF($K34<1,ROUND($K34,1),0) -> 0 | P34: =IF(AND($K34>=1,$K34<1000),ROUND($K34,0),0) -> 8 | Q34: =IF($K34>=1000,ROUND($K34,-1),0) -> 0
E35: 15㎝超 | H35: 20 | K35: =SUM(I35:J35) -> 0 | L35: =SUM(O35:R35) -> 0 | O35: =IF($K35<1,ROUND($K35,1),0) -> 0 | P35: =IF(AND($K35>=1,$K35<1000),ROUND($K35,0),0) -> 0 | Q35: =IF($K35>=1000,ROUND($K35,-1),0) -> 0
B36: 路面切削工 | D36: 路面切削工 | G36: 5 | K36: =SUM(I36:J36) -> 0 | L36: =SUM(O36:R36) -> 0 | O36: =IF($K36<1,ROUND($K36,1),0) -> 0 | P36: =IF(AND($K36>=1,$K36<1000),ROUND($K36,0),0) -> 0 | Q36: =IF($K36>=1000,ROUND($K36,-1),0) -> 0
D37: 切削ｵｰﾊﾞｰﾚｲ | G37: 5 | K37: =SUM(I37:J37) -> 0 | L37: =SUM(O37:R37) -> 0 | O37: =IF($K37<1,ROUND($K37,1),0) -> 0 | P37: =IF(AND($K37>=1,$K37<1000),ROUND($K37,0),0) -> 0 | Q37: =IF($K37>=1000,ROUND($K37,-1),0) -> 0
B38: Co構造物取壊し工 | D38: 無筋Co | J38: 2.49 | K38: =SUM(I38:J38) -> 2.49 | L38: =SUM(O38:R38) -> 2 | O38: =IF($K38<1,ROUND($K38,1),0) -> 0 | P38: =IF($K38>=1,ROUND($K38,0),0) -> 2
D39: 鉄筋Co | K39: =SUM(I39:J39) -> 0 | L39: =SUM(O39:R39) -> 0 | O39: =IF($K39<1,ROUND($K39,1),0) -> 0 | P39: =IF($K39>=1,ROUND($K39,0),0) -> 0
B40: 殻 運 搬 | C40: 殻運搬 （現場～仮置場） | D40: 舗装版 破砕 | E40: 15㎝以下 | G40: =V40 -> 4.2 | K40: =SUM(I40:J40) -> 0 | L40: =SUM(O40:R40) -> 0 | O40: =IF($K40<1,ROUND($K40,1),0) -> 0 | P40: =IF($K40>=1,ROUND($K40,0),0) -> 0 | T40: 舗装版破砕工 | U40: 15㎝以下 | V40: 4.2 | W40: ㎞
E41: 15㎝超 | G41: =V41 -> 4.2 | K41: =SUM(I41:J41) -> 0 | L41: =SUM(O41:R41) -> 0 | O41: =IF($K41<1,ROUND($K41,1),0) -> 0 | P41: =IF($K41>=1,ROUND($K41,0),0) -> 0 | U41: 15㎝超 | V41: 4.2 | W41: ㎞
D42: Co取壊 | E42: 無筋 | G42: 4.2 | K42: =SUM(I42:J42) -> 0 | L42: =SUM(O42:R42) -> 0 | O42: =IF($K42<1,ROUND($K42,1),0) -> 0 | P42: =IF($K42>=1,ROUND($K42,0),0) -> 0 | T42: Co構造物取壊し | U42: 無筋 | V42: 4.2 | W42: km
E43: 鉄筋 | G43: =V43 -> 4.2 | K43: =SUM(I43:J43) -> 0 | L43: =SUM(O43:R43) -> 0 | O43: =IF($K43<1,ROUND($K43,1),0) -> 0 | P43: =IF($K43>=1,ROUND($K43,0),0) -> 0 | U43: 鉄筋 | V43: 4.2 | W43: ㎞
C44: 殻運搬 （現場～処分地） | D44: As ・ 車道 | E44: 15㎝以下 | G44: =V44 -> 0 | I44: 353.91 | K44: =SUM(I44:J44) -> 353.91 | L44: =SUM(O44:R44) -> 354 | O44: =IF($K44<1,ROUND($K44,1),0) -> 0 | P44: =IF($K44>=1,ROUND($K44,0),0) -> 354 | T44: 舗装版破砕工 （As・車道） | U44: 15㎝以下 | W44: ㎞
E45: 15㎝超 | G45: =V45 -> 0 | K45: =SUM(I45:J45) -> 0 | L45: =SUM(O45:R45) -> 0 | O45: =IF($K45<1,ROUND($K45,1),0) -> 0 | P45: =IF($K45>=1,ROUND($K45,0),0) -> 0 | U45: 15㎝超 | W45: ㎞
D46: As ・ 歩道 | E46: 15㎝以下 | G46: =V46 -> 0 | I46: 8.86 | K46: =SUM(I46:J46) -> 8.86 | L46: =SUM(O46:R46) -> 9 | O46: =IF($K46<1,ROUND($K46,1),0) -> 0 | P46: =IF($K46>=1,ROUND($K46,0),0) -> 9 | T46: 舗装版破砕工 （As・歩道） | U46: 15㎝以下 | W46: ㎞
E47: 15㎝超 | G47: =V47 -> 0 | K47: =SUM(I47:J47) -> 0 | L47: =SUM(O47:R47) -> 0 | O47: =IF($K47<1,ROUND($K47,1),0) -> 0 | P47: =IF($K47>=1,ROUND($K47,0),0) -> 0 | U47: 15㎝超 | W47: ㎞
D48: Co ・ 舗装 | E48: 15㎝以下 | G48: =V48 -> 0 | I48: 1.13 | K48: =SUM(I48:J48) -> 1.13 | L48: =SUM(O48:R48) -> 1 | O48: =IF($K48<1,ROUND($K48,1),0) -> 0 | P48: =IF($K48>=1,ROUND($K48,0),0) -> 1 | T48: 舗装版破砕工 （Co） | U48: 15㎝以下 | W48: ㎞
E49: 15㎝超 | G49: =V49 -> 0 | K49: =SUM(I49:J49) -> 0 | L49: =SUM(O49:R49) -> 0 | O49: =IF($K49<1,ROUND($K49,1),0) -> 0 | P49: =IF($K49>=1,ROUND($K49,0),0) -> 0 | U49: 15㎝超 | W49: ㎞
D50: Co ・ 取壊 | E50: 無筋 | G50: =V50 -> 0 | J50: 2.49 | K50: =SUM(I50:J50) -> 2.49 | L50: =SUM(O50:R50) -> 2 | O50: =IF($K50<1,ROUND($K50,1),0) -> 0 | P50: =IF($K50>=1,ROUND($K50,0),0) -> 2 | T50: Co構造物取壊し | U50: 無筋 | W50: ㎞
E51: 鉄筋 | G51: =V51 -> 0 | K51: =SUM(I51:J51) -> 0 | L51: =SUM(O51:R51) -> 0 | O51: =IF($K51<1,ROUND($K51,1),0) -> 0 | P51: =IF($K51>=1,ROUND($K51,0),0) -> 0 | U51: 鉄筋 | W51: ㎞
C52: 積込み | D52: As（仮置土） | F52: 機械 | G52: 積込 | K52: =SUM(I52:J52) -> 0 | L52: =SUM(O52:R52) -> 0 | O52: =IF($K52<1,ROUND($K52,1),0) -> 0 | P52: =IF($K52>=1,ROUND($K52,0),0) -> 0
D53: Co（仮置土） | F53: 機械 | G53: 積込 | K53: =SUM(I53:J53) -> 0 | L53: =SUM(O53:R53) -> 0 | O53: =IF($K53<1,ROUND($K53,1),0) -> 0 | P53: =IF($K53>=1,ROUND($K53,0),0) -> 0
D54: 鉄筋Co（仮置土） | F54: 機械 | G54: 積込 | K54: =SUM(I54:J54) -> 0 | L54: =SUM(O54:R54) -> 0 | O54: =IF($K54<1,ROUND($K54,1),0) -> 0 | P54: =IF($K54>=1,ROUND($K54,0),0) -> 0
C55: 殻運搬 （仮置場～処分地） | D55: As（車道） | G55: =V55 -> 0 | K55: =SUM(I55:J55) -> 0 | L55: =SUM(O55:R55) -> 0 | O55: =IF($K55<1,ROUND($K55,1),0) -> 0 | P55: =IF($K55>=1,ROUND($K55,0),0) -> 0 | U55: 15㎝超 | W55: ㎞
D56: As（歩道） | G56: =V56 -> 0 | K56: =SUM(I56:J56) -> 0 | L56: =SUM(O56:R56) -> 0 | O56: =IF($K56<1,ROUND($K56,1),0) -> 0 | P56: =IF($K56>=1,ROUND($K56,0),0) -> 0 | U56: 15㎝超 | W56: ㎞
D57: Co（舗装） | G57: =V57 -> 0 | K57: =SUM(I57:J57) -> 0 | L57: =SUM(O57:R57) -> 0 | O57: =IF($K57<1,ROUND($K57,1),0) -> 0 | P57: =IF($K57>=1,ROUND($K57,0),0) -> 0 | U57: 15㎝超 | W57: ㎞
D58: Co（構造物） | G58: =V58 -> 0 | K58: =SUM(I58:J58) -> 0 | L58: =SUM(O58:R58) -> 0 | O58: =IF($K58<1,ROUND($K58,1),0) -> 0 | P58: =IF($K58>=1,ROUND($K58,0),0) -> 0 | U58: 機械 | W58: ㎞
B59: 切削廃材処理 | D59: 切削廃材処分 | H59: 5 | I59: =I37*H59/100 -> 0 | K59: =SUM(I59:J59) -> 0 | L59: =SUM(O59:R59) -> 0 | P59: =IF($K59<1000,ROUND($K59,0),0) -> 0 | Q59: =IF($K59>=1000,ROUND($K59,-1),0) -> 0
B60: (廃路盤材) 路盤掘削 | C60: すき取り・積込み | D60: 廃路盤材 | F60: 人力 | K60: =SUM(I60:J60) -> 0 | L60: =SUM(O60:R60) -> 0 | O60: =IF($K60<1,ROUND($K60,1),0) -> 0 | P60: =IF(AND($K60>=1,$K60<10),ROUND($K60,0),0) -> 0 | Q60: =IF(AND($K60>=10,$K60<1000),ROUND($K60,-1),0) -> 0 | R60: =IF($K60>=1000,ROUND($K60,-2),0) -> 0
D61: 廃路盤材 | F61: 機械 | K61: =SUM(I61:J61) -> 0 | L61: =SUM(O61:R61) -> 0 | O61: =IF($K61<1,ROUND($K61,1),0) -> 0 | P61: =IF(AND($K61>=1,$K61<10),ROUND($K61,0),0) -> 0 | Q61: =IF(AND($K61>=10,$K61<1000),ROUND($K61,-1),0) -> 0 | R61: =IF($K61>=1000,ROUND($K61,-2),0) -> 0
D62: 廃路盤材 | F62: 機械 | I62: 15.58 | K62: =SUM(I62:J62) -> 15.58 | L62: =SUM(O62:R62) -> 20 | O62: =IF($K62<1,ROUND($K62,1),0) -> 0 | P62: =IF(AND($K62>=1,$K62<10),ROUND($K62,0),0) -> 0 | Q62: =IF(AND($K62>=10,$K62<1000),ROUND($K62,-1),0) -> 20 | R62: =IF($K62>=1000,ROUND($K62,-2),0) -> 0
D63: 廃路盤材 | F63: 機械 | I63: 213.8 | K63: =SUM(I63:J63) -> 213.8 | L63: =SUM(O63:R63) -> 210 | O63: =IF($K63<1,ROUND($K63,1),0) -> 0 | P63: =IF(AND($K63>=1,$K63<10),ROUND($K63,0),0) -> 0 | Q63: =IF(AND($K63>=10,$K63<1000),ROUND($K63,-1),0) -> 210 | R63: =IF($K63>=1000,ROUND($K63,-2),0) -> 0
C64: 土砂運搬 （現場～仮置場） | D64: =T64 -> 廃路盤材 | F64: 人力 | G64: =V64 -> 4.2 | K64: =SUM(I64:J64) -> 0 | L64: =SUM(O64:R64) -> 0 | O64: =IF($K64<1,ROUND($K64,1),0) -> 0 | P64: =IF(AND($K64>=1,$K64<10),ROUND($K64,0),0) -> 0 | Q64: =IF($K64>=10,ROUND($K64,-1),0) -> 0 | T64: 廃路盤材 | U64: 人力 | V64: 4.2 | W64: ㎞
D65: =T65 -> 廃路盤材 | F65: 機械 | G65: =V65 -> 4.2 | K65: =SUM(I65:J65) -> 0 | L65: =SUM(O65:R65) -> 0 | O65: =IF($K65<1,ROUND($K65,1),0) -> 0 | P65: =IF(AND($K65>=1,$K65<10),ROUND($K65,0),0) -> 0 | Q65: =IF($K65>=10,ROUND($K65,-1),0) -> 0 | T65: 廃路盤材 | U65: 0.35 | V65: 4.2 | W65: ㎞
D66: =T66 -> 廃路盤材 | F66: 機械 | G66: =V66 -> 4.2 | K66: =SUM(I66:J66) -> 0 | L66: =SUM(O66:R66) -> 0 | O66: =IF($K66<1,ROUND($K66,1),0) -> 0 | P66: =IF(AND($K66>=1,$K66<10),ROUND($K66,0),0) -> 0 | Q66: =IF($K66>=10,ROUND($K66,-1),0) -> 0 | T66: 廃路盤材 | U66: 0.6 | V66: 4.2 | W66: ㎞
B67: (土砂) 路盤掘削 | C67: すき取り・積込み | D67: 砂質土 | F67: 人力 | K67: =SUM(I67:J67) -> 0 | L67: =SUM(O67:R67) -> 0 | O67: =IF($K67<1,ROUND($K67,1),0) -> 0 | P67: =IF(AND($K67>=1,$K67<10),ROUND($K67,0),0) -> 0 | Q67: =IF(AND($K67>=10,$K67<1000),ROUND($K67,-1),0) -> 0 | R67: =IF($K67>=1000,ROUND($K67,-2),0) -> 0
D68: 砂質土 | F68: 機械 | K68: =SUM(I68:J68) -> 0 | L68: =SUM(O68:R68) -> 0 | O68: =IF($K68<1,ROUND($K68,1),0) -> 0 | P68: =IF(AND($K68>=1,$K68<10),ROUND($K68,0),0) -> 0 | Q68: =IF(AND($K68>=10,$K68<1000),ROUND($K68,-1),0) -> 0 | R68: =IF($K68>=1000,ROUND($K68,-2),0) -> 0
D69: 砂質土 | F69: 機械 | I69: 12.9 | K69: =SUM(I69:J69) -> 12.9 | L69: =SUM(O69:R69) -> 10 | O69: =IF($K69<1,ROUND($K69,1),0) -> 0 | P69: =IF(AND($K69>=1,$K69<10),ROUND($K69,0),0) -> 0 | Q69: =IF(AND($K69>=10,$K69<1000),ROUND($K69,-1),0) -> 10 | R69: =IF($K69>=1000,ROUND($K69,-2),0) -> 0
D70: 砂質土 | F70: 機械 | K70: =SUM(I70:J70) -> 0 | L70: =SUM(O70:R70) -> 0 | O70: =IF($K70<1,ROUND($K70,1),0) -> 0 | P70: =IF(AND($K70>=1,$K70<10),ROUND($K70,0),0) -> 0 | Q70: =IF(AND($K70>=10,$K70<1000),ROUND($K70,-1),0) -> 0 | R70: =IF($K70>=1000,ROUND($K70,-2),0) -> 0
C71: 土砂運搬 （現場～仮置場） | D71: =T71 -> 土砂 | F71: 人力 | G71: =V71 -> 4.2 | K71: =SUM(I71:J71) -> 0 | L71: =SUM(O71:R71) -> 0 | O71: =IF($K71<1,ROUND($K71,1),0) -> 0 | P71: =IF(AND($K71>=1,$K71<10),ROUND($K71,0),0) -> 0 | Q71: =IF($K71>=10,ROUND($K71,-1),0) -> 0 | T71: 土砂 | U71: 人力 | V71: 4.2 | W71: ㎞
D72: =T72 -> 土砂 | F72: 機械 | G72: =V72 -> 4.2 | K72: =SUM(I72:J72) -> 0 | L72: =SUM(O72:R72) -> 0 | O72: =IF($K72<1,ROUND($K72,1),0) -> 0 | P72: =IF(AND($K72>=1,$K72<10),ROUND($K72,0),0) -> 0 | Q72: =IF($K72>=10,ROUND($K72,-1),0) -> 0 | T72: 土砂 | U72: 0.35 | V72: 4.2 | W72: ㎞
D73: =T73 -> 土砂 | F73: 機械 | G73: =V73 -> 4.2 | K73: =SUM(I73:J73) -> 0 | L73: =SUM(O73:R73) -> 0 | O73: =IF($K73<1,ROUND($K73,1),0) -> 0 | P73: =IF(AND($K73>=1,$K73<10),ROUND($K73,0),0) -> 0 | Q73: =IF($K73>=10,ROUND($K73,-1),0) -> 0 | T73: 土砂 | U73: 0.6 | V73: 4.2 | W73: ㎞
B74: 数量総括表（舗装工事-2）
B75: 舗装復旧工事・舗装工事
B77: ='総括表（土工事）'!$B$6:$AA$6 -> 長田(花山町2丁目他)配水管取替工事
B78: 名 称 | D78: 摘 要 | I78: 舗装本復旧 | J78: その他 | K78: 計 | L78: 設計書 | M78: 施工厚 （As+路盤) | O78: 数値基準
O79: 0.1 | P79: 1 | Q79: 10 | R79: 100
B80: (廃路盤材) 発生土処理 | C80: 土砂運搬 （現場～処分地） | D80: =T80 -> 廃路盤材 | F80: 人力 | G80: =V80 -> 0 | K80: =SUM(I80:J80) -> 0 | L80: =SUM(O80:R80) -> 0 | O80: =IF($K80<1,ROUND($K80,1),0) -> 0 | P80: =IF(AND($K80>=1,$K80<10),ROUND($K80,0),0) -> 0 | Q80: =IF($K80>=10,ROUND($K80,-1),0) -> 0 | T80: 廃路盤材 | U80: 人力 | W80: ㎞
D81: =T81 -> 廃路盤材 | F81: 機械 | G81: =V81 -> 0 | K81: =SUM(I81:J81) -> 0 | L81: =SUM(O81:R81) -> 0 | O81: =IF($K81<1,ROUND($K81,1),0) -> 0 | P81: =IF(AND($K81>=1,$K81<10),ROUND($K81,0),0) -> 0 | Q81: =IF($K81>=10,ROUND($K81,-1),0) -> 0 | T81: 廃路盤材 | U81: 0.35 | W81: ㎞
D82: =T82 -> 廃路盤材 | F82: 機械 | G82: =V82 -> 0 | I82: 15.58 | K82: =SUM(I82:J82) -> 15.58 | L82: =SUM(O82:R82) -> 20 | O82: =IF($K82<1,ROUND($K82,1),0) -> 0 | P82: =IF(AND($K82>=1,$K82<10),ROUND($K82,0),0) -> 0 | Q82: =IF($K82>=10,ROUND($K82,-1),0) -> 20 | T82: 廃路盤材 | U82: 0.35 | W82: ㎞
D83: =T83 -> 廃路盤材 | F83: 機械 | G83: =V83 -> 0 | I83: 213.8 | K83: =SUM(I83:J83) -> 213.8 | L83: =SUM(O83:R83) -> 210 | O83: =IF($K83<1,ROUND($K83,1),0) -> 0 | P83: =IF(AND($K83>=1,$K83<10),ROUND($K83,0),0) -> 0 | Q83: =IF($K83>=10,ROUND($K83,-1),0) -> 210 | T83: 廃路盤材 | U83: 0.6 | W83: ㎞
C84: 積込み | D84: 廃路盤材 | F84: 機械 | I84: =SUM(I77:I79) -> 0 | J84: =SUM(J77:J79) -> 0 | K84: =SUM(I84:J84) -> 0 | L84: =SUM(O84:R84) -> 0 | O84: =IF($K84<1,ROUND($K84,1),0) -> 0 | P84: =IF(AND($K84>=1,$K84<10),ROUND($K84,0),0) -> 0 | Q84: =IF(AND($K84>=10,$K84<1000),ROUND($K84,-1),0) -> 0 | R84: =IF($K84>=1000,ROUND($K84,-2),0) -> 0
C85: 土砂運搬 （仮置場～処分地） | D85: =T85 -> 廃路盤材 | F85: 機械 | G85: =V85 -> 0 | I85: =I84 -> 0 | J85: =J84 -> 0 | K85: =SUM(I85:J85) -> 0 | L85: =SUM(O85:R85) -> 0 | O85: =IF($K85<1,ROUND($K85,1),0) -> 0 | P85: =IF(AND($K85>=1,$K85<10),ROUND($K85,0),0) -> 0 | Q85: =IF($K85>=10,ROUND($K85,-1),0) -> 0 | T85: 廃路盤材 | U85: 人力 | W85: ㎞
D86: =T86 -> 0 | F86: 機械 | G86: =V86 -> 0 | K86: =SUM(I86:J86) -> 0 | L86: =SUM(O86:R86) -> 0 | O86: =IF($K86<1,ROUND($K86,1),0) -> 0 | P86: =IF(AND($K86>=1,$K86<10),ROUND($K86,0),0) -> 0 | Q86: =IF($K86>=10,ROUND($K86,-1),0) -> 0 | U86: 0.6 | W86: ㎞
B87: (土砂) 発生土処理 | C87: 土砂運搬 （現場～処分地） | D87: =T87 -> 土砂 | F87: 人力 | G87: =V87 -> 0 | K87: =SUM(I87:J87) -> 0 | L87: =SUM(O87:R87) -> 0 | O87: =IF($K87<1,ROUND($K87,1),0) -> 0 | P87: =IF(AND($K87>=1,$K87<10),ROUND($K87,0),0) -> 0 | Q87: =IF($K87>=10,ROUND($K87,-1),0) -> 0 | T87: 土砂 | U87: 人力 | W87: ㎞
D88: =T88 -> 土砂 | F88: 機械 | G88: =V88 -> 0 | K88: =SUM(I88:J88) -> 0 | L88: =SUM(O88:R88) -> 0 | O88: =IF($K88<1,ROUND($K88,1),0) -> 0 | P88: =IF(AND($K88>=1,$K88<10),ROUND($K88,0),0) -> 0 | Q88: =IF($K88>=10,ROUND($K88,-1),0) -> 0 | T88: 土砂 | U88: 0.35 | W88: ㎞
D89: =T89 -> 土砂 | F89: 機械 | G89: =V89 -> 0 | I89: 12.9 | K89: =SUM(I89:J89) -> 12.9 | L89: =SUM(O89:R89) -> 10 | O89: =IF($K89<1,ROUND($K89,1),0) -> 0 | P89: =IF(AND($K89>=1,$K89<10),ROUND($K89,0),0) -> 0 | Q89: =IF($K89>=10,ROUND($K89,-1),0) -> 10 | T89: 土砂 | U89: 0.35 | W89: ㎞
D90: =T90 -> 土砂 | F90: 機械 | G90: =V90 -> 0 | K90: =SUM(I90:J90) -> 0 | L90: =SUM(O90:R90) -> 0 | O90: =IF($K90<1,ROUND($K90,1),0) -> 0 | P90: =IF(AND($K90>=1,$K90<10),ROUND($K90,0),0) -> 0 | Q90: =IF($K90>=10,ROUND($K90,-1),0) -> 0 | T90: 土砂 | U90: 0.6 | W90: ㎞
C91: 積込み | D91: 土砂 | F91: 機械 | I91: =SUM(I84:I86) -> 0 | J91: =SUM(J84:J86) -> 0 | K91: =SUM(I91:J91) -> 0 | L91: =SUM(O91:R91) -> 0 | O91: =IF($K91<1,ROUND($K91,1),0) -> 0 | P91: =IF(AND($K91>=1,$K91<10),ROUND($K91,0),0) -> 0 | Q91: =IF(AND($K91>=10,$K91<1000),ROUND($K91,-1),0) -> 0 | R91: =IF($K91>=1000,ROUND($K91,-2),0) -> 0
C92: 土砂運搬 （仮置場～処分地） | D92: =T92 -> 土砂 | F92: 機械 | G92: =V92 -> 0 | I92: =I91 -> 0 | J92: =J91 -> 0 | K92: =SUM(I92:J92) -> 0 | L92: =SUM(O92:R92) -> 0 | O92: =IF($K92<1,ROUND($K92,1),0) -> 0 | P92: =IF(AND($K92>=1,$K92<10),ROUND($K92,0),0) -> 0 | Q92: =IF($K92>=10,ROUND($K92,-1),0) -> 0 | T92: 土砂 | U92: 人力 | W92: ㎞
D93: =T93 -> 0 | F93: 機械 | G93: =V93 -> 0 | K93: =SUM(I93:J93) -> 0 | L93: =SUM(O93:R93) -> 0 | O93: =IF($K93<1,ROUND($K93,1),0) -> 0 | P93: =IF(AND($K93>=1,$K93<10),ROUND($K93,0),0) -> 0 | Q93: =IF($K93>=10,ROUND($K93,-1),0) -> 0 | U93: 0.6 | W93: ㎞
B94: 舗装復旧 | D94: 2号工 | G94: 掘削部 | H94: 3.0<W | I94: 3.92 | K94: =SUM(I94:J94) -> 3.92 | L94: =SUM(O94:R94) -> 4 | M94: 15 | O94: =IF($K94<1,ROUND($K94,1),0) -> 0 | P94: =IF(AND($K94>=1,$K94<1000),ROUND($K94,0),0) -> 4 | Q94: =IF($K94>=1000,ROUND($K94,-1),0) -> 0
D95: 2号工 | G95: 影響部 | H95: 3.0<W | I95: 40.38 | K95: =SUM(I95:J95) -> 40.38 | L95: =SUM(O95:R95) -> 40 | M95: 20 | O95: =IF($K95<1,ROUND($K95,1),0) -> 0 | P95: =IF(AND($K95>=1,$K95<1000),ROUND($K95,0),0) -> 40 | Q95: =IF($K95>=1000,ROUND($K95,-1),0) -> 0 | T95: 標 示 | U95: 内容 | V95: 実延長幅15cm | W95: 数量 | X95: 延長計 | Y95: 摘要
D96: 3 | G96: 掘削部 | H96: 3.0<W | I96: 1513.86 | K96: =SUM(I96:J96) -> 1513.86 | L96: =SUM(O96:R96) -> 1510 | M96: 10 | O96: =IF($K96<1,ROUND($K96,1),0) -> 0 | P96: =IF(AND($K96>=1,$K96<1000),ROUND($K96,0),0) -> 0 | Q96: =IF($K96>=1000,ROUND($K96,-1),0) -> 1510 | T96: ↷ | U96: 回転禁止 | V96: 12.19 | X96: =ROUNDDOWN(V96*W96,1) -> 0
D97: 3 | G97: 影響部 | H97: 3.0<W | I97: 2717.74 | K97: =SUM(I97:J97) -> 2717.74 | L97: =SUM(O97:R97) -> 2720 | M97: 15 | O97: =IF($K97<1,ROUND($K97,1),0) -> 0 | P97: =IF(AND($K97>=1,$K97<1000),ROUND($K97,0),0) -> 0 | Q97: =IF($K97>=1000,ROUND($K97,-1),0) -> 2720 | T97: × | U97: 〃 | V97: 9.47 | X97: =ROUNDDOWN(V97*W97,1) -> 0
D98: 10→10-1 | G98: 新設部 | H98: 2.4≦W | I98: 184.7 | K98: =SUM(I98:J98) -> 184.7 | L98: =SUM(O98:R98) -> 185 | M98: 19 | O98: =IF($K98<1,ROUND($K98,1),0) -> 0 | P98: =IF(AND($K98>=1,$K98<1000),ROUND($K98,0),0) -> 185 | Q98: =IF($K98>=1000,ROUND($K98,-1),0) -> 0 | T98: 20 | U98: 速度文字 | V98: 15.1 | X98: =ROUNDDOWN(V98*W98,1) -> 0
D99: 10乗→10-1乗 | G99: 掘削部 | H99: 1.4≦W<2.4 | I99: 1.8 | K99: =SUM(I99:J99) -> 1.8 | L99: =SUM(O99:R99) -> 2 | M99: 10 | O99: =IF($K99<1,ROUND($K99,1),0) -> 0 | P99: =IF(AND($K99>=1,$K99<1000),ROUND($K99,0),0) -> 2 | Q99: =IF($K99>=1000,ROUND($K99,-1),0) -> 0 | T99: 30 | U99: 〃 | V99: 15.7 | X99: =ROUNDDOWN(V99*W99,1) -> 0
D100: 10乗→10-1乗 | G100: 影響部 | H100: 1.4≦W<2.4 | I100: 13.8 | K100: =SUM(I100:J100) -> 13.8 | L100: =SUM(O100:R100) -> 14 | M100: 15 | O100: =IF($K100<1,ROUND($K100,1),0) -> 0 | P100: =IF(AND($K100>=1,$K100<1000),ROUND($K100,0),0) -> 14 | Q100: =IF($K100>=1000,ROUND($K100,-1),0) -> 0 | T100: 40 | U100: 〃 | V100: 19.1 | X100: =ROUNDDOWN(V100*W100,1) -> 0
D101: 8 | G101: 新設部 | H101: 1.4≦W<2.4 | I101: 8.1 | K101: =SUM(I101:J101) -> 8.1 | L101: =SUM(O101:R101) -> 8 | M101: 14 | O101: =IF($K101<1,ROUND($K101,1),0) -> 0 | P101: =IF(AND($K101>=1,$K101<1000),ROUND($K101,0),0) -> 8 | Q101: =IF($K101>=1000,ROUND($K101,-1),0) -> 0 | T101: 50 | U101: 〃 | V101: 17.9 | X101: =ROUNDDOWN(V101*W101,1) -> 0
K102: =SUM(I102:J102) -> 0 | L102: =SUM(O102:R102) -> 0 | O102: =IF($K102<1,ROUND($K102,1),0) -> 0 | P102: =IF(AND($K102>=1,$K102<1000),ROUND($K102,0),0) -> 0 | Q102: =IF($K102>=1000,ROUND($K102,-1),0) -> 0 | T102: 60 | U102: 〃 | V102: 21 | X102: =ROUNDDOWN(V102*W102,1) -> 0
...
